source_line,recorded_time,temperature_C,CPU_MHz,core_MHz,health_bits,Vcore_V,undervoltage_current,throttled_current,undervoltage_history,throttled_history
2,16:29:36,64.7,1500,500,01010000000000000000,0.85,0,0,1,1
3,16:29:46,65.7,1500,500,01010000000000000000,0.85,0,0,1,1
4,16:29:56,66.2,1500,500,01010000000000000000,0.85,0,0,1,1
5,16:30:06,64.7,1500,500,01010000000000000000,0.85,0,0,1,1
6,16:30:16,64.7,1500,500,01010000000000000000,0.85,0,0,1,1
7,16:30:26,63.7,1500,500,01010000000000000000,0.85,0,0,1,1
8,16:30:36,64.7,1500,500,01010000000000000000,0.85,0,0,1,1
9,16:30:47,64.7,1500,500,01010000000000000000,0.85,0,0,1,1
10,16:30:57,63.7,1500,500,01010000000000000000,0.85,0,0,1,1
11,16:31:07,65.7,1500,500,01010000000000000000,0.85,0,0,1,1
12,16:31:17,65.2,1500,500,01010000000000000000,0.85,0,0,1,1
13,16:31:27,64.7,1500,500,01010000000000000000,0.85,0,0,1,1
14,16:31:37,65.7,1500,500,01010000000000000000,0.85,0,0,1,1
15,16:31:47,64.7,1500,500,01010000000000000000,0.85,0,0,1,1
16,16:31:58,65.2,1500,500,01010000000000000000,0.85,0,0,1,1
18,16:32:08,65.2,1500,500,01010000000000000000,0.85,0,0,1,1
19,16:32:18,65.7,1500,500,01010000000000000000,0.85,0,0,1,1
20,16:32:28,65.7,1500,500,01010000000000000000,0.85,0,0,1,1
21,16:32:38,64.7,1500,500,01010000000000000000,0.85,0,0,1,1
22,16:32:48,65.2,1500,500,01010000000000000000,0.85,0,0,1,1
23,16:32:58,65.2,1500,500,01010000000000000000,0.85,0,0,1,1
24,16:33:09,66.2,1500,500,01010000000000000000,0.85,0,0,1,1
25,16:33:19,64.2,1500,500,01010000000000000000,0.85,0,0,1,1
26,16:33:29,65.2,1500,500,01010000000000000000,0.85,0,0,1,1
27,16:33:39,65.2,1500,500,01010000000000000000,0.85,0,0,1,1
28,16:33:49,66.2,1500,500,01010000000000000000,0.85,0,0,1,1
29,16:33:59,65.7,1500,500,01010000000000000000,0.85,0,0,1,1
30,16:34:09,66.2,1500,500,01010000000000000000,0.85,0,0,1,1
31,16:34:20,65.2,1500,500,01010000000000000000,0.85,0,0,1,1
32,16:34:30,65.7,1500,500,01010000000000000000,0.85,0,0,1,1
34,16:34:40,65.7,1500,500,01010000000000000000,0.85,0,0,1,1
35,16:34:50,65.2,1500,500,01010000000000000000,0.85,0,0,1,1
36,16:35:00,65.7,1500,500,01010000000000000000,0.85,0,0,1,1
37,16:35:10,64.7,1500,500,01010000000000000000,0.85,0,0,1,1
38,16:35:20,65.2,1500,500,01010000000000000000,0.85,0,0,1,1
39,16:35:30,67.2,1500,500,01010000000000000000,0.85,0,0,1,1
40,16:35:41,65.2,1500,500,01010000000000000000,0.85,0,0,1,1
41,16:35:51,66.2,1500,500,01010000000000000000,0.85,0,0,1,1
42,16:36:01,66.7,1500,500,01010000000000000000,0.85,0,0,1,1
43,16:36:11,66.2,1500,500,01010000000000000000,0.85,0,0,1,1
44,16:36:21,66.2,1500,500,01010000000000000000,0.85,0,0,1,1
45,16:36:31,66.2,1500,500,01010000000000000000,0.85,0,0,1,1
46,16:36:41,65.7,1500,500,01010000000000000000,0.85,0,0,1,1
47,16:36:52,66.2,1500,500,01010000000000000000,0.85,0,0,1,1
48,16:37:02,65.7,1500,500,01010000000000000000,0.85,0,0,1,1
50,16:37:12,65.7,1500,500,01010000000000000000,0.85,0,0,1,1
51,16:37:22,67.2,1500,500,01010000000000000000,0.85,0,0,1,1
52,16:37:32,65.7,1500,500,01010000000000000000,0.85,0,0,1,1
53,16:37:42,66.2,1500,500,01010000000000000000,0.85,0,0,1,1
54,16:37:52,66.7,1500,500,01010000000000000000,0.85,0,0,1,1
55,16:38:03,65.2,1500,500,01010000000000000000,0.85,0,0,1,1
56,16:38:13,66.2,1500,500,01010000000000000000,0.85,0,0,1,1
57,16:38:23,66.2,1500,500,01010000000000000000,0.85,0,0,1,1
58,16:38:33,66.7,1500,500,01010000000000000000,0.85,0,0,1,1
59,16:38:43,67.2,1500,500,01010000000000000000,0.85,0,0,1,1
60,16:38:53,67.2,1500,500,01010000000000000000,0.85,0,0,1,1
61,16:39:03,66.2,1500,500,01010000000000000000,0.85,0,0,1,1
62,16:39:13,66.7,1500,500,01010000000000000000,0.85,0,0,1,1
63,16:39:24,66.7,1500,500,01010000000000000000,0.85,0,0,1,1
64,16:39:34,66.7,1500,500,01010000000000000000,0.85,0,0,1,1
66,16:39:44,66.2,1500,500,01010000000000000000,0.85,0,0,1,1
67,16:39:54,67.6,1500,500,01010000000000000000,0.85,0,0,1,1
68,16:40:04,67.6,1500,500,01010000000000000000,0.85,0,0,1,1
69,16:40:14,67.2,1500,500,01010000000000000000,0.85,0,0,1,1
70,16:40:24,66.2,1500,500,01010000000000000000,0.85,0,0,1,1
71,16:40:35,66.7,1500,500,01010000000000000000,0.85,0,0,1,1
72,16:40:45,67.6,1500,500,01010000000000000000,0.85,0,0,1,1
73,16:40:55,67.6,1500,500,01010000000000000000,0.85,0,0,1,1
74,16:41:05,68.1,1500,500,01010000000000000000,0.85,0,0,1,1
75,16:41:15,67.6,1500,500,01010000000000000000,0.85,0,0,1,1
76,16:41:25,67.2,1500,500,01010000000000000000,0.85,0,0,1,1
77,16:41:35,67.6,1500,500,01010000000000000000,0.85,0,0,1,1
78,16:41:46,65.7,1500,500,01010000000000000000,0.85,0,0,1,1
79,16:41:56,67.2,1500,500,01010000000000000000,0.85,0,0,1,1
80,16:42:06,67.2,1500,500,01010000000000000000,0.85,0,0,1,1
82,16:42:16,68.1,1500,500,01010000000000000000,0.85,0,0,1,1
83,16:42:26,68.1,1500,500,01010000000000000000,0.85,0,0,1,1
84,16:42:36,67.2,1500,500,01010000000000000000,0.85,0,0,1,1
85,16:42:46,68.1,1500,500,01010000000000000000,0.85,0,0,1,1
86,16:42:56,67.6,1500,500,01010000000000000000,0.85,0,0,1,1
87,16:43:07,67.6,1500,500,01010000000000000000,0.85,0,0,1,1
88,16:43:17,67.2,1500,500,01010000000000000000,0.85,0,0,1,1
89,16:43:27,69.1,1500,500,01010000000000000000,0.85,0,0,1,1
90,16:43:37,69.1,1500,500,01010000000000000000,0.85,0,0,1,1
91,16:43:47,68.6,1500,500,01010000000000000000,0.85,0,0,1,1
92,16:43:57,68.6,1500,500,01010000000000000000,0.85,0,0,1,1
93,16:44:07,68.1,1500,500,01010000000000000000,0.85,0,0,1,1
94,16:44:18,67.2,1500,500,01010000000000000000,0.85,0,0,1,1
95,16:44:28,68.1,1500,500,01010000000000000000,0.85,0,0,1,1
96,16:44:38,68.1,1500,500,01010000000000000000,0.85,0,0,1,1
98,16:44:48,68.6,1500,500,01010000000000000000,0.85,0,0,1,1
99,16:44:58,69.6,1500,500,01010000000000000000,0.85,0,0,1,1
100,16:45:08,68.6,1500,500,01010000000000000000,0.85,0,0,1,1
101,16:45:18,68.1,1500,500,01010000000000000000,0.85,0,0,1,1
102,16:45:29,68.6,1500,500,01010000000000000000,0.85,0,0,1,1
103,16:45:39,69.1,1500,500,01010000000000000000,0.85,0,0,1,1
104,16:45:49,68.6,1500,500,01010000000000000000,0.85,0,0,1,1
105,16:45:59,68.6,1500,500,01010000000000000000,0.85,0,0,1,1
106,16:46:09,69.1,1500,500,01010000000000000000,0.85,0,0,1,1
107,16:46:19,69.1,1500,500,01010000000000000000,0.85,0,0,1,1
108,16:46:30,68.6,600,200,01010000000000000101,0.85,1,1,1,1
109,16:46:40,67.6,1500,500,01010000000000000000,0.85,0,0,1,1
110,16:46:50,68.6,1500,500,01010000000000000000,0.85,0,0,1,1
111,16:47:00,68.6,1500,500,01010000000000000000,0.85,0,0,1,1
112,16:47:10,68.1,1500,500,01010000000000000000,0.85,0,0,1,1
114,16:47:20,69.1,1500,500,01010000000000000000,0.85,0,0,1,1
115,16:47:30,68.6,1500,500,01010000000000000000,0.85,0,0,1,1
116,16:47:41,69.1,1500,500,01010000000000000000,0.85,0,0,1,1
117,16:47:51,69.6,1500,500,01010000000000000000,0.85,0,0,1,1
118,16:48:01,68.6,1500,500,01010000000000000000,0.85,0,0,1,1
119,16:48:11,68.6,1500,500,01010000000000000000,0.85,0,0,1,1
120,16:48:21,69.6,1500,500,01010000000000000000,0.85,0,0,1,1
121,16:48:31,67.6,600,200,01010000000000000101,0.85,1,1,1,1
122,16:48:42,68.6,600,200,01010000000000000101,0.85,1,1,1,1
123,16:48:52,69.1,1500,500,01010000000000000000,0.85,0,0,1,1
124,16:49:02,68.6,1500,500,01010000000000000000,0.85,0,0,1,1
125,16:49:12,69.6,1500,500,01010000000000000000,0.85,0,0,1,1
126,16:49:22,69.1,1500,500,01010000000000000000,0.85,0,0,1,1
127,16:49:33,69.6,1500,500,01010000000000000000,0.85,0,0,1,1
128,16:49:43,69.6,600,200,01010000000000000101,0.85,1,1,1,1
130,16:49:53,70.1,1500,500,01010000000000000000,0.85,0,0,1,1
131,16:50:03,68.6,1500,500,01010000000000000000,0.85,0,0,1,1
132,16:50:13,70.6,1500,500,01010000000000000000,0.85,0,0,1,1
133,16:50:23,69.1,1500,500,01010000000000000000,0.85,0,0,1,1
134,16:50:34,69.1,1500,500,01010000000000000000,0.85,0,0,1,1
135,16:50:44,67.6,1500,500,01010000000000000000,0.85,0,0,1,1
136,16:50:54,68.6,1500,500,01010000000000000101,0.85,1,1,1,1
137,16:51:04,70.1,1500,500,01010000000000000000,0.85,0,0,1,1
138,16:51:14,68.1,600,200,01010000000000000101,0.85,1,1,1,1
139,16:51:25,69.1,1500,500,01010000000000000000,0.85,0,0,1,1
140,16:51:35,69.6,1500,500,01010000000000000000,0.85,0,0,1,1
141,16:51:45,68.6,600,200,01010000000000000101,0.85,1,1,1,1
142,16:51:55,70.6,1500,500,01010000000000000000,0.85,0,0,1,1
143,16:52:05,69.1,1500,500,01010000000000000000,0.85,0,0,1,1
144,16:52:16,70.6,1500,500,01010000000000000000,0.85,0,0,1,1
146,16:52:26,70.1,1500,500,01010000000000000000,0.85,0,0,1,1
147,16:52:36,70.6,1500,500,01010000000000000000,0.85,0,0,1,1
148,16:52:46,69.6,1500,500,01010000000000000000,0.85,0,0,1,1
149,16:52:56,70.6,1500,500,01010000000000000000,0.85,0,0,1,1
150,16:53:06,70.1,1500,500,01010000000000000000,0.85,0,0,1,1
151,16:53:16,69.6,1500,500,01010000000000000000,0.85,0,0,1,1
152,16:53:27,70.1,600,200,01010000000000000101,0.85,1,1,1,1
153,16:53:37,68.6,600,200,01010000000000000101,0.85,1,1,1,1
154,16:53:47,68.6,1500,500,01010000000000000000,0.85,0,0,1,1
155,16:53:57,70.6,1500,500,01010000000000000000,0.85,0,0,1,1
156,16:54:07,68.6,1500,500,01010000000000000000,0.85,0,0,1,1
157,16:54:18,69.6,1500,500,01010000000000000000,0.85,0,0,1,1
158,16:54:28,70.6,600,200,01010000000000000101,0.85,1,1,1,1
159,16:54:38,70.6,1500,500,01010000000000000000,0.85,0,0,1,1
160,16:54:48,70.6,1500,500,01010000000000000000,0.85,0,0,1,1
162,16:54:58,71.5,1500,500,01010000000000000000,0.85,0,0,1,1
163,16:55:08,70.6,1500,500,01010000000000000000,0.85,0,0,1,1
164,16:55:19,70.6,1500,500,01010000000000000000,0.85,0,0,1,1
165,16:55:29,69.1,600,200,01010000000000000101,0.85,1,1,1,1
166,16:55:39,71.1,1500,500,01010000000000000000,0.85,0,0,1,1
167,16:55:49,69.1,1500,500,01010000000000000101,0.85,1,1,1,1
168,16:56:00,69.6,600,200,01010000000000000101,0.85,1,1,1,1
169,16:56:10,70.1,1500,500,01010000000000000000,0.85,0,0,1,1
170,16:56:20,70.6,1500,500,01010000000000000000,0.85,0,0,1,1
171,16:56:30,70.6,1500,500,01010000000000000000,0.85,0,0,1,1
172,16:56:40,70.6,1500,500,01010000000000000000,0.85,0,0,1,1
173,16:56:50,71.1,1500,500,01010000000000000000,0.85,0,0,1,1
174,16:57:01,71.1,1500,500,01010000000000000000,0.85,0,0,1,1
175,16:57:11,69.6,1500,500,01010000000000000000,0.85,0,0,1,1
176,16:57:21,70.1,1500,500,01010000000000000000,0.85,0,0,1,1
178,16:57:31,70.1,600,200,01010000000000000101,0.85,1,1,1,1
179,16:57:41,71.1,1500,500,01010000000000000000,0.85,0,0,1,1
180,16:57:51,70.1,1500,500,01010000000000000000,0.85,0,0,1,1
181,16:58:02,70.6,1500,500,01010000000000000000,0.85,0,0,1,1
182,16:58:12,71.1,1500,500,01010000000000000000,0.85,0,0,1,1
183,16:58:22,70.1,1500,500,01010000000000000000,0.85,0,0,1,1
184,16:58:32,69.1,600,200,01010000000000000101,0.85,1,1,1,1
185,16:58:43,69.1,600,200,01010000000000000101,0.85,1,1,1,1
186,16:58:53,69.1,600,200,01010000000000000101,0.85,1,1,1,1
187,16:59:03,70.6,1500,500,01010000000000000000,0.85,0,0,1,1
188,16:59:13,68.6,600,200,01010000000000000101,0.85,1,1,1,1
189,16:59:24,70.6,1500,500,01010000000000000000,0.85,0,0,1,1
190,16:59:34,70.1,600,200,01010000000000000101,0.85,1,1,1,1
191,16:59:44,70.1,600,200,01010000000000000101,0.85,1,1,1,1
192,16:59:54,70.1,1500,500,01010000000000000000,0.85,0,0,1,1
194,17:00:05,70.1,600,200,01010000000000000101,0.85,1,1,1,1
195,17:00:15,69.6,600,200,01010000000000000101,0.85,1,1,1,1
196,17:00:25,71.5,1500,500,01010000000000000000,0.85,0,0,1,1
197,17:00:35,71.1,1500,500,01010000000000000000,0.85,0,0,1,1
198,17:00:46,70.1,600,200,01010000000000000101,0.85,1,1,1,1
199,17:00:56,70.1,600,200,01010000000000000101,0.85,1,1,1,1
200,17:01:06,70.6,1500,500,01010000000000000000,0.85,0,0,1,1
201,17:01:16,70.6,1500,500,01010000000000000000,0.85,0,0,1,1
202,17:01:27,70.6,1500,500,01010000000000000000,0.85,0,0,1,1
203,17:01:37,71.1,1500,500,01010000000000000000,0.85,0,0,1,1
204,17:01:47,68.6,600,200,01010000000000000101,0.85,1,1,1,1
205,17:01:57,71.1,600,200,01010000000000000101,0.85,1,1,1,1
206,17:02:08,70.6,600,200,01010000000000000101,0.85,1,1,1,1
207,17:02:18,70.1,1500,500,01010000000000000000,0.85,0,0,1,1
208,17:02:28,69.6,600,200,01010000000000000101,0.85,1,1,1,1
210,17:02:38,71.1,1500,500,01010000000000000000,0.85,0,0,1,1
211,17:02:48,71.5,1500,500,01010000000000000000,0.85,0,0,1,1
212,17:02:59,71.5,1500,500,01010000000000000000,0.85,0,0,1,1
213,17:03:09,70.6,1500,500,01010000000000000000,0.85,0,0,1,1
214,17:03:19,71.5,1500,500,01010000000000000000,0.85,0,0,1,1
215,17:03:29,69.6,600,500,01010000000000000101,0.85,1,1,1,1
216,17:03:39,70.1,1500,500,01010000000000000000,0.85,0,0,1,1
217,17:03:50,69.6,600,200,01010000000000000101,0.85,1,1,1,1
218,17:04:00,69.6,600,200,01010000000000000101,0.85,1,1,1,1
219,17:04:10,71.1,1500,500,01010000000000000000,0.85,0,0,1,1
220,17:04:20,69.6,600,200,01010000000000000101,0.85,1,1,1,1
221,17:04:31,71.1,600,200,01010000000000000101,0.85,1,1,1,1
222,17:04:41,71.1,1500,500,01010000000000000000,0.85,0,0,1,1
223,17:04:51,70.1,1500,500,01010000000000000000,0.85,0,0,1,1
224,17:05:01,70.6,600,200,01010000000000000101,0.85,1,1,1,1
226,17:05:12,70.6,600,200,01010000000000000101,0.85,1,1,1,1
227,17:05:22,71.1,1500,500,01010000000000000000,0.85,0,0,1,1
228,17:05:32,70.1,1500,500,01010000000000000000,0.85,0,0,1,1
229,17:05:42,70.6,1500,500,01010000000000000000,0.85,0,0,1,1
230,17:05:52,70.1,1500,500,01010000000000000000,0.85,0,0,1,1
231,17:06:02,71.1,1500,500,01010000000000000000,0.85,0,0,1,1
232,17:06:13,71.1,600,200,01010000000000000101,0.85,1,1,1,1
233,17:06:23,70.6,600,200,01010000000000000101,0.85,1,1,1,1
234,17:06:34,71.1,600,200,01010000000000000101,0.85,1,1,1,1
235,17:06:44,69.1,600,200,01010000000000000101,0.85,1,1,1,1
236,17:06:54,70.1,600,200,01010000000000000101,0.85,1,1,1,1
237,17:07:04,71.1,1500,500,01010000000000000000,0.85,0,0,1,1
238,17:07:15,70.6,1500,500,01010000000000000000,0.85,0,0,1,1
239,17:07:25,69.6,600,200,01010000000000000101,0.85,1,1,1,1
240,17:07:35,70.6,600,200,01010000000000000101,0.85,1,1,1,1
242,17:07:45,71.1,600,200,01010000000000000101,0.85,1,1,1,1
243,17:07:56,71.1,1500,500,01010000000000000000,0.85,0,0,1,1
244,17:08:06,71.5,1500,500,01010000000000000000,0.85,0,0,1,1
245,17:08:16,70.6,600,200,01010000000000000101,0.85,1,1,1,1
246,17:08:27,70.6,600,200,01010000000000000101,0.85,1,1,1,1
247,17:08:37,72.0,600,200,01010000000000000101,0.85,1,1,1,1
248,17:08:47,71.1,600,200,01010000000000000101,0.85,1,1,1,1
249,17:08:58,71.1,600,200,01010000000000000101,0.85,1,1,1,1
250,17:09:08,73.0,1500,500,01010000000000000000,0.85,0,0,1,1
251,17:09:18,71.1,1500,500,01010000000000000000,0.85,0,0,1,1
252,17:09:28,72.5,1500,500,01010000000000000000,0.85,0,0,1,1
253,17:09:38,71.5,600,200,01010000000000000000,0.85,0,0,1,1
254,17:09:49,70.1,600,200,01010000000000000101,0.85,1,1,1,1
255,17:09:59,72.0,600,200,01010000000000000101,0.85,1,1,1,1
256,17:10:09,72.0,1500,500,01010000000000000000,0.85,0,0,1,1
258,17:10:19,70.6,1500,500,01010000000000000000,0.85,0,0,1,1
259,17:10:30,71.1,600,200,01010000000000000101,0.85,1,1,1,1
260,17:10:40,71.1,600,200,01010000000000000101,0.85,1,1,1,1
261,17:10:50,71.5,600,200,01010000000000000101,0.85,1,1,1,1
262,17:11:01,72.5,1500,200,01010000000000000000,0.85,0,0,1,1
263,17:11:11,70.6,600,200,01010000000000000101,0.85,1,1,1,1
264,17:11:21,70.6,600,200,01010000000000000101,0.85,1,1,1,1
265,17:11:32,72.0,600,200,01010000000000000101,0.85,1,1,1,1
266,17:11:42,71.1,600,200,01010000000000000101,0.85,1,1,1,1
267,17:11:52,71.1,600,200,01010000000000000101,0.85,1,1,1,1
268,17:12:03,71.5,600,200,01010000000000000101,0.85,1,1,1,1
269,17:12:13,70.1,600,200,01010000000000000101,0.85,1,1,1,1
270,17:12:23,72.0,600,200,01010000000000000101,0.85,1,1,1,1
271,17:12:34,72.5,1500,500,01010000000000000000,0.85,0,0,1,1
272,17:12:44,71.5,600,200,01010000000000000101,0.85,1,1,1,1
274,17:12:54,70.6,1500,500,01010000000000000000,0.85,0,0,1,1
275,17:13:04,71.1,600,200,01010000000000000101,0.85,1,1,1,1
276,17:13:15,70.1,600,200,01010000000000000101,0.85,1,1,1,1
277,17:13:25,72.0,1500,500,01010000000000000000,0.85,0,0,1,1
278,17:13:35,72.0,600,200,01010000000000000101,0.85,1,1,1,1
279,17:13:45,72.0,1500,500,01010000000000000000,0.85,0,0,1,1
280,17:13:56,70.1,600,200,01010000000000000101,0.85,1,1,1,1
281,17:14:06,72.0,1500,500,01010000000000000000,0.85,0,0,1,1
282,17:14:16,71.1,600,200,01010000000000000101,0.85,1,1,1,1
283,17:14:27,70.6,600,200,01010000000000000101,0.85,1,1,1,1
284,17:14:37,72.0,600,200,01010000000000000101,0.85,1,1,1,1
285,17:14:47,70.6,600,200,01010000000000000101,0.85,1,1,1,1
286,17:14:58,71.5,600,200,01010000000000000101,0.85,1,1,1,1
287,17:15:08,72.0,1500,500,01010000000000000000,0.85,0,0,1,1
288,17:15:18,71.5,1500,500,01010000000000000000,0.85,0,0,1,1
290,17:15:28,72.0,600,200,01010000000000000101,0.85,1,1,1,1
291,17:15:39,70.6,600,200,01010000000000000101,0.85,1,1,1,1
292,17:15:49,71.1,1500,500,01010000000000000000,0.85,0,0,1,1
293,17:15:59,71.1,600,200,01010000000000000101,0.85,1,1,1,1
294,17:16:09,71.5,600,200,01010000000000000101,0.85,1,1,1,1
295,17:16:20,71.5,600,200,01010000000000000101,0.85,1,1,1,1
296,17:16:30,71.5,600,200,01010000000000000101,0.85,1,1,1,1
297,17:16:41,71.5,600,200,01010000000000000101,0.85,1,1,1,1
298,17:16:51,72.5,600,200,01010000000000000101,0.85,1,1,1,1
299,17:17:01,72.5,1500,500,01010000000000000000,0.85,0,0,1,1
300,17:17:12,73.0,600,200,01010000000000000101,0.85,1,1,1,1
301,17:17:22,72.5,1500,200,01010000000000000000,0.85,0,0,1,1
302,17:17:32,71.1,600,200,01010000000000000101,0.85,1,1,1,1
303,17:17:43,71.5,600,200,01010000000000000101,0.85,1,1,1,1
304,17:17:53,71.5,600,200,01010000000000000101,0.85,1,1,1,1
306,17:18:03,72.5,1500,500,01010000000000000000,0.85,0,0,1,1
307,17:18:13,71.5,600,200,01010000000000000101,0.85,1,1,1,1
308,17:18:24,72.0,600,200,01010000000000000101,0.85,1,1,1,1
309,17:18:34,71.1,600,200,01010000000000000101,0.85,1,1,1,1
310,17:18:44,71.1,600,200,01010000000000000101,0.85,1,1,1,1
311,17:18:55,71.5,1000,333,01010000000000000000,0.85,0,0,1,1
312,17:19:05,71.1,1500,500,01010000000000000000,0.85,0,0,1,1
313,17:19:15,71.1,600,200,01010000000000000101,0.85,1,1,1,1
314,17:19:25,71.1,600,200,01010000000000000101,0.85,1,1,1,1
315,17:19:36,71.5,600,200,01010000000000000101,0.85,1,1,1,1
316,17:19:46,71.5,600,200,01010000000000000101,0.85,1,1,1,1
317,17:19:56,72.0,1500,500,01010000000000000000,0.85,0,0,1,1
318,17:20:07,71.5,600,200,01010000000000000101,0.85,1,1,1,1
319,17:20:17,71.5,600,200,01010000000000000101,0.85,1,1,1,1
320,17:20:27,71.1,600,200,01010000000000000101,0.85,1,1,1,1
322,17:20:38,71.5,600,200,01010000000000000101,0.85,1,1,1,1
323,17:20:48,71.1,600,200,01010000000000000101,0.85,1,1,1,1
324,17:20:59,71.1,600,200,01010000000000000101,0.85,1,1,1,1
325,17:21:09,71.5,1500,500,01010000000000000000,0.85,0,0,1,1
326,17:21:19,72.0,1500,500,01010000000000000000,0.85,0,0,1,1
327,17:21:29,71.1,600,200,01010000000000000101,0.85,1,1,1,1
328,17:21:40,70.6,600,200,01010000000000000101,0.85,1,1,1,1
329,17:21:50,70.1,600,200,01010000000000000101,0.85,1,1,1,1
330,17:22:00,71.1,600,200,01010000000000000101,0.85,1,1,1,1
331,17:22:11,71.5,600,200,01010000000000000101,0.85,1,1,1,1
332,17:22:21,71.5,1500,500,01010000000000000000,0.85,0,0,1,1
333,17:22:31,71.1,600,200,01010000000000000101,0.85,1,1,1,1
334,17:22:41,71.1,600,200,01010000000000000101,0.85,1,1,1,1
335,17:22:52,71.5,600,200,01010000000000000101,0.85,1,1,1,1
336,17:23:02,72.5,1500,500,01010000000000000000,0.85,0,0,1,1
338,17:23:12,72.0,600,200,01010000000000000101,0.85,1,1,1,1
339,17:23:22,73.0,1500,500,01010000000000000000,0.85,0,0,1,1
340,17:23:33,70.6,600,200,01010000000000000101,0.85,1,1,1,1
341,17:23:43,72.0,600,200,01010000000000000101,0.85,1,1,1,1
342,17:23:53,72.0,1500,500,01010000000000000000,0.85,0,0,1,1
343,17:24:04,71.1,600,200,01010000000000000101,0.85,1,1,1,1
344,17:24:14,71.5,600,200,01010000000000000101,0.85,1,1,1,1
345,17:24:24,71.1,600,200,01010000000000000101,0.85,1,1,1,1
346,17:24:35,72.5,1500,500,01010000000000000000,0.85,0,0,1,1
347,17:24:45,72.0,600,200,01010000000000000101,0.85,1,1,1,1
348,17:24:55,71.5,600,200,01010000000000000101,0.85,1,1,1,1
349,17:25:05,72.0,1500,500,01010000000000000101,0.85,1,1,1,1
350,17:25:16,71.5,600,200,01010000000000000101,0.85,1,1,1,1
351,17:25:26,71.1,600,200,01010000000000000101,0.85,1,1,1,1
352,17:25:37,71.1,600,500,01010000000000000101,0.85,1,1,1,1
354,17:25:47,71.5,600,200,01010000000000000101,0.85,1,1,1,1
355,17:25:57,73.0,1500,500,01010000000000000000,0.85,0,0,1,1
356,17:26:07,72.0,600,200,01010000000000000101,0.85,1,1,1,1
357,17:26:18,72.0,600,200,01010000000000000101,0.85,1,1,1,1
358,17:26:28,71.5,600,200,01010000000000000101,0.85,1,1,1,1
359,17:26:39,72.0,600,200,01010000000000000101,0.85,1,1,1,1
360,17:26:49,72.5,600,200,01010000000000000101,0.85,1,1,1,1
361,17:26:59,70.6,1500,500,01010000000000000000,0.85,0,0,1,1
362,17:27:09,71.5,600,200,01010000000000000101,0.85,1,1,1,1
363,17:27:20,70.6,600,200,01010000000000000101,0.85,1,1,1,1
364,17:27:30,72.0,600,200,01010000000000000101,0.85,1,1,1,1
365,17:27:40,72.5,600,200,01010000000000000101,0.85,1,1,1,1
366,17:27:51,71.1,600,200,01010000000000000101,0.85,1,1,1,1
367,17:28:01,70.6,600,200,01010000000000000101,0.85,1,1,1,1
368,17:28:11,72.5,600,200,01010000000000000101,0.85,1,1,1,1
370,17:28:22,71.5,600,200,01010000000000000101,0.85,1,1,1,1
371,17:28:32,72.0,600,200,01010000000000000101,0.85,1,1,1,1
372,17:28:43,73.5,600,200,01010000000000000101,0.85,1,1,1,1
373,17:28:53,71.5,600,200,01010000000000000101,0.85,1,1,1,1
374,17:29:03,72.5,600,200,01010000000000000101,0.85,1,1,1,1
375,17:29:14,72.5,600,200,01010000000000000101,0.85,1,1,1,1
376,17:29:24,72.5,600,200,01010000000000000101,0.85,1,1,1,1
377,17:29:34,72.0,1500,500,01010000000000000000,0.85,0,0,1,1
378,17:29:45,72.0,600,200,01010000000000000101,0.85,1,1,1,1
379,17:29:55,73.0,600,200,01010000000000000101,0.85,1,1,1,1
380,17:30:05,71.1,600,200,01010000000000000101,0.85,1,1,1,1
381,17:30:16,72.0,600,200,01010000000000000101,0.85,1,1,1,1
382,17:30:26,72.0,600,200,01010000000000000101,0.85,1,1,1,1
383,17:30:36,72.5,600,200,01010000000000000101,0.85,1,1,1,1
384,17:30:47,72.0,600,200,01010000000000000101,0.85,1,1,1,1
386,17:30:57,71.5,600,200,01010000000000000101,0.85,1,1,1,1
387,17:31:07,71.1,600,200,01010000000000000101,0.85,1,1,1,1
388,17:31:18,72.0,600,200,01010000000000000101,0.85,1,1,1,1
389,17:31:28,72.0,600,200,01010000000000000101,0.85,1,1,1,1
390,17:31:38,73.0,1500,500,01010000000000000000,0.85,0,0,1,1
391,17:31:48,72.5,600,200,01010000000000000101,0.85,1,1,1,1
392,17:31:59,71.5,600,200,01010000000000000101,0.85,1,1,1,1
393,17:32:09,71.5,1500,500,01010000000000000000,0.85,0,0,1,1
394,17:32:19,72.5,1500,500,01010000000000000000,0.85,0,0,1,1
395,17:32:29,72.0,1500,500,01010000000000000101,0.85,1,1,1,1
396,17:32:40,71.5,600,200,01010000000000000101,0.85,1,1,1,1
397,17:32:50,72.0,1500,500,01010000000000000000,0.85,0,0,1,1
398,17:33:00,72.0,600,200,01010000000000000101,0.85,1,1,1,1
399,17:33:11,71.5,600,200,01010000000000000101,0.85,1,1,1,1
400,17:33:21,71.5,600,200,01010000000000000101,0.85,1,1,1,1
402,17:33:31,72.0,600,200,01010000000000000101,0.85,1,1,1,1
403,17:33:42,71.5,600,200,01010000000000000101,0.85,1,1,1,1
404,17:33:52,72.0,1500,500,01010000000000000000,0.85,0,0,1,1
405,17:34:02,73.0,1500,500,01010000000000000000,0.85,0,0,1,1
406,17:34:12,72.0,600,200,01010000000000000000,0.85,0,0,1,1
407,17:34:23,71.1,600,200,01010000000000000101,0.85,1,1,1,1
408,17:34:33,72.5,1500,500,01010000000000000000,0.85,0,0,1,1
409,17:34:43,71.5,600,200,01010000000000000101,0.85,1,1,1,1
410,17:34:53,73.5,1500,500,01010000000000000000,0.85,0,0,1,1
411,17:35:04,71.1,600,200,01010000000000000101,0.85,1,1,1,1
412,17:35:14,71.5,600,200,01010000000000000101,0.85,1,1,1,1
413,17:35:24,72.0,600,200,01010000000000000101,0.85,1,1,1,1
414,17:35:35,72.0,1500,500,01010000000000000000,0.85,0,0,1,1
415,17:35:45,73.0,600,200,01010000000000000101,0.85,1,1,1,1
416,17:35:55,71.5,600,200,01010000000000000101,0.85,1,1,1,1
418,17:36:06,71.5,600,200,01010000000000000101,0.85,1,1,1,1
419,17:36:16,73.0,600,200,01010000000000000101,0.85,1,1,1,1
420,17:36:26,72.5,1500,500,01010000000000000000,0.85,0,0,1,1
421,17:36:37,71.5,600,200,01010000000000000101,0.85,1,1,1,1
422,17:36:47,73.5,1500,500,01010000000000000000,0.85,0,0,1,1
423,17:36:57,71.5,600,200,01010000000000000101,0.85,1,1,1,1
424,17:37:07,73.5,1500,500,01010000000000000000,0.85,0,0,1,1
425,17:37:17,72.0,1500,500,01010000000000000101,0.85,1,1,1,1
426,17:37:28,72.0,600,200,01010000000000000101,0.85,1,1,1,1
427,17:37:38,72.5,1500,500,01010000000000000000,0.85,0,0,1,1
428,17:37:48,72.5,600,200,01010000000000000101,0.85,1,1,1,1
429,17:37:59,71.5,600,500,01010000000000000101,0.85,1,1,1,1
430,17:38:09,72.5,600,200,01010000000000000101,0.85,1,1,1,1
431,17:38:19,73.5,1500,500,01010000000000000000,0.85,0,0,1,1
432,17:38:29,72.5,600,200,01010000000000000101,0.85,1,1,1,1
434,17:38:40,72.0,1500,500,01010000000000000000,0.85,0,0,1,1
435,17:38:50,71.5,600,200,01010000000000000101,0.85,1,1,1,1
436,17:39:00,71.5,600,200,01010000000000000101,0.85,1,1,1,1
437,17:39:11,72.5,600,200,01010000000000000101,0.85,1,1,1,1
438,17:39:21,72.0,600,200,01010000000000000101,0.85,1,1,1,1
439,17:39:31,71.5,600,200,01010000000000000101,0.85,1,1,1,1
440,17:39:42,72.5,600,200,01010000000000000101,0.85,1,1,1,1
441,17:39:52,72.0,600,200,01010000000000000101,0.85,1,1,1,1
442,17:40:02,71.1,600,200,01010000000000000101,0.85,1,1,1,1
443,17:40:13,72.5,600,200,01010000000000000101,0.85,1,1,1,1
444,17:40:23,72.0,600,200,01010000000000000101,0.85,1,1,1,1
445,17:40:33,72.0,1500,500,01010000000000000000,0.85,0,0,1,1
446,17:40:44,72.0,600,200,01010000000000000101,0.85,1,1,1,1
447,17:40:54,72.5,600,200,01010000000000000101,0.85,1,1,1,1
448,17:41:04,73.0,600,200,01010000000000000101,0.85,1,1,1,1
450,17:41:15,72.0,600,200,01010000000000000101,0.85,1,1,1,1
451,17:41:25,71.5,600,200,01010000000000000101,0.85,1,1,1,1
452,17:41:35,73.0,600,200,01010000000000000101,0.85,1,1,1,1
453,17:41:46,72.5,600,200,01010000000000000101,0.85,1,1,1,1
454,17:41:56,72.0,600,200,01010000000000000101,0.85,1,1,1,1
455,17:42:06,72.0,600,200,01010000000000000101,0.85,1,1,1,1
456,17:42:17,72.0,600,200,01010000000000000101,0.85,1,1,1,1
457,17:42:27,72.5,600,200,01010000000000000101,0.85,1,1,1,1
458,17:42:38,71.5,600,200,01010000000000000101,0.85,1,1,1,1
459,17:42:48,73.0,600,200,01010000000000000101,0.85,1,1,1,1
460,17:42:58,72.0,600,200,01010000000000000101,0.85,1,1,1,1
461,17:43:08,73.0,1500,500,01010000000000000000,0.85,0,0,1,1
462,17:43:19,72.5,600,200,01010000000000000101,0.85,1,1,1,1
463,17:43:29,72.5,600,200,01010000000000000101,0.85,1,1,1,1
464,17:43:39,72.5,600,200,01010000000000000101,0.85,1,1,1,1
466,17:43:50,71.5,600,200,01010000000000000101,0.85,1,1,1,1
467,17:44:00,72.5,600,200,01010000000000000101,0.85,1,1,1,1
468,17:44:10,72.5,1500,500,01010000000000000000,0.85,0,0,1,1
469,17:44:21,72.0,600,200,01010000000000000101,0.85,1,1,1,1
470,17:44:31,73.5,600,200,01010000000000000101,0.85,1,1,1,1
471,17:44:41,72.5,600,200,01010000000000000101,0.85,1,1,1,1
472,17:44:52,71.5,600,200,01010000000000000101,0.85,1,1,1,1
473,17:45:02,71.5,1500,500,01010000000000000000,0.85,0,0,1,1
474,17:45:12,73.0,600,200,01010000000000000101,0.85,1,1,1,1
475,17:45:23,72.5,600,200,01010000000000000101,0.85,1,1,1,1
476,17:45:33,72.5,1500,500,01010000000000000000,0.85,0,0,1,1
477,17:45:43,72.0,600,200,01010000000000000101,0.85,1,1,1,1
478,17:45:54,72.5,600,200,01010000000000000101,0.85,1,1,1,1
479,17:46:04,71.5,600,200,01010000000000000101,0.85,1,1,1,1
480,17:46:14,73.0,600,200,01010000000000000101,0.85,1,1,1,1
482,17:46:25,72.0,600,200,01010000000000000101,0.85,1,1,1,1
483,17:46:35,72.5,600,200,01010000000000000101,0.85,1,1,1,1
484,17:46:45,73.5,1500,500,01010000000000000000,0.85,0,0,1,1
485,17:46:55,72.5,600,200,01010000000000000101,0.85,1,1,1,1
486,17:47:06,74.0,1500,500,01010000000000000000,0.85,0,0,1,1
487,17:47:16,73.0,600,200,01010000000000000101,0.85,1,1,1,1
488,17:47:26,73.0,600,200,01010000000000000101,0.85,1,1,1,1
489,17:47:37,72.5,600,500,01010000000000000101,0.85,1,1,1,1
490,17:47:47,72.5,600,200,01010000000000000101,0.85,1,1,1,1
491,17:47:57,72.5,600,200,01010000000000000101,0.85,1,1,1,1
492,17:48:08,72.5,600,200,01010000000000000101,0.85,1,1,1,1
493,17:48:18,73.0,600,200,01010000000000000101,0.85,1,1,1,1
494,17:48:28,72.5,600,200,01010000000000000101,0.85,1,1,1,1
495,17:48:39,72.5,600,200,01010000000000000101,0.85,1,1,1,1
496,17:48:49,72.5,600,500,01010000000000000101,0.85,1,1,1,1
498,17:48:59,72.5,600,200,01010000000000000101,0.85,1,1,1,1
499,17:49:10,72.5,600,200,01010000000000000101,0.85,1,1,1,1
500,17:49:20,73.0,600,200,01010000000000000101,0.85,1,1,1,1
501,17:49:30,73.0,600,200,01010000000000000101,0.85,1,1,1,1
502,17:49:41,71.5,600,200,01010000000000000101,0.85,1,1,1,1
503,17:49:51,72.5,600,200,01010000000000000101,0.85,1,1,1,1
504,17:50:01,72.0,600,200,01010000000000000101,0.85,1,1,1,1
505,17:50:12,74.5,1500,500,01010000000000000000,0.85,0,0,1,1
506,17:50:22,73.0,600,200,01010000000000000101,0.85,1,1,1,1
507,17:50:32,73.0,600,200,01010000000000000101,0.85,1,1,1,1
508,17:50:43,73.5,1500,200,01010000000000000000,0.85,0,0,1,1
509,17:50:53,74.0,600,200,01010000000000000101,0.85,1,1,1,1
510,17:51:03,72.5,600,200,01010000000000000101,0.85,1,1,1,1
511,17:51:14,73.5,600,200,01010000000000000101,0.85,1,1,1,1
512,17:51:24,74.0,600,200,01010000000000000101,0.85,1,1,1,1
514,17:51:34,74.0,1500,500,01010000000000000000,0.85,0,0,1,1
515,17:51:45,72.5,600,200,01010000000000000101,0.85,1,1,1,1
516,17:51:55,72.0,600,200,01010000000000000101,0.85,1,1,1,1
517,17:52:05,73.0,600,200,01010000000000000101,0.85,1,1,1,1
518,17:52:16,73.5,600,200,01010000000000000101,0.85,1,1,1,1
519,17:52:26,73.5,600,200,01010000000000000101,0.85,1,1,1,1
520,17:52:36,72.5,600,200,01010000000000000101,0.85,1,1,1,1
521,17:52:47,72.5,600,200,01010000000000000101,0.85,1,1,1,1
522,17:52:57,72.5,600,200,01010000000000000101,0.85,1,1,1,1
523,17:53:07,72.0,600,200,01010000000000000101,0.85,1,1,1,1
524,17:53:18,72.5,600,200,01010000000000000101,0.85,1,1,1,1
525,17:53:28,72.0,600,200,01010000000000000101,0.85,1,1,1,1
526,17:53:38,72.0,600,200,01010000000000000101,0.85,1,1,1,1
527,17:53:49,73.0,600,200,01010000000000000101,0.85,1,1,1,1
528,17:53:59,73.5,600,200,01010000000000000101,0.85,1,1,1,1
530,17:54:09,73.0,600,200,01010000000000000101,0.85,1,1,1,1
531,17:54:20,73.0,600,200,01010000000000000101,0.85,1,1,1,1
532,17:54:30,73.0,600,200,01010000000000000101,0.85,1,1,1,1
533,17:54:41,71.5,600,200,01010000000000000101,0.85,1,1,1,1
534,17:54:51,73.5,600,200,01010000000000000101,0.85,1,1,1,1
535,17:55:01,73.5,600,200,01010000000000000101,0.85,1,1,1,1
536,17:55:12,72.0,600,200,01010000000000000101,0.85,1,1,1,1
537,17:55:22,72.0,600,200,01010000000000000101,0.85,1,1,1,1
538,17:55:32,73.0,1500,500,01010000000000000000,0.85,0,0,1,1
539,17:55:42,73.0,600,200,01010000000000000101,0.85,1,1,1,1
540,17:55:53,73.0,600,200,01010000000000000101,0.85,1,1,1,1
541,17:56:03,72.5,600,200,01010000000000000101,0.85,1,1,1,1
542,17:56:14,72.5,600,200,01010000000000000101,0.85,1,1,1,1
543,17:56:24,73.5,600,200,01010000000000000101,0.85,1,1,1,1
544,17:56:34,72.0,600,200,01010000000000000101,0.85,1,1,1,1
546,17:56:45,73.0,600,200,01010000000000000101,0.85,1,1,1,1
547,17:56:55,73.5,600,200,01010000000000000101,0.85,1,1,1,1
548,17:57:05,73.0,600,200,01010000000000000000,0.85,0,0,1,1
549,17:57:16,73.5,600,200,01010000000000000101,0.85,1,1,1,1
550,17:57:26,72.5,600,200,01010000000000000101,0.85,1,1,1,1
551,17:57:36,73.5,600,200,01010000000000000101,0.85,1,1,1,1
552,17:57:47,73.5,600,200,01010000000000000101,0.85,1,1,1,1
553,17:57:57,73.0,600,200,01010000000000000101,0.85,1,1,1,1
554,17:58:07,73.5,600,200,01010000000000000101,0.85,1,1,1,1
555,17:58:18,72.5,600,200,01010000000000000101,0.85,1,1,1,1
556,17:58:28,73.0,600,200,01010000000000000101,0.85,1,1,1,1
557,17:58:39,73.5,600,200,01010000000000000101,0.85,1,1,1,1
558,17:58:49,73.0,600,200,01010000000000000101,0.85,1,1,1,1
559,17:58:59,73.0,600,200,01010000000000000101,0.85,1,1,1,1
560,17:59:10,73.5,1500,200,01010000000000000000,0.85,0,0,1,1
562,17:59:20,74.0,600,200,01010000000000000101,0.85,1,1,1,1
563,17:59:30,74.5,600,200,01010000000000000101,0.85,1,1,1,1
564,17:59:40,74.0,600,200,01010000000000000101,0.85,1,1,1,1
565,17:59:51,72.5,600,200,01010000000000000101,0.85,1,1,1,1
566,18:00:01,72.5,600,200,01010000000000000101,0.85,1,1,1,1
567,18:00:12,73.0,600,200,01010000000000000101,0.85,1,1,1,1
568,18:00:22,73.5,600,200,01010000000000000101,0.85,1,1,1,1
569,18:00:32,72.0,600,200,01010000000000000101,0.85,1,1,1,1
570,18:00:43,73.5,600,200,01010000000000000101,0.85,1,1,1,1
571,18:00:53,73.5,600,200,01010000000000000101,0.85,1,1,1,1
572,18:01:03,73.5,600,200,01010000000000000101,0.85,1,1,1,1
573,18:01:14,73.5,600,200,01010000000000000101,0.85,1,1,1,1
574,18:01:24,74.0,600,200,01010000000000000101,0.85,1,1,1,1
575,18:01:34,73.0,600,200,01010000000000000101,0.85,1,1,1,1
576,18:01:45,73.5,600,200,01010000000000000101,0.85,1,1,1,1
578,18:01:55,73.0,600,200,01010000000000000101,0.85,1,1,1,1
579,18:02:05,73.5,600,200,01010000000000000101,0.85,1,1,1,1
580,18:02:16,73.5,600,200,01010000000000000101,0.85,1,1,1,1
581,18:02:26,73.0,600,200,01010000000000000101,0.85,1,1,1,1
582,18:02:36,75.0,1500,500,01010000000000000000,0.85,0,0,1,1
583,18:02:47,74.0,600,200,01010000000000000101,0.85,1,1,1,1
584,18:02:57,73.5,600,200,01010000000000000101,0.85,1,1,1,1
585,18:03:07,74.0,600,200,01010000000000000101,0.85,1,1,1,1
586,18:03:18,72.5,600,200,01010000000000000101,0.85,1,1,1,1
587,18:03:28,73.5,600,200,01010000000000000101,0.85,1,1,1,1
588,18:03:38,73.0,600,200,01010000000000000101,0.85,1,1,1,1
589,18:03:49,74.0,600,200,01010000000000000101,0.85,1,1,1,1
590,18:03:59,73.0,600,200,01010000000000000101,0.85,1,1,1,1
591,18:04:09,73.0,600,200,01010000000000000101,0.85,1,1,1,1
592,18:04:20,74.0,600,200,01010000000000000101,0.85,1,1,1,1
594,18:04:30,72.5,600,200,01010000000000000101,0.85,1,1,1,1
595,18:04:40,73.0,600,200,01010000000000000000,0.85,0,0,1,1
596,18:04:51,73.0,1500,500,01010000000000000101,0.85,1,1,1,1
597,18:05:01,73.5,600,200,01010000000000000101,0.85,1,1,1,1
598,18:05:11,73.5,600,200,01010000000000000101,0.85,1,1,1,1
599,18:05:22,74.0,600,200,01010000000000000101,0.85,1,1,1,1
600,18:05:32,74.5,600,200,01010000000000000101,0.85,1,1,1,1
601,18:05:42,73.0,600,200,01010000000000000101,0.85,1,1,1,1
602,18:05:53,73.0,600,200,01010000000000000101,0.85,1,1,1,1
603,18:06:03,73.5,600,200,01010000000000000101,0.85,1,1,1,1
604,18:06:13,74.0,1500,500,01010000000000000101,0.85,1,1,1,1
605,18:06:24,73.0,600,200,01010000000000000101,0.85,1,1,1,1
606,18:06:34,73.0,600,200,01010000000000000101,0.85,1,1,1,1
607,18:06:44,74.5,600,200,01010000000000000101,0.85,1,1,1,1
608,18:06:55,73.5,600,200,01010000000000000101,0.85,1,1,1,1
610,18:07:05,74.5,600,200,01010000000000000101,0.85,1,1,1,1
611,18:07:15,74.0,600,200,01010000000000000101,0.85,1,1,1,1
612,18:07:26,74.0,600,200,01010000000000000101,0.85,1,1,1,1
613,18:07:36,73.5,600,200,01010000000000000101,0.85,1,1,1,1
614,18:07:47,73.5,600,200,01010000000000000101,0.85,1,1,1,1
615,18:07:57,73.5,600,200,01010000000000000101,0.85,1,1,1,1
616,18:08:07,72.5,600,200,01010000000000000101,0.85,1,1,1,1
617,18:08:17,74.5,1500,500,01010000000000000101,0.85,1,1,1,1
618,18:08:28,74.0,600,200,01010000000000000101,0.85,1,1,1,1
619,18:08:38,74.0,600,200,01010000000000000101,0.85,1,1,1,1
620,18:08:48,74.0,600,200,01010000000000000101,0.85,1,1,1,1
621,18:08:59,73.0,600,200,01010000000000000101,0.85,1,1,1,1
622,18:09:09,73.5,600,200,01010000000000000101,0.85,1,1,1,1
623,18:09:20,74.0,600,200,01010000000000000101,0.85,1,1,1,1
624,18:09:30,74.0,600,200,01010000000000000101,0.85,1,1,1,1
626,18:09:40,73.5,600,200,01010000000000000101,0.85,1,1,1,1
627,18:09:51,73.0,600,200,01010000000000000101,0.85,1,1,1,1
628,18:10:01,72.5,600,200,01010000000000000101,0.85,1,1,1,1
629,18:10:11,74.0,600,200,01010000000000000101,0.85,1,1,1,1
630,18:10:22,72.5,600,200,01010000000000000101,0.85,1,1,1,1
631,18:10:32,73.0,600,200,01010000000000000101,0.85,1,1,1,1
632,18:10:42,73.0,600,200,01010000000000000101,0.85,1,1,1,1
633,18:10:53,73.0,600,200,01010000000000000101,0.85,1,1,1,1
634,18:11:03,73.0,600,200,01010000000000000101,0.85,1,1,1,1
635,18:11:13,72.5,600,200,01010000000000000101,0.85,1,1,1,1
636,18:11:24,72.0,600,200,01010000000000000101,0.85,1,1,1,1
637,18:11:34,73.0,600,200,01010000000000000101,0.85,1,1,1,1
638,18:11:45,73.5,600,200,01010000000000000101,0.85,1,1,1,1
639,18:11:55,72.5,600,200,01010000000000000101,0.85,1,1,1,1
640,18:12:05,72.5,1500,200,01010000000000000000,0.85,0,0,1,1
642,18:12:15,72.5,600,200,01010000000000000101,0.85,1,1,1,1
643,18:12:26,72.0,600,200,01010000000000000101,0.85,1,1,1,1
644,18:12:36,73.0,600,200,01010000000000000101,0.85,1,1,1,1
645,18:12:47,72.0,600,200,01010000000000000101,0.85,1,1,1,1
646,18:12:57,72.5,600,200,01010000000000000101,0.85,1,1,1,1
647,18:13:07,72.0,600,200,01010000000000000101,0.85,1,1,1,1
648,18:13:18,72.5,600,200,01010000000000000101,0.85,1,1,1,1
649,18:13:28,73.0,600,200,01010000000000000101,0.85,1,1,1,1
650,18:13:38,72.0,600,200,01010000000000000101,0.85,1,1,1,1
651,18:13:49,72.5,600,200,01010000000000000101,0.85,1,1,1,1
652,18:13:59,72.5,600,200,01010000000000000101,0.85,1,1,1,1
653,18:14:09,72.0,600,200,01010000000000000101,0.85,1,1,1,1
654,18:14:20,72.0,600,200,01010000000000000101,0.85,1,1,1,1
655,18:14:30,72.0,600,200,01010000000000000101,0.85,1,1,1,1
656,18:14:41,71.5,600,200,01010000000000000101,0.85,1,1,1,1
658,18:14:51,72.0,600,200,01010000000000000101,0.85,1,1,1,1
659,18:15:01,71.5,600,200,01010000000000000101,0.85,1,1,1,1
660,18:15:11,73.0,1500,200,01010000000000000000,0.85,0,0,1,1
661,18:15:22,72.0,600,200,01010000000000000101,0.85,1,1,1,1
662,18:15:32,72.5,600,200,01010000000000000101,0.85,1,1,1,1
663,18:15:42,72.0,600,200,01010000000000000101,0.85,1,1,1,1
664,18:15:53,73.0,600,200,01010000000000000101,0.85,1,1,1,1
665,18:16:03,71.5,600,200,01010000000000000101,0.85,1,1,1,1
666,18:16:13,72.0,600,200,01010000000000000101,0.85,1,1,1,1
667,18:16:24,71.1,600,200,01010000000000000101,0.85,1,1,1,1
668,18:16:34,72.0,600,200,01010000000000000101,0.85,1,1,1,1
669,18:16:44,73.0,600,200,01010000000000000101,0.85,1,1,1,1
670,18:16:55,72.5,600,200,01010000000000000101,0.85,1,1,1,1
671,18:17:05,72.5,600,200,01010000000000000101,0.85,1,1,1,1
672,18:17:16,72.5,600,200,01010000000000000101,0.85,1,1,1,1
674,18:17:26,73.5,600,200,01010000000000000101,0.85,1,1,1,1
675,18:17:36,72.5,600,200,01010000000000000101,0.85,1,1,1,1
676,18:17:46,72.5,1500,500,01010000000000000000,0.85,0,0,1,1
677,18:17:57,72.0,600,200,01010000000000000101,0.85,1,1,1,1
678,18:18:07,72.0,600,200,01010000000000000101,0.85,1,1,1,1
679,18:18:17,72.0,600,200,01010000000000000101,0.85,1,1,1,1
680,18:18:28,72.5,600,200,01010000000000000101,0.85,1,1,1,1
681,18:18:38,72.5,600,200,01010000000000000101,0.85,1,1,1,1
682,18:18:49,72.5,600,200,01010000000000000101,0.85,1,1,1,1
683,18:18:59,72.0,600,200,01010000000000000101,0.85,1,1,1,1
684,18:19:09,72.0,600,200,01010000000000000101,0.85,1,1,1,1
685,18:19:20,72.5,600,200,01010000000000000101,0.85,1,1,1,1
686,18:19:30,72.0,600,200,01010000000000000101,0.85,1,1,1,1
687,18:19:40,73.5,1500,500,01010000000000000000,0.85,0,0,1,1
688,18:19:50,73.0,600,200,01010000000000000101,0.85,1,1,1,1
690,18:20:01,71.5,600,200,01010000000000000101,0.85,1,1,1,1
691,18:20:11,71.5,600,200,01010000000000000101,0.85,1,1,1,1
692,18:20:22,70.6,600,200,01010000000000000101,0.85,1,1,1,1
693,18:20:32,73.0,600,200,01010000000000000101,0.85,1,1,1,1
694,18:20:42,71.1,600,200,01010000000000000101,0.85,1,1,1,1
695,18:20:53,72.0,600,200,01010000000000000101,0.85,1,1,1,1
696,18:21:03,72.0,600,200,01010000000000000101,0.85,1,1,1,1
697,18:21:13,72.5,600,200,01010000000000000101,0.85,1,1,1,1
698,18:21:24,73.0,600,200,01010000000000000101,0.85,1,1,1,1
699,18:21:34,73.0,600,200,01010000000000000000,0.85,0,0,1,1
700,18:21:44,71.5,1500,500,01010000000000000101,0.85,1,1,1,1
701,18:21:55,72.0,600,200,01010000000000000101,0.85,1,1,1,1
702,18:22:05,72.0,600,200,01010000000000000101,0.85,1,1,1,1
703,18:22:15,72.0,600,200,01010000000000000101,0.85,1,1,1,1
704,18:22:26,72.0,600,200,01010000000000000101,0.85,1,1,1,1
706,18:22:36,72.0,600,200,01010000000000000101,0.85,1,1,1,1
707,18:22:47,71.5,600,200,01010000000000000101,0.85,1,1,1,1
708,18:22:57,71.5,600,200,01010000000000000101,0.85,1,1,1,1
709,18:23:07,73.5,600,200,01010000000000000101,0.85,1,1,1,1
710,18:23:18,72.5,600,200,01010000000000000101,0.85,1,1,1,1
711,18:23:28,71.5,600,200,01010000000000000101,0.85,1,1,1,1
712,18:23:38,72.0,600,200,01010000000000000101,0.85,1,1,1,1
713,18:23:49,73.5,600,200,01010000000000000101,0.85,1,1,1,1
714,18:23:59,73.5,1500,500,01010000000000000000,0.85,0,0,1,1
715,18:24:09,71.5,600,200,01010000000000000101,0.85,1,1,1,1
716,18:24:20,72.5,600,200,01010000000000000101,0.85,1,1,1,1
717,18:24:30,72.0,600,200,01010000000000000101,0.85,1,1,1,1
718,18:24:40,72.5,600,200,01010000000000000101,0.85,1,1,1,1
719,18:24:51,72.5,600,200,01010000000000000101,0.85,1,1,1,1
720,18:25:01,73.0,600,200,01010000000000000101,0.85,1,1,1,1
722,18:25:12,72.5,600,200,01010000000000000101,0.85,1,1,1,1
723,18:25:22,72.5,600,200,01010000000000000101,0.85,1,1,1,1
724,18:25:32,73.0,600,200,01010000000000000101,0.85,1,1,1,1
725,18:25:43,72.0,600,200,01010000000000000101,0.85,1,1,1,1
726,18:25:53,72.0,600,200,01010000000000000101,0.85,1,1,1,1
727,18:26:03,71.5,600,200,01010000000000000101,0.85,1,1,1,1
728,18:26:14,72.0,600,200,01010000000000000101,0.85,1,1,1,1
729,18:26:24,71.5,600,200,01010000000000000101,0.85,1,1,1,1
730,18:26:34,72.5,600,200,01010000000000000101,0.85,1,1,1,1
731,18:26:45,72.5,600,200,01010000000000000101,0.85,1,1,1,1
732,18:26:55,72.0,600,200,01010000000000000101,0.85,1,1,1,1
733,18:27:05,71.5,600,200,01010000000000000101,0.85,1,1,1,1
734,18:27:16,72.5,600,200,01010000000000000101,0.85,1,1,1,1
735,18:27:26,72.0,600,200,01010000000000000101,0.85,1,1,1,1
736,18:27:36,72.5,600,200,01010000000000000101,0.85,1,1,1,1
738,18:27:47,72.5,600,200,01010000000000000101,0.85,1,1,1,1
739,18:27:57,71.5,1500,500,01010000000000000101,0.85,1,1,1,1
740,18:28:07,73.0,600,200,01010000000000000101,0.85,1,1,1,1
741,18:28:18,72.0,600,200,01010000000000000101,0.85,1,1,1,1
742,18:28:28,72.0,600,200,01010000000000000101,0.85,1,1,1,1
743,18:28:38,72.0,600,200,01010000000000000101,0.85,1,1,1,1
744,18:28:49,72.5,600,200,01010000000000000101,0.85,1,1,1,1
745,18:28:59,73.0,600,200,01010000000000000101,0.85,1,1,1,1
746,18:29:10,72.5,600,200,01010000000000000101,0.85,1,1,1,1
747,18:29:20,72.0,600,200,01010000000000000101,0.85,1,1,1,1
748,18:29:30,72.5,600,200,01010000000000000101,0.85,1,1,1,1
749,18:29:41,72.5,600,500,01010000000000000101,0.85,1,1,1,1
750,18:29:51,72.5,600,200,01010000000000000101,0.85,1,1,1,1
751,18:30:01,72.5,600,200,01010000000000000101,0.85,1,1,1,1
752,18:30:12,73.0,600,200,01010000000000000101,0.85,1,1,1,1
754,18:30:22,71.5,600,200,01010000000000000101,0.85,1,1,1,1
755,18:30:32,73.0,600,200,01010000000000000101,0.85,1,1,1,1
756,18:30:43,72.0,600,200,01010000000000000101,0.85,1,1,1,1
757,18:30:53,71.1,600,200,01010000000000000101,0.85,1,1,1,1
758,18:31:03,73.0,1500,500,01010000000000000000,0.85,0,0,1,1
759,18:31:13,71.5,600,200,01010000000000000101,0.85,1,1,1,1
760,18:31:24,72.0,600,200,01010000000000000101,0.85,1,1,1,1
761,18:31:34,72.0,600,200,01010000000000000101,0.85,1,1,1,1
762,18:31:45,72.5,600,200,01010000000000000101,0.85,1,1,1,1
763,18:31:55,72.0,600,200,01010000000000000101,0.85,1,1,1,1
764,18:32:05,73.5,600,200,01010000000000000101,0.85,1,1,1,1
765,18:32:16,73.0,600,200,01010000000000000101,0.85,1,1,1,1
766,18:32:26,72.5,600,200,01010000000000000101,0.85,1,1,1,1
767,18:32:36,72.5,600,200,01010000000000000101,0.85,1,1,1,1
768,18:32:47,71.5,600,200,01010000000000000101,0.85,1,1,1,1
770,18:32:57,73.0,600,200,01010000000000000101,0.85,1,1,1,1
771,18:33:08,72.0,600,200,01010000000000000101,0.85,1,1,1,1
772,18:33:18,71.1,600,200,01010000000000000101,0.85,1,1,1,1
773,18:33:28,72.0,600,200,01010000000000000101,0.85,1,1,1,1
774,18:33:39,72.0,600,200,01010000000000000101,0.85,1,1,1,1
775,18:33:49,72.5,600,200,01010000000000000101,0.85,1,1,1,1
776,18:33:59,72.5,600,200,01010000000000000101,0.85,1,1,1,1
777,18:34:10,73.0,1500,500,01010000000000000000,0.85,0,0,1,1
778,18:34:20,73.0,600,200,01010000000000000101,0.85,1,1,1,1
779,18:34:30,73.5,600,200,01010000000000000101,0.85,1,1,1,1
780,18:34:41,72.0,600,200,01010000000000000101,0.85,1,1,1,1
781,18:34:51,73.0,600,200,01010000000000000101,0.85,1,1,1,1
782,18:35:01,72.0,600,200,01010000000000000101,0.85,1,1,1,1
783,18:35:12,72.0,600,200,01010000000000000101,0.85,1,1,1,1
784,18:35:22,73.0,600,200,01010000000000000101,0.85,1,1,1,1
786,18:35:33,73.0,600,200,01010000000000000101,0.85,1,1,1,1
787,18:35:43,73.5,600,200,01010000000000000000,0.85,0,0,1,1
788,18:35:53,73.0,600,200,01010000000000000101,0.85,1,1,1,1
789,18:36:03,72.5,600,200,01010000000000000101,0.85,1,1,1,1
790,18:36:14,71.5,600,200,01010000000000000101,0.85,1,1,1,1
791,18:36:24,73.0,600,200,01010000000000000101,0.85,1,1,1,1
792,18:36:35,73.0,600,200,01010000000000000101,0.85,1,1,1,1
793,18:36:45,72.5,600,200,01010000000000000101,0.85,1,1,1,1
794,18:36:55,72.0,600,200,01010000000000000101,0.85,1,1,1,1
795,18:37:06,71.5,600,200,01010000000000000101,0.85,1,1,1,1
796,18:37:16,73.0,600,200,01010000000000000101,0.85,1,1,1,1
797,18:37:26,73.0,600,200,01010000000000000101,0.85,1,1,1,1
798,18:37:37,72.5,600,200,01010000000000000000,0.85,0,0,1,1
799,18:37:47,72.5,600,200,01010000000000000101,0.85,1,1,1,1
800,18:37:57,74.0,600,200,01010000000000000101,0.85,1,1,1,1
802,18:38:08,73.5,600,200,01010000000000000101,0.85,1,1,1,1
803,18:38:18,74.5,600,200,01010000000000000101,0.85,1,1,1,1
804,18:38:28,73.0,1500,200,01010000000000000000,0.85,0,0,1,1
805,18:38:39,72.5,600,200,01010000000000000101,0.85,1,1,1,1
806,18:38:49,72.5,600,200,01010000000000000101,0.85,1,1,1,1
807,18:38:59,71.5,600,200,01010000000000000101,0.85,1,1,1,1
808,18:39:10,72.5,600,200,01010000000000000101,0.85,1,1,1,1
809,18:39:20,73.0,600,200,01010000000000000101,0.85,1,1,1,1
810,18:39:30,72.5,600,200,01010000000000000101,0.85,1,1,1,1
811,18:39:41,72.0,600,200,01010000000000000101,0.85,1,1,1,1
812,18:39:51,72.5,600,200,01010000000000000101,0.85,1,1,1,1
813,18:40:02,72.5,600,200,01010000000000000101,0.85,1,1,1,1
814,18:40:12,72.5,600,200,01010000000000000101,0.85,1,1,1,1
815,18:40:22,73.0,600,200,01010000000000000101,0.85,1,1,1,1
816,18:40:33,72.5,600,200,01010000000000000101,0.85,1,1,1,1
818,18:40:43,73.0,600,200,01010000000000000101,0.85,1,1,1,1
819,18:40:53,73.0,600,200,01010000000000000101,0.85,1,1,1,1
820,18:41:04,72.5,600,200,01010000000000000101,0.85,1,1,1,1
821,18:41:14,73.0,600,200,01010000000000000101,0.85,1,1,1,1
822,18:41:24,71.5,600,200,01010000000000000101,0.85,1,1,1,1
823,18:41:35,72.0,600,200,01010000000000000101,0.85,1,1,1,1
824,18:41:45,73.0,600,200,01010000000000000101,0.85,1,1,1,1
825,18:41:55,72.5,600,200,01010000000000000000,0.85,0,0,1,1
826,18:42:06,73.0,600,200,01010000000000000101,0.85,1,1,1,1
827,18:42:16,73.0,600,200,01010000000000000101,0.85,1,1,1,1
828,18:42:26,72.5,600,200,01010000000000000101,0.85,1,1,1,1
829,18:42:37,72.0,600,200,01010000000000000101,0.85,1,1,1,1
830,18:42:47,73.0,600,200,01010000000000000101,0.85,1,1,1,1
831,18:42:57,73.5,600,200,01010000000000000101,0.85,1,1,1,1
832,18:43:08,72.0,600,200,01010000000000000101,0.85,1,1,1,1
834,18:43:18,72.5,600,200,01010000000000000101,0.85,1,1,1,1
835,18:43:28,72.0,600,200,01010000000000000101,0.85,1,1,1,1
836,18:43:39,72.5,1500,500,01010000000000000101,0.85,1,1,1,1
837,18:43:49,72.5,600,200,01010000000000000101,0.85,1,1,1,1
838,18:43:59,72.0,600,200,01010000000000000101,0.85,1,1,1,1
839,18:44:10,72.0,600,200,01010000000000000101,0.85,1,1,1,1
840,18:44:20,73.0,600,200,01010000000000000101,0.85,1,1,1,1
841,18:44:31,73.5,600,200,01010000000000000101,0.85,1,1,1,1
842,18:44:41,72.5,600,200,01010000000000000101,0.85,1,1,1,1
843,18:44:51,72.5,600,200,01010000000000000101,0.85,1,1,1,1
844,18:45:02,72.5,600,200,01010000000000000101,0.85,1,1,1,1
845,18:45:12,73.5,1500,500,01010000000000000000,0.85,0,0,1,1
846,18:45:22,73.0,600,200,01010000000000000101,0.85,1,1,1,1
847,18:45:32,73.5,600,200,01010000000000000101,0.85,1,1,1,1
848,18:45:43,71.5,600,200,01010000000000000101,0.85,1,1,1,1
850,18:45:53,73.0,600,200,01010000000000000101,0.85,1,1,1,1
851,18:46:03,73.0,600,200,01010000000000000101,0.85,1,1,1,1
852,18:46:14,73.5,600,200,01010000000000000101,0.85,1,1,1,1
853,18:46:24,71.5,1500,500,01010000000000000101,0.85,1,1,1,1
854,18:46:34,72.0,600,200,01010000000000000101,0.85,1,1,1,1
855,18:46:45,74.0,600,200,01010000000000000101,0.85,1,1,1,1
856,18:46:55,73.0,600,200,01010000000000000101,0.85,1,1,1,1
857,18:47:05,73.0,600,200,01010000000000000101,0.85,1,1,1,1
858,18:47:16,73.0,600,200,01010000000000000101,0.85,1,1,1,1
859,18:47:26,73.0,600,200,01010000000000000101,0.85,1,1,1,1
860,18:47:37,73.0,600,200,01010000000000000101,0.85,1,1,1,1
861,18:47:47,73.5,600,200,01010000000000000101,0.85,1,1,1,1
862,18:47:57,72.5,600,200,01010000000000000101,0.85,1,1,1,1
863,18:48:08,72.5,600,200,01010000000000000101,0.85,1,1,1,1
864,18:48:18,72.5,600,200,01010000000000000101,0.85,1,1,1,1
866,18:48:28,73.5,600,200,01010000000000000101,0.85,1,1,1,1
867,18:48:39,73.0,600,200,01010000000000000101,0.85,1,1,1,1
868,18:48:49,72.0,600,200,01010000000000000101,0.85,1,1,1,1
869,18:48:59,73.0,600,200,01010000000000000101,0.85,1,1,1,1
870,18:49:10,73.0,600,200,01010000000000000101,0.85,1,1,1,1
871,18:49:20,73.5,600,200,01010000000000000101,0.85,1,1,1,1
872,18:49:30,73.5,600,200,01010000000000000101,0.85,1,1,1,1
873,18:49:41,72.5,600,200,01010000000000000101,0.85,1,1,1,1
874,18:49:51,73.0,600,200,01010000000000000101,0.85,1,1,1,1
875,18:50:02,72.5,600,200,01010000000000000101,0.85,1,1,1,1
876,18:50:12,72.5,600,200,01010000000000000101,0.85,1,1,1,1
877,18:50:22,72.5,600,200,01010000000000000101,0.85,1,1,1,1
878,18:50:33,72.0,600,200,01010000000000000101,0.85,1,1,1,1
879,18:50:43,73.0,600,200,01010000000000000101,0.85,1,1,1,1
880,18:50:53,73.5,600,200,01010000000000000101,0.85,1,1,1,1
882,18:51:04,73.0,600,200,01010000000000000101,0.85,1,1,1,1
883,18:51:14,73.0,600,200,01010000000000000101,0.85,1,1,1,1
884,18:51:25,73.5,600,200,01010000000000000101,0.85,1,1,1,1
885,18:51:35,73.0,600,200,01010000000000000101,0.85,1,1,1,1
886,18:51:45,73.0,600,200,01010000000000000101,0.85,1,1,1,1
887,18:51:55,74.0,1500,500,01010000000000000101,0.85,1,1,1,1
888,18:52:06,73.0,600,200,01010000000000000101,0.85,1,1,1,1
889,18:52:16,74.0,600,200,01010000000000000101,0.85,1,1,1,1
890,18:52:26,74.0,600,200,01010000000000000101,0.85,1,1,1,1
891,18:52:37,73.5,600,200,01010000000000000101,0.85,1,1,1,1
892,18:52:47,74.5,600,200,01010000000000000101,0.85,1,1,1,1
893,18:52:58,73.0,600,200,01010000000000000101,0.85,1,1,1,1
894,18:53:08,73.5,600,200,01010000000000000101,0.85,1,1,1,1
895,18:53:18,74.0,1500,200,01010000000000000000,0.85,0,0,1,1
896,18:53:28,73.0,1500,500,01010000000000000101,0.85,1,1,1,1
898,18:53:39,73.5,600,200,01010000000000000101,0.85,1,1,1,1
899,18:53:49,73.5,600,200,01010000000000000101,0.85,1,1,1,1
900,18:53:59,73.0,600,200,01010000000000000101,0.85,1,1,1,1
901,18:54:10,73.5,600,200,01010000000000000101,0.85,1,1,1,1
902,18:54:20,73.5,600,200,01010000000000000101,0.85,1,1,1,1
903,18:54:31,73.0,600,200,01010000000000000101,0.85,1,1,1,1
904,18:54:41,73.5,600,200,01010000000000000101,0.85,1,1,1,1
905,18:54:51,73.5,600,200,01010000000000000101,0.85,1,1,1,1
906,18:55:02,73.5,600,200,01010000000000000101,0.85,1,1,1,1
907,18:55:12,73.0,600,200,01010000000000000101,0.85,1,1,1,1
908,18:55:22,74.0,600,200,01010000000000000101,0.85,1,1,1,1
909,18:55:33,74.0,600,200,01010000000000000101,0.85,1,1,1,1
910,18:55:43,74.5,600,200,01010000000000000101,0.85,1,1,1,1
911,18:55:53,73.0,600,200,01010000000000000101,0.85,1,1,1,1
912,18:56:04,73.0,600,200,01010000000000000101,0.85,1,1,1,1
914,18:56:14,73.5,600,200,01010000000000000000,0.85,0,0,1,1
915,18:56:25,73.0,600,200,01010000000000000101,0.85,1,1,1,1
916,18:56:35,74.0,600,200,01010000000000000101,0.85,1,1,1,1
917,18:56:45,72.5,600,200,01010000000000000101,0.85,1,1,1,1
918,18:56:56,73.0,600,200,01010000000000000101,0.85,1,1,1,1
919,18:57:06,73.0,600,200,01010000000000000101,0.85,1,1,1,1
920,18:57:16,73.5,600,200,01010000000000000101,0.85,1,1,1,1
921,18:57:27,73.5,600,200,01010000000000000101,0.85,1,1,1,1
922,18:57:37,73.0,600,200,01010000000000000101,0.85,1,1,1,1
923,18:57:47,72.5,600,200,01010000000000000101,0.85,1,1,1,1
924,18:57:58,74.0,600,200,01010000000000000101,0.85,1,1,1,1
925,18:58:08,73.0,600,200,01010000000000000101,0.85,1,1,1,1
926,18:58:18,72.5,600,200,01010000000000000101,0.85,1,1,1,1
927,18:58:29,73.0,600,200,01010000000000000101,0.85,1,1,1,1
928,18:58:39,74.0,600,200,01010000000000000101,0.85,1,1,1,1
930,18:58:49,73.5,600,200,01010000000000000101,0.85,1,1,1,1
931,18:59:00,73.5,600,200,01010000000000000101,0.85,1,1,1,1
932,18:59:10,74.0,600,200,01010000000000000101,0.85,1,1,1,1
933,18:59:20,72.5,600,200,01010000000000000101,0.85,1,1,1,1
934,18:59:31,72.5,600,200,01010000000000000101,0.85,1,1,1,1
935,18:59:41,73.0,600,200,01010000000000000101,0.85,1,1,1,1
936,18:59:51,73.5,600,200,01010000000000000101,0.85,1,1,1,1
937,19:00:02,74.0,600,200,01010000000000000101,0.85,1,1,1,1
938,19:00:12,72.5,600,200,01010000000000000101,0.85,1,1,1,1
939,19:00:22,73.5,600,200,01010000000000000101,0.85,1,1,1,1
940,19:00:33,73.5,600,200,01010000000000000101,0.85,1,1,1,1
941,19:00:43,75.0,600,200,01010000000000000101,0.85,1,1,1,1
942,19:00:53,73.5,600,200,01010000000000000101,0.85,1,1,1,1
943,19:01:04,73.0,600,200,01010000000000000000,0.85,0,0,1,1
944,19:01:14,73.5,1500,500,01010000000000000101,0.85,1,1,1,1
946,19:01:24,72.5,600,200,01010000000000000101,0.85,1,1,1,1
947,19:01:35,73.5,600,200,01010000000000000101,0.85,1,1,1,1
948,19:01:45,74.0,600,200,01010000000000000101,0.85,1,1,1,1
949,19:01:55,72.5,600,200,01010000000000000101,0.85,1,1,1,1
950,19:02:06,73.0,600,200,01010000000000000101,0.85,1,1,1,1
951,19:02:16,73.0,600,200,01010000000000000101,0.85,1,1,1,1
952,19:02:27,72.5,600,200,01010000000000000101,0.85,1,1,1,1
953,19:02:37,74.0,600,200,01010000000000000101,0.85,1,1,1,1
954,19:02:47,72.5,600,200,01010000000000000101,0.85,1,1,1,1
955,19:02:58,74.0,600,200,01010000000000000101,0.85,1,1,1,1
956,19:03:08,73.0,600,200,01010000000000000101,0.85,1,1,1,1
957,19:03:18,74.0,600,200,01010000000000000101,0.85,1,1,1,1
958,19:03:29,74.0,600,200,01010000000000000101,0.85,1,1,1,1
959,19:03:39,73.5,600,200,01010000000000000101,0.85,1,1,1,1
960,19:03:49,73.5,600,200,01010000000000000101,0.85,1,1,1,1
962,19:04:00,74.0,1500,500,01010000000000000000,0.85,0,0,1,1
963,19:04:10,74.5,600,200,01010000000000000101,0.85,1,1,1,1
964,19:04:20,73.5,600,200,01010000000000000101,0.85,1,1,1,1
965,19:04:31,72.5,600,200,01010000000000000101,0.85,1,1,1,1
966,19:04:41,73.5,600,200,01010000000000000101,0.85,1,1,1,1
967,19:04:51,73.0,600,200,01010000000000000101,0.85,1,1,1,1
968,19:05:02,74.5,600,200,01010000000000000101,0.85,1,1,1,1
969,19:05:12,72.0,600,200,01010000000000000101,0.85,1,1,1,1
970,19:05:22,74.0,600,200,01010000000000000101,0.85,1,1,1,1
971,19:05:33,73.5,600,200,01010000000000000101,0.85,1,1,1,1
972,19:05:43,74.0,600,200,01010000000000000101,0.85,1,1,1,1
973,19:05:54,73.0,600,200,01010000000000000101,0.85,1,1,1,1
974,19:06:04,74.0,1500,500,01010000000000000000,0.85,0,0,1,1
975,19:06:14,73.5,600,200,01010000000000000101,0.85,1,1,1,1
976,19:06:24,73.0,600,200,01010000000000000101,0.85,1,1,1,1
978,19:06:35,73.0,600,200,01010000000000000101,0.85,1,1,1,1
979,19:06:45,73.5,600,200,01010000000000000101,0.85,1,1,1,1
980,19:06:56,72.5,600,200,01010000000000000101,0.85,1,1,1,1
981,19:07:06,73.0,600,200,01010000000000000101,0.85,1,1,1,1
982,19:07:16,72.5,600,200,01010000000000000101,0.85,1,1,1,1
983,19:07:26,74.0,600,200,01010000000000000101,0.85,1,1,1,1
984,19:07:37,74.0,600,200,01010000000000000101,0.85,1,1,1,1
985,19:07:47,73.5,600,200,01010000000000000101,0.85,1,1,1,1
986,19:07:58,74.5,600,200,01010000000000000101,0.85,1,1,1,1
987,19:08:08,73.5,600,200,01010000000000000101,0.85,1,1,1,1
988,19:08:18,73.5,600,200,01010000000000000101,0.85,1,1,1,1
989,19:08:29,74.5,600,200,01010000000000000000,0.85,0,0,1,1
990,19:08:39,73.5,1500,500,01010000000000000101,0.85,1,1,1,1
991,19:08:49,73.0,600,200,01010000000000000101,0.85,1,1,1,1
992,19:09:00,72.5,600,200,01010000000000000101,0.85,1,1,1,1
994,19:09:10,73.0,600,200,01010000000000000101,0.85,1,1,1,1
995,19:09:20,73.0,600,200,01010000000000000101,0.85,1,1,1,1
996,19:09:31,73.0,600,200,01010000000000000101,0.85,1,1,1,1
997,19:09:41,72.0,600,200,01010000000000000101,0.85,1,1,1,1
998,19:09:51,72.5,600,200,01010000000000000101,0.85,1,1,1,1
999,19:10:02,73.5,600,200,01010000000000000101,0.85,1,1,1,1
1000,19:10:12,73.0,600,200,01010000000000000101,0.85,1,1,1,1
1001,19:10:22,72.0,600,200,01010000000000000101,0.85,1,1,1,1
1002,19:10:33,71.5,600,200,01010000000000000101,0.85,1,1,1,1
1003,19:10:43,72.5,600,200,01010000000000000101,0.85,1,1,1,1
1004,19:10:53,72.5,600,200,01010000000000000101,0.85,1,1,1,1
1005,19:11:04,72.5,600,200,01010000000000000101,0.85,1,1,1,1
1006,19:11:14,73.5,600,200,01010000000000000101,0.85,1,1,1,1
1007,19:11:25,72.5,600,200,01010000000000000101,0.85,1,1,1,1
1008,19:11:35,72.0,600,200,01010000000000000000,0.85,0,0,1,1
1010,19:11:45,73.5,1500,500,01010000000000000101,0.85,1,1,1,1
1011,19:11:55,72.5,600,200,01010000000000000101,0.85,1,1,1,1
1012,19:12:06,72.0,600,200,01010000000000000101,0.85,1,1,1,1
1013,19:12:16,73.0,600,200,01010000000000000101,0.85,1,1,1,1
1014,19:12:26,73.5,600,200,01010000000000000101,0.85,1,1,1,1
1015,19:12:37,72.5,600,200,01010000000000000101,0.85,1,1,1,1
1016,19:12:47,74.0,600,200,01010000000000000101,0.85,1,1,1,1
1017,19:12:58,72.0,600,200,01010000000000000101,0.85,1,1,1,1
1018,19:13:08,73.5,600,200,01010000000000000101,0.85,1,1,1,1
1019,19:13:18,72.0,600,200,01010000000000000101,0.85,1,1,1,1
1020,19:13:29,72.5,600,200,01010000000000000101,0.85,1,1,1,1
1021,19:13:39,72.5,600,200,01010000000000000101,0.85,1,1,1,1
1022,19:13:49,73.0,600,200,01010000000000000101,0.85,1,1,1,1
1023,19:14:00,72.5,600,200,01010000000000000101,0.85,1,1,1,1
1024,19:14:10,72.5,600,200,01010000000000000101,0.85,1,1,1,1
1026,19:14:20,72.0,600,200,01010000000000000101,0.85,1,1,1,1
1027,19:14:31,72.0,1500,500,01010000000000000000,0.85,0,0,1,1
1028,19:14:41,72.5,600,200,01010000000000000101,0.85,1,1,1,1
1029,19:14:51,73.5,600,200,01010000000000000101,0.85,1,1,1,1
1030,19:15:02,72.5,600,200,01010000000000000101,0.85,1,1,1,1
1031,19:15:12,73.5,600,200,01010000000000000101,0.85,1,1,1,1
1032,19:15:22,72.0,600,200,01010000000000000101,0.85,1,1,1,1
1033,19:15:33,72.0,600,200,01010000000000000101,0.85,1,1,1,1
1034,19:15:43,71.5,600,200,01010000000000000101,0.85,1,1,1,1
1035,19:15:53,72.5,600,200,01010000000000000101,0.85,1,1,1,1
1036,19:16:04,72.0,600,200,01010000000000000101,0.85,1,1,1,1
1037,19:16:14,71.5,600,200,01010000000000000101,0.85,1,1,1,1
1038,19:16:25,73.0,600,200,01010000000000000101,0.85,1,1,1,1
1039,19:16:35,73.0,600,200,01010000000000000101,0.85,1,1,1,1
1040,19:16:45,72.5,600,200,01010000000000000101,0.85,1,1,1,1
1042,19:16:56,73.0,1500,500,01010000000000000000,0.85,0,0,1,1
1043,19:17:06,72.5,600,200,01010000000000000101,0.85,1,1,1,1
1044,19:17:16,73.0,600,200,01010000000000000101,0.85,1,1,1,1
1045,19:17:27,71.5,600,200,01010000000000000101,0.85,1,1,1,1
1046,19:17:37,72.0,600,200,01010000000000000101,0.85,1,1,1,1
1047,19:17:47,72.5,600,200,01010000000000000101,0.85,1,1,1,1
1048,19:17:58,72.5,600,200,01010000000000000101,0.85,1,1,1,1
1049,19:18:08,73.0,600,200,01010000000000000101,0.85,1,1,1,1
1050,19:18:18,72.5,1500,500,01010000000000000000,0.85,0,0,1,1
1051,19:18:29,72.5,600,200,01010000000000000101,0.85,1,1,1,1
1052,19:18:39,73.0,600,200,01010000000000000101,0.85,1,1,1,1
1053,19:18:49,73.0,600,200,01010000000000000101,0.85,1,1,1,1
1054,19:19:00,72.0,600,200,01010000000000000101,0.85,1,1,1,1
1055,19:19:10,72.5,600,200,01010000000000000101,0.85,1,1,1,1
1056,19:19:20,72.0,600,200,01010000000000000101,0.85,1,1,1,1
1058,19:19:31,72.5,600,200,01010000000000000101,0.85,1,1,1,1
1059,19:19:41,72.5,600,200,01010000000000000101,0.85,1,1,1,1
1060,19:19:51,72.5,600,200,01010000000000000101,0.85,1,1,1,1
1061,19:20:02,72.0,600,200,01010000000000000101,0.85,1,1,1,1
1062,19:20:12,72.5,1500,200,01010000000000000000,0.85,0,0,1,1
1063,19:20:22,72.0,600,200,01010000000000000101,0.85,1,1,1,1
1064,19:20:33,72.0,600,200,01010000000000000101,0.85,1,1,1,1
1065,19:20:43,72.0,600,200,01010000000000000101,0.85,1,1,1,1
1066,19:20:53,72.5,600,200,01010000000000000101,0.85,1,1,1,1
1067,19:21:04,72.0,600,200,01010000000000000101,0.85,1,1,1,1
1068,19:21:14,72.0,600,200,01010000000000000101,0.85,1,1,1,1
1069,19:21:24,73.0,600,200,01010000000000000101,0.85,1,1,1,1
1070,19:21:35,72.5,600,200,01010000000000000101,0.85,1,1,1,1
1071,19:21:45,72.0,600,200,01010000000000000101,0.85,1,1,1,1
1072,19:21:55,72.5,600,200,01010000000000000101,0.85,1,1,1,1
1074,19:22:06,73.0,1500,500,01010000000000000101,0.85,1,1,1,1
1075,19:22:16,72.5,600,200,01010000000000000101,0.85,1,1,1,1
1076,19:22:26,72.5,600,200,01010000000000000101,0.85,1,1,1,1
1077,19:22:37,73.0,600,200,01010000000000000101,0.85,1,1,1,1
1078,19:22:47,73.0,600,200,01010000000000000101,0.85,1,1,1,1
1079,19:22:57,73.5,600,200,01010000000000000101,0.85,1,1,1,1
1080,19:23:08,72.5,600,200,01010000000000000101,0.85,1,1,1,1
1081,19:23:18,72.5,600,200,01010000000000000101,0.85,1,1,1,1
1082,19:23:28,72.0,600,200,01010000000000000101,0.85,1,1,1,1
1083,19:23:39,72.5,600,200,01010000000000000101,0.85,1,1,1,1
1084,19:23:49,72.5,600,200,01010000000000000101,0.85,1,1,1,1
1085,19:24:00,73.0,600,200,01010000000000000101,0.85,1,1,1,1
1086,19:24:10,73.0,600,200,01010000000000000101,0.85,1,1,1,1
1087,19:24:20,72.5,600,200,01010000000000000101,0.85,1,1,1,1
1088,19:24:31,71.5,600,200,01010000000000000101,0.85,1,1,1,1
1090,19:24:41,72.5,600,200,01010000000000000101,0.85,1,1,1,1
1091,19:24:51,72.5,600,200,01010000000000000101,0.85,1,1,1,1
1092,19:25:02,71.5,600,200,01010000000000000101,0.85,1,1,1,1
1093,19:25:12,72.5,600,200,01010000000000000101,0.85,1,1,1,1
1094,19:25:22,71.5,600,200,01010000000000000101,0.85,1,1,1,1
1095,19:25:33,72.0,600,200,01010000000000000101,0.85,1,1,1,1
1096,19:25:43,72.0,600,200,01010000000000000000,0.85,0,0,1,1
1097,19:25:53,71.1,1500,500,01010000000000000101,0.85,1,1,1,1
1098,19:26:03,73.0,600,200,01010000000000000101,0.85,1,1,1,1
1099,19:26:14,71.5,600,200,01010000000000000101,0.85,1,1,1,1
1100,19:26:24,73.0,600,200,01010000000000000101,0.85,1,1,1,1
1101,19:26:35,72.5,600,200,01010000000000000101,0.85,1,1,1,1
1102,19:26:45,72.0,600,200,01010000000000000101,0.85,1,1,1,1
1103,19:26:55,72.5,600,200,01010000000000000101,0.85,1,1,1,1
1104,19:27:06,71.5,600,200,01010000000000000101,0.85,1,1,1,1
1106,19:27:16,71.5,600,200,01010000000000000101,0.85,1,1,1,1
1107,19:27:26,72.5,600,200,01010000000000000101,0.85,1,1,1,1
1108,19:27:37,72.5,600,200,01010000000000000101,0.85,1,1,1,1
1109,19:27:47,71.5,600,200,01010000000000000101,0.85,1,1,1,1
1110,19:27:57,73.0,600,200,01010000000000000101,0.85,1,1,1,1
1111,19:28:08,72.0,600,200,01010000000000000101,0.85,1,1,1,1
1112,19:28:18,72.5,600,200,01010000000000000101,0.85,1,1,1,1
1113,19:28:28,72.5,600,200,01010000000000000101,0.85,1,1,1,1
1114,19:28:39,73.0,600,200,01010000000000000000,0.85,0,0,1,1
1115,19:28:49,72.5,1500,500,01010000000000000101,0.85,1,1,1,1
1116,19:28:59,71.5,600,200,01010000000000000101,0.85,1,1,1,1
1117,19:29:10,72.5,600,200,01010000000000000101,0.85,1,1,1,1
1118,19:29:20,72.5,600,200,01010000000000000101,0.85,1,1,1,1
1119,19:29:30,72.5,600,200,01010000000000000101,0.85,1,1,1,1
1120,19:29:41,72.0,600,200,01010000000000000101,0.85,1,1,1,1
1122,19:29:51,71.5,600,200,01010000000000000101,0.85,1,1,1,1
1123,19:30:01,71.5,600,200,01010000000000000101,0.85,1,1,1,1
1124,19:30:12,72.0,600,200,01010000000000000101,0.85,1,1,1,1
1125,19:30:22,72.5,600,200,01010000000000000101,0.85,1,1,1,1
1126,19:30:32,72.0,600,200,01010000000000000101,0.85,1,1,1,1
1127,19:30:43,72.5,1500,500,01010000000000000000,0.85,0,0,1,1
1128,19:30:53,72.0,600,200,01010000000000000101,0.85,1,1,1,1
1129,19:31:03,73.5,600,200,01010000000000000101,0.85,1,1,1,1
1130,19:31:14,72.0,600,200,01010000000000000101,0.85,1,1,1,1
1131,19:31:24,72.0,600,200,01010000000000000101,0.85,1,1,1,1
1132,19:31:34,71.1,600,200,01010000000000000101,0.85,1,1,1,1
1133,19:31:45,72.0,600,200,01010000000000000101,0.85,1,1,1,1
1134,19:31:55,72.0,600,200,01010000000000000101,0.85,1,1,1,1
1135,19:32:05,72.5,600,200,01010000000000000101,0.85,1,1,1,1
1136,19:32:16,73.0,600,200,01010000000000000101,0.85,1,1,1,1
1138,19:32:26,73.0,600,200,01010000000000000101,0.85,1,1,1,1
1139,19:32:36,72.0,600,200,01010000000000000101,0.85,1,1,1,1
1140,19:32:47,71.5,600,200,01010000000000000101,0.85,1,1,1,1
1141,19:32:57,72.0,600,200,01010000000000000101,0.85,1,1,1,1
1142,19:33:07,72.5,600,200,01010000000000000101,0.85,1,1,1,1
1143,19:33:18,73.0,1500,500,01010000000000000000,0.85,0,0,1,1
1144,19:33:28,71.5,600,200,01010000000000000101,0.85,1,1,1,1
1145,19:33:38,71.5,600,200,01010000000000000101,0.85,1,1,1,1
1146,19:33:49,71.5,600,200,01010000000000000101,0.85,1,1,1,1
1147,19:33:59,72.0,600,200,01010000000000000101,0.85,1,1,1,1
1148,19:34:09,72.5,600,200,01010000000000000101,0.85,1,1,1,1
1149,19:34:20,71.5,600,200,01010000000000000101,0.85,1,1,1,1
1150,19:34:30,72.0,600,200,01010000000000000101,0.85,1,1,1,1
1151,19:34:41,71.5,600,200,01010000000000000101,0.85,1,1,1,1
1152,19:34:51,73.0,600,200,01010000000000000101,0.85,1,1,1,1
1154,19:35:01,73.0,600,200,01010000000000000101,0.85,1,1,1,1
1155,19:35:12,71.5,600,200,01010000000000000101,0.85,1,1,1,1
1156,19:35:22,72.0,600,200,01010000000000000101,0.85,1,1,1,1
1157,19:35:32,72.0,600,200,01010000000000000101,0.85,1,1,1,1
1158,19:35:43,72.0,600,200,01010000000000000101,0.85,1,1,1,1
1159,19:35:53,72.0,600,200,01010000000000000101,0.85,1,1,1,1
1160,19:36:03,71.5,600,200,01010000000000000101,0.85,1,1,1,1
1161,19:36:14,73.0,600,200,01010000000000000101,0.85,1,1,1,1
1162,19:36:24,71.1,600,200,01010000000000000101,0.85,1,1,1,1
1163,19:36:35,71.5,600,200,01010000000000000101,0.85,1,1,1,1
1164,19:36:45,71.5,600,200,01010000000000000101,0.85,1,1,1,1
1165,19:36:55,72.5,600,200,01010000000000000101,0.85,1,1,1,1
1166,19:37:05,72.5,600,200,01010000000000000101,0.85,1,1,1,1
1167,19:37:16,72.5,600,200,01010000000000000101,0.85,1,1,1,1
1168,19:37:26,71.5,600,200,01010000000000000101,0.85,1,1,1,1
1170,19:37:37,73.0,600,200,01010000000000000101,0.85,1,1,1,1
1171,19:37:47,73.0,600,200,01010000000000000000,0.85,0,0,1,1
1172,19:37:57,71.5,600,500,01010000000000000101,0.85,1,1,1,1
1173,19:38:07,73.0,600,200,01010000000000000101,0.85,1,1,1,1
1174,19:38:18,72.0,600,200,01010000000000000101,0.85,1,1,1,1
1175,19:38:28,72.0,600,200,01010000000000000101,0.85,1,1,1,1
1176,19:38:38,72.0,600,200,01010000000000000101,0.85,1,1,1,1
1177,19:38:49,72.5,600,200,01010000000000000101,0.85,1,1,1,1
1178,19:38:59,72.5,600,200,01010000000000000101,0.85,1,1,1,1
1179,19:39:10,72.0,600,200,01010000000000000101,0.85,1,1,1,1
1180,19:39:20,72.0,600,200,01010000000000000101,0.85,1,1,1,1
1181,19:39:30,71.5,600,200,01010000000000000101,0.85,1,1,1,1
1182,19:39:40,71.5,1500,500,01010000000000000101,0.85,1,1,1,1
1183,19:39:51,72.0,600,200,01010000000000000101,0.85,1,1,1,1
1184,19:40:01,72.5,600,200,01010000000000000101,0.85,1,1,1,1
1186,19:40:12,71.5,600,200,01010000000000000101,0.85,1,1,1,1
1187,19:40:22,71.5,600,200,01010000000000000101,0.85,1,1,1,1
1188,19:40:32,72.0,600,200,01010000000000000101,0.85,1,1,1,1
1189,19:40:43,72.5,600,200,01010000000000000101,0.85,1,1,1,1
1190,19:40:53,72.5,600,200,01010000000000000101,0.85,1,1,1,1
1191,19:41:03,73.0,600,200,01010000000000000101,0.85,1,1,1,1
1192,19:41:14,72.0,600,200,01010000000000000101,0.85,1,1,1,1
1193,19:41:24,72.5,600,200,01010000000000000000,0.85,0,0,1,1
1194,19:41:34,72.0,1500,500,01010000000000000000,0.85,0,0,1,1
1195,19:41:44,72.0,600,500,01010000000000000101,0.85,1,1,1,1
1196,19:41:55,72.5,600,200,01010000000000000101,0.85,1,1,1,1
1197,19:42:05,72.5,600,200,01010000000000000101,0.85,1,1,1,1
1198,19:42:15,72.0,600,200,01010000000000000101,0.85,1,1,1,1
1199,19:42:26,73.0,600,200,01010000000000000101,0.85,1,1,1,1
1200,19:42:36,71.5,600,200,01010000000000000101,0.85,1,1,1,1
1202,19:42:46,72.5,600,200,01010000000000000101,0.85,1,1,1,1
1203,19:42:57,72.5,600,200,01010000000000000101,0.85,1,1,1,1
1204,19:43:07,72.5,600,200,01010000000000000101,0.85,1,1,1,1
1205,19:43:18,71.5,600,200,01010000000000000101,0.85,1,1,1,1
1206,19:43:28,72.5,600,200,01010000000000000101,0.85,1,1,1,1
1207,19:43:38,72.5,600,200,01010000000000000101,0.85,1,1,1,1
1208,19:43:48,72.0,1500,500,01010000000000000101,0.85,1,1,1,1
1209,19:43:59,72.5,600,200,01010000000000000101,0.85,1,1,1,1
1210,19:44:09,72.0,600,200,01010000000000000101,0.85,1,1,1,1
1211,19:44:19,72.0,600,200,01010000000000000101,0.85,1,1,1,1
1212,19:44:30,72.0,600,200,01010000000000000101,0.85,1,1,1,1
1213,19:44:40,72.0,600,200,01010000000000000101,0.85,1,1,1,1
1214,19:44:50,73.0,600,200,01010000000000000101,0.85,1,1,1,1
1215,19:45:01,72.0,600,200,01010000000000000101,0.85,1,1,1,1
1216,19:45:11,73.0,600,200,01010000000000000101,0.85,1,1,1,1
1218,19:45:22,72.0,600,200,01010000000000000101,0.85,1,1,1,1
1219,19:45:32,73.0,600,200,01010000000000000101,0.85,1,1,1,1
1220,19:45:42,71.5,600,200,01010000000000000101,0.85,1,1,1,1
1221,19:45:52,72.0,600,200,01010000000000000000,0.85,0,0,1,1
1222,19:46:03,73.0,1500,500,01010000000000000101,0.85,1,1,1,1
1223,19:46:13,72.5,600,500,01010000000000000101,0.85,1,1,1,1
1224,19:46:23,71.5,600,200,01010000000000000101,0.85,1,1,1,1
1225,19:46:34,72.0,600,200,01010000000000000101,0.85,1,1,1,1
1226,19:46:44,72.5,600,200,01010000000000000101,0.85,1,1,1,1
1227,19:46:54,71.5,600,200,01010000000000000101,0.85,1,1,1,1
1228,19:47:05,72.5,600,200,01010000000000000101,0.85,1,1,1,1
1229,19:47:15,73.0,600,200,01010000000000000101,0.85,1,1,1,1
1230,19:47:25,72.0,600,200,01010000000000000101,0.85,1,1,1,1
1231,19:47:36,72.5,600,200,01010000000000000101,0.85,1,1,1,1
1232,19:47:46,72.0,600,200,01010000000000000101,0.85,1,1,1,1
1234,19:47:57,73.0,600,200,01010000000000000101,0.85,1,1,1,1
1235,19:48:07,72.0,600,200,01010000000000000101,0.85,1,1,1,1
1236,19:48:17,72.5,600,200,01010000000000000101,0.85,1,1,1,1
1237,19:48:28,71.5,600,200,01010000000000000101,0.85,1,1,1,1
1238,19:48:38,72.0,600,200,01010000000000000101,0.85,1,1,1,1
1239,19:48:48,72.0,600,200,01010000000000000101,0.85,1,1,1,1
1240,19:48:58,72.5,1500,200,01010000000000000000,0.85,0,0,1,1
1241,19:49:09,73.0,600,200,01010000000000000101,0.85,1,1,1,1
1242,19:49:19,73.5,600,200,01010000000000000101,0.85,1,1,1,1
1243,19:49:29,72.5,600,200,01010000000000000101,0.85,1,1,1,1
1244,19:49:40,73.0,600,200,01010000000000000101,0.85,1,1,1,1
1245,19:49:50,72.5,600,200,01010000000000000101,0.85,1,1,1,1
1246,19:50:01,74.0,600,200,01010000000000000101,0.85,1,1,1,1
1247,19:50:11,72.5,600,200,01010000000000000101,0.85,1,1,1,1
1248,19:50:21,72.0,600,200,01010000000000000101,0.85,1,1,1,1
1250,19:50:32,73.5,600,200,01010000000000000101,0.85,1,1,1,1
1251,19:50:42,73.0,600,200,01010000000000000101,0.85,1,1,1,1
1252,19:50:52,73.5,600,200,01010000000000000101,0.85,1,1,1,1
1253,19:51:03,73.5,600,200,01010000000000000101,0.85,1,1,1,1
1254,19:51:13,74.0,600,200,01010000000000000101,0.85,1,1,1,1
1255,19:51:23,75.0,1500,200,01010000000000000000,0.85,0,0,1,1
1256,19:51:34,73.0,1500,500,01010000000000000101,0.85,1,1,1,1
1257,19:51:44,73.5,600,200,01010000000000000101,0.85,1,1,1,1
1258,19:51:54,73.5,600,200,01010000000000000101,0.85,1,1,1,1
1259,19:52:05,72.5,600,200,01010000000000000101,0.85,1,1,1,1
1260,19:52:15,73.5,600,200,01010000000000000101,0.85,1,1,1,1
1261,19:52:25,73.0,600,200,01010000000000000101,0.85,1,1,1,1
1262,19:52:36,73.5,600,200,01010000000000000101,0.85,1,1,1,1
1263,19:52:46,74.0,600,200,01010000000000000101,0.85,1,1,1,1
1264,19:52:57,73.0,600,200,01010000000000000101,0.85,1,1,1,1
1266,19:53:07,73.0,600,200,01010000000000000101,0.85,1,1,1,1
1267,19:53:17,73.5,600,200,01010000000000000101,0.85,1,1,1,1
1268,19:53:28,73.5,600,200,01010000000000000101,0.85,1,1,1,1
1269,19:53:38,73.0,600,200,01010000000000000101,0.85,1,1,1,1
1270,19:53:48,73.5,600,200,01010000000000000101,0.85,1,1,1,1
1271,19:53:59,74.0,600,200,01010000000000000101,0.85,1,1,1,1
1272,19:54:09,73.5,600,200,01010000000000000101,0.85,1,1,1,1
1273,19:54:19,74.0,600,200,01010000000000000101,0.85,1,1,1,1
1274,19:54:30,73.5,600,200,01010000000000000101,0.85,1,1,1,1
1275,19:54:40,73.0,600,200,01010000000000000101,0.85,1,1,1,1
1276,19:54:50,74.5,600,200,01010000000000000101,0.85,1,1,1,1
1277,19:55:01,75.0,600,200,01010000000000000101,0.85,1,1,1,1
1278,19:55:11,74.5,1500,500,01010000000000000000,0.85,0,0,1,1
1279,19:55:21,73.0,600,200,01010000000000000101,0.85,1,1,1,1
1280,19:55:32,74.5,600,200,01010000000000000101,0.85,1,1,1,1
1282,19:55:42,74.5,600,200,01010000000000000101,0.85,1,1,1,1
1283,19:55:52,73.5,600,200,01010000000000000101,0.85,1,1,1,1
1284,19:56:03,73.5,600,200,01010000000000000101,0.85,1,1,1,1
1285,19:56:13,73.5,600,200,01010000000000000101,0.85,1,1,1,1
1286,19:56:24,74.0,600,200,01010000000000000101,0.85,1,1,1,1
1287,19:56:34,73.0,600,200,01010000000000000101,0.85,1,1,1,1
1288,19:56:44,73.0,600,200,01010000000000000101,0.85,1,1,1,1
1289,19:56:55,73.0,600,200,01010000000000000101,0.85,1,1,1,1
1290,19:57:05,71.5,600,200,01010000000000000101,0.85,1,1,1,1
1291,19:57:15,72.0,600,200,01010000000000000101,0.85,1,1,1,1
1292,19:57:26,72.0,600,200,01010000000000000101,0.85,1,1,1,1
1293,19:57:36,72.0,600,200,01010000000000000101,0.85,1,1,1,1
1294,19:57:46,73.0,600,200,01010000000000000101,0.85,1,1,1,1
1295,19:57:57,72.0,600,200,01010000000000000101,0.85,1,1,1,1
1296,19:58:07,71.1,600,200,01010000000000000101,0.85,1,1,1,1
1298,19:58:17,71.1,600,200,01010000000000000101,0.85,1,1,1,1
1299,19:58:28,72.0,600,200,01010000000000000101,0.85,1,1,1,1
1300,19:58:38,70.6,600,200,01010000000000000101,0.85,1,1,1,1
1301,19:58:49,71.1,600,200,01010000000000000101,0.85,1,1,1,1
1302,19:58:59,71.5,600,200,01010000000000000101,0.85,1,1,1,1
1303,19:59:09,71.1,600,200,01010000000000000101,0.85,1,1,1,1
1304,19:59:19,71.1,1500,500,01010000000000000000,0.85,0,0,1,1
1305,19:59:30,70.1,600,200,01010000000000000101,0.85,1,1,1,1
1306,19:59:40,70.1,600,200,01010000000000000101,0.85,1,1,1,1
1307,19:59:50,69.6,600,200,01010000000000000101,0.85,1,1,1,1
1308,20:00:01,70.1,600,200,01010000000000000101,0.85,1,1,1,1
1309,20:00:11,69.6,600,200,01010000000000000101,0.85,1,1,1,1
1310,20:00:21,70.1,600,200,01010000000000000101,0.85,1,1,1,1
1311,20:00:32,70.6,600,200,01010000000000000101,0.85,1,1,1,1
1312,20:00:42,69.6,600,200,01010000000000000101,0.85,1,1,1,1
1314,20:00:52,70.1,600,200,01010000000000000101,0.85,1,1,1,1
1315,20:01:03,68.6,600,500,01010000000000000101,0.85,1,1,1,1
1316,20:01:13,68.6,600,200,01010000000000000101,0.85,1,1,1,1
1317,20:01:23,69.6,600,200,01010000000000000101,0.85,1,1,1,1
1318,20:01:34,69.1,600,200,01010000000000000101,0.85,1,1,1,1
1319,20:01:44,69.1,600,200,01010000000000000101,0.85,1,1,1,1
1320,20:01:54,68.6,600,200,01010000000000000101,0.85,1,1,1,1
1321,20:02:05,68.1,600,200,01010000000000000101,0.85,1,1,1,1
1322,20:02:15,69.1,600,200,01010000000000000101,0.85,1,1,1,1
1323,20:02:26,69.6,600,200,01010000000000000101,0.85,1,1,1,1
1324,20:02:36,69.1,600,200,01010000000000000101,0.85,1,1,1,1
1325,20:02:46,69.6,600,200,01010000000000000000,0.85,0,0,1,1
1326,20:02:56,68.6,600,200,01010000000000000101,0.85,1,1,1,1
1327,20:03:07,69.1,600,200,01010000000000000101,0.85,1,1,1,1
1328,20:03:17,69.6,600,200,01010000000000000101,0.85,1,1,1,1
1330,20:03:28,69.1,600,200,01010000000000000101,0.85,1,1,1,1
1331,20:03:38,68.1,600,200,01010000000000000101,0.85,1,1,1,1
1332,20:03:48,68.6,600,200,01010000000000000101,0.85,1,1,1,1
1333,20:03:59,69.1,600,200,01010000000000000101,0.85,1,1,1,1
1334,20:04:09,70.6,600,200,01010000000000000101,0.85,1,1,1,1
1335,20:04:19,69.1,600,200,01010000000000000101,0.85,1,1,1,1
1336,20:04:30,69.1,600,200,01010000000000000101,0.85,1,1,1,1
1337,20:04:40,69.6,600,200,01010000000000000101,0.85,1,1,1,1
1338,20:04:50,68.1,600,200,01010000000000000101,0.85,1,1,1,1
1339,20:05:01,69.1,600,200,01010000000000000101,0.85,1,1,1,1
1340,20:05:11,69.1,600,200,01010000000000000101,0.85,1,1,1,1
1341,20:05:21,69.1,1500,500,01010000000000000101,0.85,1,1,1,1
1342,20:05:32,69.1,600,200,01010000000000000101,0.85,1,1,1,1
1343,20:05:42,68.6,600,200,01010000000000000101,0.85,1,1,1,1
1344,20:05:52,69.1,600,200,01010000000000000101,0.85,1,1,1,1
1346,20:06:03,69.1,600,200,01010000000000000101,0.85,1,1,1,1
1347,20:06:13,69.1,600,200,01010000000000000101,0.85,1,1,1,1
1348,20:06:23,69.1,600,200,01010000000000000101,0.85,1,1,1,1
1349,20:06:34,68.6,600,200,01010000000000000101,0.85,1,1,1,1
1350,20:06:44,68.1,600,200,01010000000000000101,0.85,1,1,1,1
1351,20:06:55,68.6,600,200,01010000000000000101,0.85,1,1,1,1
1352,20:07:05,69.6,600,200,01010000000000000101,0.85,1,1,1,1
1353,20:07:15,68.6,600,200,01010000000000000101,0.85,1,1,1,1
1354,20:07:26,68.6,600,200,01010000000000000101,0.85,1,1,1,1
1355,20:07:36,68.6,1500,500,01010000000000000101,0.85,1,1,1,1
1356,20:07:46,69.1,600,200,01010000000000000101,0.85,1,1,1,1
1357,20:07:57,68.6,600,200,01010000000000000101,0.85,1,1,1,1
1358,20:08:07,68.1,600,200,01010000000000000101,0.85,1,1,1,1
1359,20:08:17,69.1,600,200,01010000000000000101,0.85,1,1,1,1
1360,20:08:28,68.6,600,200,01010000000000000101,0.85,1,1,1,1
1362,20:08:38,68.6,600,200,01010000000000000101,0.85,1,1,1,1
1363,20:08:48,69.1,600,200,01010000000000000101,0.85,1,1,1,1
1364,20:08:59,69.1,600,200,01010000000000000101,0.85,1,1,1,1
1365,20:09:09,69.1,600,200,01010000000000000101,0.85,1,1,1,1
1366,20:09:19,68.1,600,200,01010000000000000101,0.85,1,1,1,1
1367,20:09:30,68.6,600,200,01010000000000000101,0.85,1,1,1,1
1368,20:09:40,69.1,600,200,01010000000000000101,0.85,1,1,1,1
1369,20:09:50,70.1,1500,500,01010000000000000000,0.85,0,0,1,1
1370,20:10:01,69.1,600,200,01010000000000000101,0.85,1,1,1,1
1371,20:10:11,69.1,600,200,01010000000000000101,0.85,1,1,1,1
1372,20:10:21,69.1,600,200,01010000000000000101,0.85,1,1,1,1
1373,20:10:32,69.1,600,200,01010000000000000101,0.85,1,1,1,1
1374,20:10:42,68.1,600,200,01010000000000000101,0.85,1,1,1,1
1375,20:10:52,68.6,600,200,01010000000000000101,0.85,1,1,1,1
1376,20:11:03,69.1,600,200,01010000000000000101,0.85,1,1,1,1
1378,20:11:13,68.1,600,200,01010000000000000101,0.85,1,1,1,1
1379,20:11:23,68.1,600,200,01010000000000000101,0.85,1,1,1,1
1380,20:11:34,69.6,600,200,01010000000000000101,0.85,1,1,1,1
1381,20:11:44,69.6,600,200,01010000000000000101,0.85,1,1,1,1
1382,20:11:54,68.6,600,200,01010000000000000101,0.85,1,1,1,1
1383,20:12:05,68.6,600,200,01010000000000000101,0.85,1,1,1,1
1384,20:12:15,70.1,600,200,01010000000000000000,0.85,0,0,1,1
1385,20:12:25,69.6,600,200,01010000000000000101,0.85,1,1,1,1
1386,20:12:36,69.6,600,200,01010000000000000101,0.85,1,1,1,1
1387,20:12:46,68.6,600,200,01010000000000000101,0.85,1,1,1,1
1388,20:12:56,68.6,600,200,01010000000000000101,0.85,1,1,1,1
1389,20:13:07,68.1,600,200,01010000000000000101,0.85,1,1,1,1
1390,20:13:17,68.6,600,200,01010000000000000101,0.85,1,1,1,1
1391,20:13:28,69.1,600,200,01010000000000000101,0.85,1,1,1,1
1392,20:13:38,68.6,600,200,01010000000000000101,0.85,1,1,1,1
1394,20:13:48,68.6,600,200,01010000000000000101,0.85,1,1,1,1
1395,20:13:59,69.1,600,200,01010000000000000101,0.85,1,1,1,1
1396,20:14:09,69.6,600,200,01010000000000000101,0.85,1,1,1,1
1397,20:14:19,69.1,600,200,01010000000000000101,0.85,1,1,1,1
1398,20:14:30,68.6,600,200,01010000000000000101,0.85,1,1,1,1
1399,20:14:40,68.6,600,200,01010000000000000101,0.85,1,1,1,1
1400,20:14:50,69.6,600,200,01010000000000000000,0.85,0,0,1,1
1401,20:15:01,70.1,600,200,01010000000000000101,0.85,1,1,1,1
1402,20:15:11,69.1,600,200,01010000000000000101,0.85,1,1,1,1
1403,20:15:22,69.1,600,200,01010000000000000101,0.85,1,1,1,1
1404,20:15:32,68.6,600,200,01010000000000000101,0.85,1,1,1,1
1405,20:15:42,68.6,600,200,01010000000000000101,0.85,1,1,1,1
1406,20:15:53,67.6,600,200,01010000000000000101,0.85,1,1,1,1
1407,20:16:03,68.6,600,200,01010000000000000101,0.85,1,1,1,1
1408,20:16:13,68.1,1500,500,01010000000000000101,0.85,1,1,1,1
1410,20:16:24,68.1,600,200,01010000000000000101,0.85,1,1,1,1
1411,20:16:34,68.1,600,200,01010000000000000101,0.85,1,1,1,1
1412,20:16:44,68.6,600,200,01010000000000000101,0.85,1,1,1,1
1413,20:16:54,68.1,600,200,01010000000000000101,0.85,1,1,1,1
1414,20:17:05,68.6,600,200,01010000000000000101,0.85,1,1,1,1
1415,20:17:15,68.1,600,200,01010000000000000101,0.85,1,1,1,1
1416,20:17:26,68.1,600,200,01010000000000000101,0.85,1,1,1,1
1417,20:17:36,68.6,600,200,01010000000000000101,0.85,1,1,1,1
1418,20:17:46,69.1,600,200,01010000000000000101,0.85,1,1,1,1
1419,20:17:57,69.1,600,200,01010000000000000101,0.85,1,1,1,1
1420,20:18:07,68.1,600,200,01010000000000000101,0.85,1,1,1,1
1421,20:18:17,68.1,600,200,01010000000000000101,0.85,1,1,1,1
1422,20:18:28,69.1,600,200,01010000000000000101,0.85,1,1,1,1
1423,20:18:38,68.1,1500,500,01010000000000000101,0.85,1,1,1,1
1424,20:18:48,68.6,600,200,01010000000000000101,0.85,1,1,1,1
1426,20:18:59,68.6,600,200,01010000000000000101,0.85,1,1,1,1
1427,20:19:09,69.1,600,200,01010000000000000101,0.85,1,1,1,1
1428,20:19:19,68.6,600,200,01010000000000000101,0.85,1,1,1,1
1429,20:19:30,68.1,600,200,01010000000000000101,0.85,1,1,1,1
1430,20:19:40,68.1,600,200,01010000000000000101,0.85,1,1,1,1
1431,20:19:50,67.2,600,200,01010000000000000101,0.85,1,1,1,1
1432,20:20:01,68.6,600,200,01010000000000000101,0.85,1,1,1,1
1433,20:20:11,69.1,600,200,01010000000000000101,0.85,1,1,1,1
1434,20:20:21,68.6,600,200,01010000000000000101,0.85,1,1,1,1
1435,20:20:32,68.6,600,200,01010000000000000101,0.85,1,1,1,1
1436,20:20:42,68.6,600,200,01010000000000000101,0.85,1,1,1,1
1437,20:20:52,68.6,600,200,01010000000000000000,0.85,0,0,1,1
1438,20:21:03,68.6,600,200,01010000000000000101,0.85,1,1,1,1
1439,20:21:13,69.1,600,200,01010000000000000101,0.85,1,1,1,1
1440,20:21:23,68.6,600,200,01010000000000000101,0.85,1,1,1,1
1442,20:21:34,68.6,600,200,01010000000000000101,0.85,1,1,1,1
1443,20:21:44,68.6,600,200,01010000000000000101,0.85,1,1,1,1
1444,20:21:55,68.6,600,200,01010000000000000101,0.85,1,1,1,1
1445,20:22:05,67.6,600,200,01010000000000000101,0.85,1,1,1,1
1446,20:22:15,68.6,600,200,01010000000000000101,0.85,1,1,1,1
1447,20:22:26,68.6,600,200,01010000000000000101,0.85,1,1,1,1
1448,20:22:36,69.6,600,200,01010000000000000101,0.85,1,1,1,1
1449,20:22:46,68.1,600,200,01010000000000000101,0.85,1,1,1,1
1450,20:22:57,68.6,600,200,01010000000000000101,0.85,1,1,1,1
1451,20:23:07,68.1,600,200,01010000000000000101,0.85,1,1,1,1
1452,20:23:17,68.6,600,200,01010000000000000101,0.85,1,1,1,1
1453,20:23:28,68.6,600,200,01010000000000000000,0.85,0,0,1,1
1454,20:23:38,69.1,600,200,01010000000000000101,0.85,1,1,1,1
1455,20:23:48,69.6,600,200,01010000000000000101,0.85,1,1,1,1
1456,20:23:59,68.6,600,200,01010000000000000101,0.85,1,1,1,1
1458,20:24:09,68.1,600,200,01010000000000000101,0.85,1,1,1,1
1459,20:24:19,67.6,600,200,01010000000000000101,0.85,1,1,1,1
1460,20:24:30,68.1,600,200,01010000000000000101,0.85,1,1,1,1
1461,20:24:40,67.6,600,200,01010000000000000101,0.85,1,1,1,1
1462,20:24:51,68.6,600,200,01010000000000000101,0.85,1,1,1,1
1463,20:25:01,68.1,600,200,01010000000000000101,0.85,1,1,1,1
1464,20:25:11,68.1,600,200,01010000000000000101,0.85,1,1,1,1
1465,20:25:22,69.6,600,200,01010000000000000101,0.85,1,1,1,1
1466,20:25:32,68.6,600,200,01010000000000000101,0.85,1,1,1,1
1467,20:25:42,68.6,600,200,01010000000000000101,0.85,1,1,1,1
1468,20:25:53,68.6,600,200,01010000000000000101,0.85,1,1,1,1
1469,20:26:03,68.1,600,200,01010000000000000101,0.85,1,1,1,1
1470,20:26:13,67.6,1500,500,01010000000000000101,0.85,1,1,1,1
1471,20:26:24,67.6,600,200,01010000000000000101,0.85,1,1,1,1
1472,20:26:34,68.1,600,200,01010000000000000101,0.85,1,1,1,1
1474,20:26:44,68.6,600,200,01010000000000000101,0.85,1,1,1,1
1475,20:26:55,68.1,600,200,01010000000000000101,0.85,1,1,1,1
1476,20:27:05,68.1,600,200,01010000000000000101,0.85,1,1,1,1
1477,20:27:15,68.6,600,200,01010000000000000101,0.85,1,1,1,1
1478,20:27:26,67.6,600,200,01010000000000000101,0.85,1,1,1,1
1479,20:27:36,68.1,600,200,01010000000000000101,0.85,1,1,1,1
1480,20:27:46,68.1,600,200,01010000000000000101,0.85,1,1,1,1
1481,20:27:57,68.1,600,200,01010000000000000101,0.85,1,1,1,1
1482,20:28:07,67.2,600,200,01010000000000000101,0.85,1,1,1,1
1483,20:28:17,68.6,600,200,01010000000000000101,0.85,1,1,1,1
1484,20:28:28,68.6,600,200,01010000000000000101,0.85,1,1,1,1
1485,20:28:38,69.1,600,200,01010000000000000101,0.85,1,1,1,1
1486,20:28:48,67.2,600,200,01010000000000000101,0.85,1,1,1,1
1487,20:28:59,67.2,1500,500,01010000000000000101,0.85,1,1,1,1
1488,20:29:09,68.6,600,200,01010000000000000101,0.85,1,1,1,1
1490,20:29:19,67.6,600,200,01010000000000000101,0.85,1,1,1,1
1491,20:29:30,68.6,600,200,01010000000000000101,0.85,1,1,1,1
1492,20:29:40,68.1,600,200,01010000000000000101,0.85,1,1,1,1
1493,20:29:50,69.1,600,200,01010000000000000101,0.85,1,1,1,1
1494,20:30:01,68.1,600,200,01010000000000000101,0.85,1,1,1,1
1495,20:30:11,68.1,600,200,01010000000000000101,0.85,1,1,1,1
1496,20:30:22,68.1,600,200,01010000000000000101,0.85,1,1,1,1
1497,20:30:32,68.1,600,200,01010000000000000101,0.85,1,1,1,1
1498,20:30:42,67.6,600,200,01010000000000000101,0.85,1,1,1,1
1499,20:30:53,69.1,600,200,01010000000000000101,0.85,1,1,1,1
1500,20:31:03,68.1,600,200,01010000000000000101,0.85,1,1,1,1
1501,20:31:13,67.6,600,200,01010000000000000101,0.85,1,1,1,1
1502,20:31:24,68.1,600,200,01010000000000000000,0.85,0,0,1,1
1503,20:31:34,67.6,600,200,01010000000000000101,0.85,1,1,1,1
1504,20:31:44,68.6,600,200,01010000000000000101,0.85,1,1,1,1
1506,20:31:55,68.1,600,200,01010000000000000101,0.85,1,1,1,1
1507,20:32:05,68.6,600,200,01010000000000000101,0.85,1,1,1,1
1508,20:32:15,68.6,600,200,01010000000000000101,0.85,1,1,1,1
1509,20:32:26,68.1,600,200,01010000000000000101,0.85,1,1,1,1
1510,20:32:36,69.1,600,200,01010000000000000101,0.85,1,1,1,1
1511,20:32:46,68.6,600,200,01010000000000000101,0.85,1,1,1,1
1512,20:32:57,68.6,600,200,01010000000000000101,0.85,1,1,1,1
1513,20:33:07,68.1,600,200,01010000000000000101,0.85,1,1,1,1
1514,20:33:17,68.6,600,200,01010000000000000101,0.85,1,1,1,1
1515,20:33:28,67.6,600,200,01010000000000000101,0.85,1,1,1,1
1516,20:33:38,68.1,600,200,01010000000000000101,0.85,1,1,1,1
1517,20:33:49,68.6,600,200,01010000000000000101,0.85,1,1,1,1
1518,20:33:59,69.6,1500,500,01010000000000000000,0.85,0,0,1,1
1519,20:34:09,70.6,1500,500,01010000000000000000,0.85,0,0,1,1
1520,20:34:19,71.1,1500,500,01010000000000000000,0.85,0,0,1,1
1522,20:34:29,71.1,1500,500,01010000000000000000,0.85,0,0,1,1
1523,20:34:39,72.0,1500,500,01010000000000000000,0.85,0,0,1,1
1524,20:34:49,70.6,1500,500,01010000000000000000,0.85,0,0,1,1
1525,20:35:00,71.5,1500,500,01010000000000000000,0.85,0,0,1,1
1526,20:35:10,71.5,1500,500,01010000000000000000,0.85,0,0,1,1
1527,20:35:20,71.1,1500,500,01010000000000000000,0.85,0,0,1,1
1528,20:35:30,71.5,1500,500,01010000000000000000,0.85,0,0,1,1
1529,20:35:40,69.6,1500,500,01010000000000000000,0.85,0,0,1,1
1530,20:35:50,72.0,1500,500,01010000000000000000,0.85,0,0,1,1
1531,20:36:01,72.0,1500,500,01010000000000000000,0.85,0,0,1,1
1532,20:36:11,71.1,1500,500,01010000000000000000,0.85,0,0,1,1
1533,20:36:21,71.1,1500,500,01010000000000000000,0.85,0,0,1,1
1534,20:36:31,72.0,1500,500,01010000000000000000,0.85,0,0,1,1
1535,20:36:41,73.0,1500,500,01010000000000000000,0.85,0,0,1,1
1536,20:36:51,71.5,1500,500,01010000000000000000,0.85,0,0,1,1
1538,20:37:01,71.5,1500,500,01010000000000000000,0.85,0,0,1,1
1539,20:37:12,71.1,1500,500,01010000000000000000,0.85,0,0,1,1
1540,20:37:22,71.5,1500,500,01010000000000000000,0.85,0,0,1,1
1541,20:37:32,72.0,1500,500,01010000000000000000,0.85,0,0,1,1
1542,20:37:42,71.5,1500,500,01010000000000000000,0.85,0,0,1,1
1543,20:37:52,71.5,1500,500,01010000000000000000,0.85,0,0,1,1
1544,20:38:02,71.1,1500,500,01010000000000000000,0.85,0,0,1,1
1545,20:38:12,70.1,1500,500,01010000000000000000,0.85,0,0,1,1
1546,20:38:23,70.1,1500,500,01010000000000000000,0.85,0,0,1,1
1547,20:38:33,71.1,1500,500,01010000000000000000,0.85,0,0,1,1
1548,20:38:43,71.1,1500,500,01010000000000000000,0.85,0,0,1,1
1549,20:38:53,71.1,1500,500,01010000000000000000,0.85,0,0,1,1
1550,20:39:03,71.5,1500,500,01010000000000000000,0.85,0,0,1,1
1551,20:39:13,71.1,1500,500,01010000000000000000,0.85,0,0,1,1
1552,20:39:23,69.6,1500,500,01010000000000000000,0.85,0,0,1,1
1554,20:39:34,70.6,1500,500,01010000000000000000,0.85,0,0,1,1
1555,20:39:44,70.6,1500,500,01010000000000000000,0.85,0,0,1,1
1556,20:39:54,69.1,1500,500,01010000000000000000,0.85,0,0,1,1
1557,20:40:04,69.1,1500,500,01010000000000000000,0.85,0,0,1,1
1558,20:40:14,71.1,1500,500,01010000000000000000,0.85,0,0,1,1
1559,20:40:24,70.6,1500,500,01010000000000000000,0.85,0,0,1,1
1560,20:40:34,69.6,1500,500,01010000000000000000,0.85,0,0,1,1
1561,20:40:45,68.6,1500,500,01010000000000000000,0.85,0,0,1,1
1562,20:40:55,69.1,1500,500,01010000000000000000,0.85,0,0,1,1
1563,20:41:05,70.6,1500,500,01010000000000000000,0.85,0,0,1,1
1564,20:41:15,69.1,1500,500,01010000000000000000,0.85,0,0,1,1
1565,20:41:25,69.6,1500,500,01010000000000000000,0.85,0,0,1,1
1566,20:41:35,69.6,1500,500,01010000000000000000,0.85,0,0,1,1
1567,20:41:45,68.6,1500,500,01010000000000000000,0.85,0,0,1,1
1568,20:41:55,68.1,1500,500,01010000000000000000,0.85,0,0,1,1
1570,20:42:06,68.6,1500,500,01010000000000000000,0.85,0,0,1,1
1571,20:42:16,68.6,1500,500,01010000000000000000,0.85,0,0,1,1
1572,20:42:26,68.6,1500,500,01010000000000000000,0.85,0,0,1,1
1573,20:42:36,69.6,1500,500,01010000000000000000,0.85,0,0,1,1
1574,20:42:46,68.6,1500,500,01010000000000000000,0.85,0,0,1,1
1575,20:42:56,68.1,1500,500,01010000000000000000,0.85,0,0,1,1
1576,20:43:06,68.1,1500,500,01010000000000000000,0.85,0,0,1,1
1577,20:43:17,69.1,1500,500,01010000000000000000,0.85,0,0,1,1
1578,20:43:27,69.1,1500,500,01010000000000000000,0.85,0,0,1,1
1579,20:43:37,69.1,1500,500,01010000000000000000,0.85,0,0,1,1
1580,20:43:47,68.6,1500,500,01010000000000000000,0.85,0,0,1,1
1581,20:43:57,67.6,1500,500,01010000000000000000,0.85,0,0,1,1
1582,20:44:07,68.1,1500,500,01010000000000000000,0.85,0,0,1,1
1583,20:44:17,67.6,1500,500,01010000000000000000,0.85,0,0,1,1
1584,20:44:28,67.6,1500,500,01010000000000000000,0.85,0,0,1,1
1586,20:44:38,67.6,1500,500,01010000000000000000,0.85,0,0,1,1
1587,20:44:48,67.6,1500,500,01010000000000000000,0.85,0,0,1,1
1588,20:44:58,68.1,1500,500,01010000000000000000,0.85,0,0,1,1
1589,20:45:08,68.1,1500,500,01010000000000000000,0.85,0,0,1,1
1590,20:45:18,67.6,1500,500,01010000000000000000,0.85,0,0,1,1
1591,20:45:28,68.1,1500,500,01010000000000000000,0.85,0,0,1,1
1592,20:45:39,67.6,1500,500,01010000000000000000,0.85,0,0,1,1
1593,20:45:49,67.6,1500,500,01010000000000000000,0.85,0,0,1,1
1594,20:45:59,67.2,1500,500,01010000000000000000,0.85,0,0,1,1
1595,20:46:09,68.1,1500,500,01010000000000000000,0.85,0,0,1,1
1596,20:46:19,67.6,1500,500,01010000000000000000,0.85,0,0,1,1
1597,20:46:29,68.1,1500,500,01010000000000000000,0.85,0,0,1,1
1598,20:46:39,67.6,1500,500,01010000000000000000,0.85,0,0,1,1
1599,20:46:50,67.2,1500,500,01010000000000000000,0.85,0,0,1,1
1600,20:47:00,67.6,1500,500,01010000000000000000,0.85,0,0,1,1
1602,20:47:10,67.2,1500,500,01010000000000000000,0.85,0,0,1,1
1603,20:47:20,68.1,1500,500,01010000000000000000,0.85,0,0,1,1
1604,20:47:30,67.6,1500,500,01010000000000000000,0.85,0,0,1,1
1605,20:47:40,68.1,1500,500,01010000000000000000,0.85,0,0,1,1
1606,20:47:50,67.2,1500,500,01010000000000000000,0.85,0,0,1,1
1607,20:48:01,68.1,1500,500,01010000000000000000,0.85,0,0,1,1
1608,20:48:11,66.7,1500,500,01010000000000000000,0.85,0,0,1,1
1609,20:48:21,66.7,1500,500,01010000000000000000,0.85,0,0,1,1
1610,20:48:31,66.7,1500,500,01010000000000000000,0.85,0,0,1,1
1611,20:48:41,67.6,1500,500,01010000000000000000,0.85,0,0,1,1
1612,20:48:51,66.2,1500,500,01010000000000000000,0.85,0,0,1,1
1613,20:49:01,68.1,1500,500,01010000000000000000,0.85,0,0,1,1
1614,20:49:12,66.2,1500,500,01010000000000000000,0.85,0,0,1,1
1615,20:49:22,66.7,1500,500,01010000000000000000,0.85,0,0,1,1
1616,20:49:32,66.2,1500,500,01010000000000000000,0.85,0,0,1,1
1618,20:49:42,65.7,1500,500,01010000000000000000,0.85,0,0,1,1
1619,20:49:52,67.6,1500,500,01010000000000000000,0.85,0,0,1,1
1620,20:50:02,65.7,1500,500,01010000000000000000,0.85,0,0,1,1
1621,20:50:12,66.7,1500,500,01010000000000000000,0.85,0,0,1,1
1622,20:50:23,67.2,1500,500,01010000000000000000,0.85,0,0,1,1
1623,20:50:33,67.2,1500,500,01010000000000000000,0.85,0,0,1,1
1624,20:50:43,66.2,1500,500,01010000000000000000,0.85,0,0,1,1
1625,20:50:53,65.7,1500,500,01010000000000000000,0.85,0,0,1,1
1626,20:51:03,65.7,1500,500,01010000000000000000,0.85,0,0,1,1
1627,20:51:13,66.7,1500,500,01010000000000000000,0.85,0,0,1,1
1628,20:51:24,65.7,1500,500,01010000000000000000,0.85,0,0,1,1
1629,20:51:34,66.7,1500,500,01010000000000000000,0.85,0,0,1,1
1630,20:51:44,66.2,1500,500,01010000000000000000,0.85,0,0,1,1
1631,20:51:54,65.2,1500,500,01010000000000000000,0.85,0,0,1,1
1632,20:52:04,65.2,1500,500,01010000000000000000,0.85,0,0,1,1
1634,20:52:14,67.2,1500,500,01010000000000000000,0.85,0,0,1,1
1635,20:52:24,65.2,1500,500,01010000000000000000,0.85,0,0,1,1
1636,20:52:35,65.7,1500,500,01010000000000000000,0.85,0,0,1,1
1637,20:52:45,66.2,1500,500,01010000000000000000,0.85,0,0,1,1
1638,20:52:55,64.7,1500,500,01010000000000000000,0.85,0,0,1,1
1639,20:53:05,65.2,1500,500,01010000000000000000,0.85,0,0,1,1
1640,20:53:15,64.7,1500,500,01010000000000000000,0.85,0,0,1,1
1641,20:53:25,66.2,1500,500,01010000000000000000,0.85,0,0,1,1
1642,20:53:35,64.7,1500,500,01010000000000000000,0.85,0,0,1,1
1643,20:53:46,65.2,1500,500,01010000000000000000,0.85,0,0,1,1
1644,20:53:56,66.2,1500,500,01010000000000000000,0.85,0,0,1,1
1645,20:54:06,65.2,1500,500,01010000000000000000,0.85,0,0,1,1
1646,20:54:16,64.2,1500,500,01010000000000000000,0.85,0,0,1,1
1647,20:54:26,65.2,1500,500,01010000000000000000,0.85,0,0,1,1
1648,20:54:36,64.7,1500,500,01010000000000000000,0.85,0,0,1,1
1650,20:54:46,66.2,1500,500,01010000000000000000,0.85,0,0,1,1
1651,20:54:57,66.2,1500,500,01010000000000000000,0.85,0,0,1,1
1652,20:55:07,65.2,1500,500,01010000000000000000,0.85,0,0,1,1
1653,20:55:17,65.2,1500,500,01010000000000000000,0.85,0,0,1,1
1654,20:55:27,65.2,1500,500,01010000000000000000,0.85,0,0,1,1
1655,20:55:37,65.7,1500,500,01010000000000000000,0.85,0,0,1,1
1656,20:55:47,64.7,1500,500,01010000000000000000,0.85,0,0,1,1
1657,20:55:58,64.7,1500,500,01010000000000000000,0.85,0,0,1,1
1658,20:56:08,65.2,1500,500,01010000000000000000,0.85,0,0,1,1
1659,20:56:18,64.2,1500,500,01010000000000000000,0.85,0,0,1,1
1660,20:56:28,65.2,1500,500,01010000000000000000,0.85,0,0,1,1
1661,20:56:38,64.2,1500,500,01010000000000000000,0.85,0,0,1,1
1662,20:56:48,65.2,1500,500,01010000000000000000,0.85,0,0,1,1
1663,20:56:58,64.7,1500,500,01010000000000000000,0.85,0,0,1,1
1664,20:57:09,65.2,1500,500,01010000000000000000,0.85,0,0,1,1
1666,20:57:19,64.7,1500,500,01010000000000000000,0.85,0,0,1,1
1667,20:57:29,64.7,1500,500,01010000000000000000,0.85,0,0,1,1
1668,20:57:39,65.2,1500,500,01010000000000000000,0.85,0,0,1,1
1669,20:57:49,64.7,1500,500,01010000000000000000,0.85,0,0,1,1
1670,20:57:59,65.7,1500,500,01010000000000000000,0.85,0,0,1,1
1671,20:58:09,64.2,1500,500,01010000000000000000,0.85,0,0,1,1
1672,20:58:20,64.7,1500,500,01010000000000000000,0.85,0,0,1,1
1673,20:58:30,64.2,1500,500,01010000000000000000,0.85,0,0,1,1
1674,20:58:40,64.2,1500,500,01010000000000000000,0.85,0,0,1,1
1675,20:58:50,64.2,1500,500,01010000000000000000,0.85,0,0,1,1
1676,20:59:00,64.7,1500,500,01010000000000000000,0.85,0,0,1,1
1677,20:59:10,64.7,1500,500,01010000000000000000,0.85,0,0,1,1
1678,20:59:20,63.3,1500,500,01010000000000000000,0.85,0,0,1,1
1679,20:59:31,64.2,1500,500,01010000000000000000,0.85,0,0,1,1
1680,20:59:41,64.2,1500,500,01010000000000000000,0.85,0,0,1,1
1682,20:59:51,63.7,1500,500,01010000000000000000,0.85,0,0,1,1
1683,21:00:01,64.7,1500,500,01010000000000000000,0.85,0,0,1,1
1684,21:00:11,65.2,1500,500,01010000000000000000,0.85,0,0,1,1
1685,21:00:21,64.2,1500,500,01010000000000000000,0.85,0,0,1,1
1686,21:00:32,64.2,1500,500,01010000000000000000,0.85,0,0,1,1
1687,21:00:42,63.3,1500,500,01010000000000000000,0.85,0,0,1,1
1688,21:00:52,64.7,1500,500,01010000000000000000,0.85,0,0,1,1
1689,21:01:02,65.2,1500,500,01010000000000000000,0.85,0,0,1,1
1690,21:01:12,64.2,1500,500,01010000000000000000,0.85,0,0,1,1
1691,21:01:22,64.2,1500,500,01010000000000000000,0.85,0,0,1,1
1692,21:01:32,64.7,1500,500,01010000000000000000,0.85,0,0,1,1
1693,21:01:43,63.7,1500,500,01010000000000000000,0.85,0,0,1,1
1694,21:01:53,63.3,1500,500,01010000000000000000,0.85,0,0,1,1
1695,21:02:03,63.3,1500,500,01010000000000000000,0.85,0,0,1,1
1696,21:02:13,63.7,1500,500,01010000000000000000,0.85,0,0,1,1
1698,21:02:23,65.2,1500,500,01010000000000000000,0.85,0,0,1,1
1699,21:02:33,65.2,1500,500,01010000000000000000,0.85,0,0,1,1
1700,21:02:43,64.7,1500,500,01010000000000000000,0.85,0,0,1,1
1701,21:02:54,64.2,1500,500,01010000000000000000,0.85,0,0,1,1
1702,21:03:04,63.7,1500,500,01010000000000000000,0.85,0,0,1,1
1703,21:03:14,63.7,1500,500,01010000000000000000,0.85,0,0,1,1
1704,21:03:24,63.7,1500,500,01010000000000000000,0.85,0,0,1,1
1705,21:03:34,63.7,1500,500,01010000000000000000,0.85,0,0,1,1
1706,21:03:44,63.3,1500,500,01010000000000000000,0.85,0,0,1,1
1707,21:03:54,64.2,1500,500,01010000000000000000,0.85,0,0,1,1
1708,21:04:05,64.2,1500,500,01010000000000000000,0.85,0,0,1,1
1709,21:04:15,63.3,1500,500,01010000000000000000,0.85,0,0,1,1
1710,21:04:25,63.3,1500,500,01010000000000000000,0.85,0,0,1,1
1711,21:04:35,62.8,1500,500,01010000000000000000,0.85,0,0,1,1
1712,21:04:45,63.7,1500,500,01010000000000000000,0.85,0,0,1,1
1714,21:04:55,63.3,1500,500,01010000000000000000,0.85,0,0,1,1
1715,21:05:05,62.8,1500,500,01010000000000000000,0.85,0,0,1,1
1716,21:05:16,64.7,1500,500,01010000000000000000,0.85,0,0,1,1
1717,21:05:26,64.7,1500,500,01010000000000000000,0.85,0,0,1,1
1718,21:05:36,63.7,1500,500,01010000000000000000,0.85,0,0,1,1
1719,21:05:46,64.2,1500,500,01010000000000000000,0.85,0,0,1,1
1720,21:05:56,64.2,1500,500,01010000000000000000,0.85,0,0,1,1
1721,21:06:06,63.3,1500,500,01010000000000000000,0.85,0,0,1,1
1722,21:06:16,63.7,1500,500,01010000000000000000,0.85,0,0,1,1
1723,21:06:27,64.2,1500,500,01010000000000000000,0.85,0,0,1,1
1724,21:06:37,64.2,1500,500,01010000000000000000,0.85,0,0,1,1
1725,21:06:47,63.7,1500,500,01010000000000000000,0.85,0,0,1,1
1726,21:06:57,63.7,1500,500,01010000000000000000,0.85,0,0,1,1
1727,21:07:07,63.7,1500,500,01010000000000000000,0.85,0,0,1,1
1728,21:07:17,64.2,1500,500,01010000000000000000,0.85,0,0,1,1
1730,21:07:27,63.7,1500,500,01010000000000000000,0.85,0,0,1,1
1731,21:07:38,63.3,1500,500,01010000000000000000,0.85,0,0,1,1
1732,21:07:48,63.7,1500,500,01010000000000000000,0.85,0,0,1,1
1733,21:07:58,63.7,1500,500,01010000000000000000,0.85,0,0,1,1
1734,21:08:08,63.3,1500,500,01010000000000000000,0.85,0,0,1,1
1735,21:08:18,63.3,1500,500,01010000000000000000,0.85,0,0,1,1
1736,21:08:28,63.3,1500,500,01010000000000000000,0.85,0,0,1,1
1737,21:08:38,63.3,1500,500,01010000000000000000,0.85,0,0,1,1
1738,21:08:49,62.8,1500,500,01010000000000000000,0.85,0,0,1,1
1739,21:08:59,64.2,1500,500,01010000000000000000,0.85,0,0,1,1
1740,21:09:09,63.7,1500,500,01010000000000000000,0.85,0,0,1,1
1741,21:09:19,62.8,1500,500,01010000000000000000,0.85,0,0,1,1
1742,21:09:29,63.3,1500,500,01010000000000000000,0.85,0,0,1,1
1743,21:09:39,64.2,1500,500,01010000000000000000,0.85,0,0,1,1
1744,21:09:50,63.3,1500,500,01010000000000000000,0.85,0,0,1,1
1746,21:10:00,63.7,1500,500,01010000000000000000,0.85,0,0,1,1
1747,21:10:10,62.3,1500,500,01010000000000000000,0.85,0,0,1,1
1748,21:10:20,62.8,1500,500,01010000000000000000,0.85,0,0,1,1
1749,21:10:30,64.7,1500,500,01010000000000000000,0.85,0,0,1,1
1750,21:10:40,62.8,1500,500,01010000000000000000,0.85,0,0,1,1
1751,21:10:50,63.3,1500,500,01010000000000000000,0.85,0,0,1,1
1752,21:11:01,63.7,1500,500,01010000000000000000,0.85,0,0,1,1
1753,21:11:11,62.8,1500,500,01010000000000000000,0.85,0,0,1,1
1754,21:11:21,63.3,1500,500,01010000000000000000,0.85,0,0,1,1
1755,21:11:31,63.3,1500,500,01010000000000000000,0.85,0,0,1,1
1756,21:11:41,63.7,1500,500,01010000000000000000,0.85,0,0,1,1
1757,21:11:51,62.8,1500,500,01010000000000000000,0.85,0,0,1,1
1758,21:12:01,63.7,1500,500,01010000000000000000,0.85,0,0,1,1
1759,21:12:12,62.8,1500,500,01010000000000000000,0.85,0,0,1,1
1760,21:12:22,63.3,1500,500,01010000000000000000,0.85,0,0,1,1
1762,21:12:32,63.3,1500,500,01010000000000000000,0.85,0,0,1,1
1763,21:12:42,63.3,1500,500,01010000000000000000,0.85,0,0,1,1
1764,21:12:52,63.3,1500,500,01010000000000000000,0.85,0,0,1,1
1765,21:13:02,62.8,1500,500,01010000000000000000,0.85,0,0,1,1
1766,21:13:12,63.3,1500,500,01010000000000000000,0.85,0,0,1,1
1767,21:13:23,64.2,1500,500,01010000000000000000,0.85,0,0,1,1
1768,21:13:33,64.2,1500,500,01010000000000000000,0.85,0,0,1,1
1769,21:13:43,63.3,1500,500,01010000000000000000,0.85,0,0,1,1
1770,21:13:53,63.3,1500,500,01010000000000000000,0.85,0,0,1,1
1771,21:14:03,62.3,1500,500,01010000000000000000,0.85,0,0,1,1
1772,21:14:13,62.3,1500,500,01010000000000000000,0.85,0,0,1,1
1773,21:14:23,62.8,1500,500,01010000000000000000,0.85,0,0,1,1
1774,21:14:34,62.3,1500,500,01010000000000000000,0.85,0,0,1,1
1775,21:14:44,62.8,1500,500,01010000000000000000,0.85,0,0,1,1
1776,21:14:54,62.8,1500,500,01010000000000000000,0.85,0,0,1,1
1778,21:15:04,63.3,1500,500,01010000000000000000,0.85,0,0,1,1
1779,21:15:14,63.7,1500,500,01010000000000000000,0.85,0,0,1,1
1780,21:15:24,63.3,1500,500,01010000000000000000,0.85,0,0,1,1
1781,21:15:34,62.3,1500,500,01010000000000000000,0.85,0,0,1,1
1782,21:15:45,62.8,1500,500,01010000000000000000,0.85,0,0,1,1
1783,21:15:55,62.8,1500,500,01010000000000000000,0.85,0,0,1,1
1784,21:16:05,62.8,1500,500,01010000000000000000,0.85,0,0,1,1
1785,21:16:15,62.3,1500,500,01010000000000000000,0.85,0,0,1,1
1786,21:16:25,61.8,1500,500,01010000000000000000,0.85,0,0,1,1
1787,21:16:35,62.8,1500,500,01010000000000000000,0.85,0,0,1,1
1788,21:16:46,62.8,1500,500,01010000000000000000,0.85,0,0,1,1
1789,21:16:56,60.8,1500,500,01010000000000000000,0.85,0,0,1,1
1790,21:17:06,63.3,1500,500,01010000000000000000,0.85,0,0,1,1
1791,21:17:16,63.3,1500,500,01010000000000000000,0.85,0,0,1,1
1792,21:17:26,62.3,1500,500,01010000000000000000,0.85,0,0,1,1
1794,21:17:36,62.8,1500,500,01010000000000000000,0.85,0,0,1,1
1795,21:17:46,61.8,1500,500,01010000000000000000,0.85,0,0,1,1
1796,21:17:57,62.8,1500,500,01010000000000000000,0.85,0,0,1,1
1797,21:18:07,62.8,1500,500,01010000000000000000,0.85,0,0,1,1
1798,21:18:17,63.3,1500,500,01010000000000000000,0.85,0,0,1,1
1799,21:18:27,62.3,1500,500,01010000000000000000,0.85,0,0,1,1
1800,21:18:37,62.8,1500,500,01010000000000000000,0.85,0,0,1,1
1801,21:18:47,62.3,1500,500,01010000000000000000,0.85,0,0,1,1
1802,21:18:57,62.3,1500,500,01010000000000000000,0.85,0,0,1,1
1803,21:19:08,62.3,1500,500,01010000000000000000,0.85,0,0,1,1
1804,21:19:18,62.3,1500,500,01010000000000000000,0.85,0,0,1,1
1805,21:19:28,61.8,1500,500,01010000000000000000,0.85,0,0,1,1
1806,21:19:38,63.3,1500,500,01010000000000000000,0.85,0,0,1,1
1807,21:19:48,61.8,1500,500,01010000000000000000,0.85,0,0,1,1
1808,21:19:58,62.8,1500,500,01010000000000000000,0.85,0,0,1,1
1810,21:20:08,62.3,1500,500,01010000000000000000,0.85,0,0,1,1
1811,21:20:19,62.8,1500,500,01010000000000000000,0.85,0,0,1,1
1812,21:20:29,63.3,1500,500,01010000000000000000,0.85,0,0,1,1
1813,21:20:39,62.8,1500,500,01010000000000000000,0.85,0,0,1,1
1814,21:20:49,62.3,1500,500,01010000000000000000,0.85,0,0,1,1
1815,21:20:59,62.3,1500,500,01010000000000000000,0.85,0,0,1,1
1816,21:21:09,61.8,1500,500,01010000000000000000,0.85,0,0,1,1
1817,21:21:20,63.3,1500,500,01010000000000000000,0.85,0,0,1,1
1818,21:21:30,62.8,1500,500,01010000000000000000,0.85,0,0,1,1
1819,21:21:40,62.8,1500,500,01010000000000000000,0.85,0,0,1,1
1820,21:21:50,61.8,1500,500,01010000000000000000,0.85,0,0,1,1
1821,21:22:00,63.3,1500,500,01010000000000000000,0.85,0,0,1,1
1822,21:22:10,62.8,1500,500,01010000000000000000,0.85,0,0,1,1
1823,21:22:20,63.7,1500,500,01010000000000000000,0.85,0,0,1,1
1824,21:22:31,64.2,1500,500,01010000000000000000,0.85,0,0,1,1
1826,21:22:41,62.3,1500,500,01010000000000000000,0.85,0,0,1,1
1827,21:22:51,61.3,1500,500,01010000000000000000,0.85,0,0,1,1
1828,21:23:01,62.8,1500,500,01010000000000000000,0.85,0,0,1,1
1829,21:23:11,61.3,1500,500,01010000000000000000,0.85,0,0,1,1
1830,21:23:21,61.8,1500,500,01010000000000000000,0.85,0,0,1,1
1831,21:23:31,63.3,1500,500,01010000000000000000,0.85,0,0,1,1
1832,21:23:42,63.3,1500,500,01010000000000000000,0.85,0,0,1,1
1833,21:23:52,62.3,1500,500,01010000000000000000,0.85,0,0,1,1
1834,21:24:02,63.7,1500,500,01010000000000000000,0.85,0,0,1,1
1835,21:24:12,63.3,1500,500,01010000000000000000,0.85,0,0,1,1
1836,21:24:22,63.3,1500,500,01010000000000000000,0.85,0,0,1,1
1837,21:24:32,62.3,1500,500,01010000000000000000,0.85,0,0,1,1
1838,21:24:42,62.3,1500,500,01010000000000000000,0.85,0,0,1,1
1839,21:24:53,61.8,1500,500,01010000000000000000,0.85,0,0,1,1
1840,21:25:03,62.8,1500,500,01010000000000000000,0.85,0,0,1,1
1842,21:25:13,62.3,1500,500,01010000000000000000,0.85,0,0,1,1
1843,21:25:23,61.8,1500,500,01010000000000000000,0.85,0,0,1,1
1844,21:25:33,62.3,1500,500,01010000000000000000,0.85,0,0,1,1
1845,21:25:43,62.3,1500,500,01010000000000000000,0.85,0,0,1,1
1846,21:25:53,61.3,1500,500,01010000000000000000,0.85,0,0,1,1
1847,21:26:04,63.3,1500,500,01010000000000000000,0.85,0,0,1,1
1848,21:26:14,63.3,1500,500,01010000000000000000,0.85,0,0,1,1
1849,21:26:24,62.3,1500,500,01010000000000000000,0.85,0,0,1,1
1850,21:26:34,61.8,1500,500,01010000000000000000,0.85,0,0,1,1
1851,21:26:44,61.8,1500,500,01010000000000000000,0.85,0,0,1,1
1852,21:26:54,61.8,1500,500,01010000000000000000,0.85,0,0,1,1
1853,21:27:04,61.8,1500,500,01010000000000000000,0.85,0,0,1,1
1854,21:27:15,62.8,1500,500,01010000000000000000,0.85,0,0,1,1
1855,21:27:25,61.8,1500,500,01010000000000000000,0.85,0,0,1,1
1856,21:27:35,62.3,1500,500,01010000000000000000,0.85,0,0,1,1
1858,21:27:45,62.3,1500,500,01010000000000000000,0.85,0,0,1,1
1859,21:27:55,61.8,1500,500,01010000000000000000,0.85,0,0,1,1
1860,21:28:05,62.3,1500,500,01010000000000000000,0.85,0,0,1,1
1861,21:28:15,61.3,1500,500,01010000000000000000,0.85,0,0,1,1
1862,21:28:26,62.3,1500,500,01010000000000000000,0.85,0,0,1,1
1863,21:28:36,62.3,1500,500,01010000000000000000,0.85,0,0,1,1
1864,21:28:46,62.8,1500,500,01010000000000000000,0.85,0,0,1,1
1865,21:28:56,63.3,1500,500,01010000000000000000,0.85,0,0,1,1
1866,21:29:06,61.8,1500,500,01010000000000000000,0.85,0,0,1,1
1867,21:29:16,62.8,1500,500,01010000000000000000,0.85,0,0,1,1
1868,21:29:26,61.8,1500,500,01010000000000000000,0.85,0,0,1,1
1869,21:29:37,62.8,1500,500,01010000000000000000,0.85,0,0,1,1
1870,21:29:47,62.8,1500,500,01010000000000000000,0.85,0,0,1,1
1871,21:29:57,63.3,1500,500,01010000000000000000,0.85,0,0,1,1
1872,21:30:07,62.8,1500,500,01010000000000000000,0.85,0,0,1,1
1874,21:30:17,61.8,1500,500,01010000000000000000,0.85,0,0,1,1
1875,21:30:27,63.3,1500,500,01010000000000000000,0.85,0,0,1,1
1876,21:30:37,61.8,1500,500,01010000000000000000,0.85,0,0,1,1
1877,21:30:48,62.3,1500,500,01010000000000000000,0.85,0,0,1,1
1878,21:30:58,63.7,1500,500,01010000000000000000,0.85,0,0,1,1
1879,21:31:08,62.8,1500,500,01010000000000000000,0.85,0,0,1,1
1880,21:31:18,62.8,1500,500,01010000000000000000,0.85,0,0,1,1
1881,21:31:28,62.8,1500,500,01010000000000000000,0.85,0,0,1,1
1882,21:31:38,62.8,1500,500,01010000000000000000,0.85,0,0,1,1
1883,21:31:48,61.8,1500,500,01010000000000000000,0.85,0,0,1,1
1884,21:31:59,61.3,1500,500,01010000000000000000,0.85,0,0,1,1
1885,21:32:09,62.3,1500,500,01010000000000000000,0.85,0,0,1,1
1886,21:32:19,62.3,1500,500,01010000000000000000,0.85,0,0,1,1
1887,21:32:29,62.3,1500,500,01010000000000000000,0.85,0,0,1,1
1888,21:32:39,61.8,1500,500,01010000000000000000,0.85,0,0,1,1
1890,21:32:49,62.8,1500,500,01010000000000000000,0.85,0,0,1,1
1891,21:32:59,63.3,1500,500,01010000000000000000,0.85,0,0,1,1
1892,21:33:10,62.8,1500,500,01010000000000000000,0.85,0,0,1,1
1893,21:33:20,63.3,1500,500,01010000000000000000,0.85,0,0,1,1
1894,21:33:30,62.8,1500,500,01010000000000000000,0.85,0,0,1,1
1895,21:33:40,62.3,1500,500,01010000000000000000,0.85,0,0,1,1
1896,21:33:50,61.8,1500,500,01010000000000000000,0.85,0,0,1,1
1897,21:34:00,62.3,1500,500,01010000000000000000,0.85,0,0,1,1
1898,21:34:10,62.3,1500,500,01010000000000000000,0.85,0,0,1,1
1899,21:34:21,62.3,1500,500,01010000000000000000,0.85,0,0,1,1
1900,21:34:31,61.8,1500,500,01010000000000000000,0.85,0,0,1,1
1901,21:34:41,62.3,1500,500,01010000000000000000,0.85,0,0,1,1
1902,21:34:51,61.8,1500,500,01010000000000000000,0.85,0,0,1,1
1903,21:35:01,63.3,1500,500,01010000000000000000,0.85,0,0,1,1
1904,21:35:11,62.3,1500,500,01010000000000000000,0.85,0,0,1,1
1906,21:35:21,62.3,1500,500,01010000000000000000,0.85,0,0,1,1
1907,21:35:31,62.8,1500,500,01010000000000000000,0.85,0,0,1,1
1908,21:35:42,62.8,1500,500,01010000000000000000,0.85,0,0,1,1
1909,21:35:52,62.3,1500,500,01010000000000000000,0.85,0,0,1,1
1910,21:36:02,61.8,1500,500,01010000000000000000,0.85,0,0,1,1
1911,21:36:12,63.3,1500,500,01010000000000000000,0.85,0,0,1,1
1912,21:36:22,61.8,1500,500,01010000000000000000,0.85,0,0,1,1
1913,21:36:32,61.8,1500,500,01010000000000000000,0.85,0,0,1,1
1914,21:36:43,62.3,1500,500,01010000000000000000,0.85,0,0,1,1
1915,21:36:53,61.8,1500,500,01010000000000000000,0.85,0,0,1,1
1916,21:37:03,62.8,1500,500,01010000000000000000,0.85,0,0,1,1
1917,21:37:13,62.8,1500,500,01010000000000000000,0.85,0,0,1,1
1918,21:37:23,61.3,1500,500,01010000000000000000,0.85,0,0,1,1
1919,21:37:33,62.3,1500,500,01010000000000000000,0.85,0,0,1,1
1920,21:37:43,61.8,1500,500,01010000000000000000,0.85,0,0,1,1
1922,21:37:54,62.3,1500,500,01010000000000000000,0.85,0,0,1,1
1923,21:38:04,61.8,1500,500,01010000000000000000,0.85,0,0,1,1
1924,21:38:14,61.8,1500,500,01010000000000000000,0.85,0,0,1,1
1925,21:38:24,61.8,1500,500,01010000000000000000,0.85,0,0,1,1
1926,21:38:34,62.3,1500,500,01010000000000000000,0.85,0,0,1,1
1927,21:38:44,62.3,1500,500,01010000000000000000,0.85,0,0,1,1
1928,21:38:54,61.8,1500,500,01010000000000000000,0.85,0,0,1,1
1929,21:39:05,63.7,1500,500,01010000000000000000,0.85,0,0,1,1
1930,21:39:15,62.8,1500,500,01010000000000000000,0.85,0,0,1,1
1931,21:39:25,61.8,1500,500,01010000000000000000,0.85,0,0,1,1
1932,21:39:35,62.8,1500,500,01010000000000000000,0.85,0,0,1,1
1933,21:39:45,62.3,1500,500,01010000000000000000,0.85,0,0,1,1
1934,21:39:55,61.3,1500,500,01010000000000000000,0.85,0,0,1,1
1935,21:40:05,62.3,1500,500,01010000000000000000,0.85,0,0,1,1
1936,21:40:16,62.8,1500,500,01010000000000000000,0.85,0,0,1,1
1938,21:40:26,62.3,1500,500,01010000000000000000,0.85,0,0,1,1
1939,21:40:36,61.8,1500,500,01010000000000000000,0.85,0,0,1,1
1940,21:40:46,62.3,1500,500,01010000000000000000,0.85,0,0,1,1
1941,21:40:56,61.3,1500,500,01010000000000000000,0.85,0,0,1,1
1942,21:41:06,62.8,1500,500,01010000000000000000,0.85,0,0,1,1
1943,21:41:17,62.8,1500,500,01010000000000000000,0.85,0,0,1,1
1944,21:41:27,62.8,1500,500,01010000000000000000,0.85,0,0,1,1
1945,21:41:37,61.8,1500,500,01010000000000000000,0.85,0,0,1,1
1946,21:41:47,62.3,1000,333,01010000000000000000,0.85,0,0,1,1
1947,21:41:57,62.3,1500,500,01010000000000000000,0.85,0,0,1,1
1948,21:42:07,61.8,1500,500,01010000000000000000,0.85,0,0,1,1
1949,21:42:18,62.8,1500,500,01010000000000000000,0.85,0,0,1,1
1950,21:42:28,62.3,1500,500,01010000000000000000,0.85,0,0,1,1
1951,21:42:38,62.8,1500,500,01010000000000000000,0.85,0,0,1,1
1952,21:42:48,62.3,1500,500,01010000000000000000,0.85,0,0,1,1
1954,21:42:58,63.3,1500,500,01010000000000000000,0.85,0,0,1,1
1955,21:43:08,61.8,1000,333,01010000000000000000,0.85,0,0,1,1
1956,21:43:18,61.8,1500,500,01010000000000000000,0.85,0,0,1,1
1957,21:43:29,62.8,1500,500,01010000000000000000,0.85,0,0,1,1
1958,21:43:39,62.3,1500,333,01010000000000000000,0.85,0,0,1,1
1959,21:43:49,62.8,1500,500,01010000000000000000,0.85,0,0,1,1
1960,21:43:59,62.8,1500,500,01010000000000000000,0.85,0,0,1,1
1961,21:44:09,62.3,1500,500,01010000000000000000,0.85,0,0,1,1
1962,21:44:19,61.3,1500,500,01010000000000000000,0.85,0,0,1,1
1963,21:44:30,61.3,1500,500,01010000000000000000,0.85,0,0,1,1
1964,21:44:40,61.8,1500,500,01010000000000000000,0.85,0,0,1,1
1965,21:44:50,62.8,1500,500,01010000000000000000,0.85,0,0,1,1
1966,21:45:00,61.8,1500,500,01010000000000000000,0.85,0,0,1,1
1967,21:45:10,62.3,1500,500,01010000000000000000,0.85,0,0,1,1
1968,21:45:20,61.8,1500,500,01010000000000000000,0.85,0,0,1,1
1970,21:45:30,61.8,1500,500,01010000000000000000,0.85,0,0,1,1
1971,21:45:41,61.8,1500,500,01010000000000000000,0.85,0,0,1,1
1972,21:45:51,61.3,1500,500,01010000000000000000,0.85,0,0,1,1
1973,21:46:01,62.8,1500,500,01010000000000000000,0.85,0,0,1,1
1974,21:46:11,61.3,1500,500,01010000000000000000,0.85,0,0,1,1
1975,21:46:21,62.8,1500,500,01010000000000000000,0.85,0,0,1,1
1976,21:46:31,64.2,1500,500,01010000000000000000,0.85,0,0,1,1
1977,21:46:41,62.8,1500,500,01010000000000000000,0.85,0,0,1,1
1978,21:46:52,62.3,1500,500,01010000000000000000,0.85,0,0,1,1
1979,21:47:02,62.3,1500,500,01010000000000000000,0.85,0,0,1,1
1980,21:47:12,61.8,1500,500,01010000000000000000,0.85,0,0,1,1
1981,21:47:22,61.8,1500,500,01010000000000000000,0.85,0,0,1,1
1982,21:47:32,63.7,1500,500,01010000000000000000,0.85,0,0,1,1
1983,21:47:42,61.8,1500,500,01010000000000000000,0.85,0,0,1,1
1984,21:47:52,62.3,1500,500,01010000000000000000,0.85,0,0,1,1
1986,21:48:03,61.3,1500,500,01010000000000000000,0.85,0,0,1,1
1987,21:48:13,61.3,1500,500,01010000000000000000,0.85,0,0,1,1
1988,21:48:23,61.3,1500,500,01010000000000000000,0.85,0,0,1,1
1989,21:48:33,62.3,1500,500,01010000000000000000,0.85,0,0,1,1
1990,21:48:43,62.3,1500,500,01010000000000000000,0.85,0,0,1,1
1991,21:48:53,61.3,1500,500,01010000000000000000,0.85,0,0,1,1
1992,21:49:03,62.3,1500,500,01010000000000000000,0.85,0,0,1,1
1993,21:49:14,62.8,1500,500,01010000000000000000,0.85,0,0,1,1
1994,21:49:24,62.3,1500,500,01010000000000000000,0.85,0,0,1,1
1995,21:49:34,61.8,1500,500,01010000000000000000,0.85,0,0,1,1
1996,21:49:44,62.3,1500,500,01010000000000000000,0.85,0,0,1,1
1997,21:49:54,61.8,1500,500,01010000000000000000,0.85,0,0,1,1
1998,21:50:04,62.8,1500,500,01010000000000000000,0.85,0,0,1,1
1999,21:50:14,62.3,1500,500,01010000000000000000,0.85,0,0,1,1
2000,21:50:25,62.3,1500,500,01010000000000000000,0.85,0,0,1,1
2002,21:50:35,61.8,1500,500,01010000000000000000,0.85,0,0,1,1
2003,21:50:45,61.3,1500,500,01010000000000000000,0.85,0,0,1,1
2004,21:50:55,61.3,1500,500,01010000000000000000,0.85,0,0,1,1
2005,21:51:05,62.3,1500,500,01010000000000000000,0.85,0,0,1,1
2006,21:51:15,62.8,1500,500,01010000000000000000,0.85,0,0,1,1
2007,21:51:25,61.8,1500,500,01010000000000000000,0.85,0,0,1,1
2008,21:51:36,62.3,1500,500,01010000000000000000,0.85,0,0,1,1
2009,21:51:46,63.3,1500,500,01010000000000000000,0.85,0,0,1,1
2010,21:51:56,61.8,1500,500,01010000000000000000,0.85,0,0,1,1
2011,21:52:06,62.3,1500,500,01010000000000000000,0.85,0,0,1,1
2012,21:52:16,63.3,1500,500,01010000000000000000,0.85,0,0,1,1
2013,21:52:26,61.8,1500,500,01010000000000000000,0.85,0,0,1,1
2014,21:52:36,61.8,1500,500,01010000000000000000,0.85,0,0,1,1
2015,21:52:47,61.8,1500,500,01010000000000000000,0.85,0,0,1,1
2016,21:52:57,61.8,1500,500,01010000000000000000,0.85,0,0,1,1
2018,21:53:07,61.3,1500,500,01010000000000000000,0.85,0,0,1,1
2019,21:53:17,62.3,1500,500,01010000000000000000,0.85,0,0,1,1
2020,21:53:27,62.3,1500,500,01010000000000000000,0.85,0,0,1,1
2021,21:53:37,61.8,1500,500,01010000000000000000,0.85,0,0,1,1
2022,21:53:47,62.8,1500,500,01010000000000000000,0.85,0,0,1,1
2023,21:53:58,62.8,1500,500,01010000000000000000,0.85,0,0,1,1
2024,21:54:08,62.3,1500,500,01010000000000000000,0.85,0,0,1,1
2025,21:54:18,61.8,1500,500,01010000000000000000,0.85,0,0,1,1
2026,21:54:28,61.3,1500,500,01010000000000000000,0.85,0,0,1,1
2027,21:54:38,61.3,1500,500,01010000000000000000,0.85,0,0,1,1
2028,21:54:48,61.8,1500,500,01010000000000000000,0.85,0,0,1,1
2029,21:54:58,62.8,1500,500,01010000000000000000,0.85,0,0,1,1
2030,21:55:09,61.8,1500,500,01010000000000000000,0.85,0,0,1,1
2031,21:55:19,61.3,1500,500,01010000000000000000,0.85,0,0,1,1
2032,21:55:29,62.8,1500,500,01010000000000000000,0.85,0,0,1,1
2034,21:55:39,62.3,1500,500,01010000000000000000,0.85,0,0,1,1
2035,21:55:49,62.8,1500,500,01010000000000000000,0.85,0,0,1,1
2036,21:55:59,62.3,1500,500,01010000000000000000,0.85,0,0,1,1
2037,21:56:09,63.3,1500,500,01010000000000000000,0.85,0,0,1,1
2038,21:56:20,61.8,1500,500,01010000000000000000,0.85,0,0,1,1
2039,21:56:30,63.3,1500,500,01010000000000000000,0.85,0,0,1,1
2040,21:56:40,62.3,1500,500,01010000000000000000,0.85,0,0,1,1
2041,21:56:50,61.8,1500,500,01010000000000000000,0.85,0,0,1,1
2042,21:57:00,61.8,1500,500,01010000000000000000,0.85,0,0,1,1
2043,21:57:10,63.3,1500,500,01010000000000000000,0.85,0,0,1,1
2044,21:57:21,60.8,1500,500,01010000000000000000,0.85,0,0,1,1
2045,21:57:31,62.3,1500,500,01010000000000000000,0.85,0,0,1,1
2046,21:57:41,60.8,1500,500,01010000000000000000,0.85,0,0,1,1
2047,21:57:51,62.3,1500,500,01010000000000000000,0.85,0,0,1,1
2048,21:58:01,62.3,1500,500,01010000000000000000,0.85,0,0,1,1
2050,21:58:11,61.8,1500,500,01010000000000000000,0.85,0,0,1,1
2051,21:58:21,61.8,1500,500,01010000000000000000,0.85,0,0,1,1
2052,21:58:31,62.3,1500,500,01010000000000000000,0.85,0,0,1,1
2053,21:58:42,62.3,1500,500,01010000000000000000,0.85,0,0,1,1
2054,21:58:52,61.8,1500,500,01010000000000000000,0.85,0,0,1,1
2055,21:59:02,62.3,1500,500,01010000000000000000,0.85,0,0,1,1
2056,21:59:12,61.8,1500,500,01010000000000000000,0.85,0,0,1,1
2057,21:59:22,62.8,1500,500,01010000000000000000,0.85,0,0,1,1
2058,21:59:32,62.8,1500,500,01010000000000000000,0.85,0,0,1,1
2059,21:59:42,58.4,700,233,01010000000000000000,0.85,0,0,1,1
