record_id,window_id,recorded_timestamp,dial_frequency_MHz,SNR_dB,DT_seconds,audio_offset_Hz,category,in_previous_spreadsheets,source_locations,frequency_header_locations
RX0001,W1,2023-04-17 06:31:30,5.357,20,0.6,1404,CQ,True,5MHzALL19-04-2023.TXT:80; 5MZ copy taken 20-04-2023.TXT:80,5MHzALL19-04-2023.TXT:79; 5MZ copy taken 20-04-2023.TXT:79
RX0002,W1,2023-04-17 06:41:45,5.357,23,0.6,1403,CQ,True,5MHzALL19-04-2023.TXT:85; 5MZ copy taken 20-04-2023.TXT:85,5MHzALL19-04-2023.TXT:84; 5MZ copy taken 20-04-2023.TXT:84
RX0003,W1,2023-04-17 08:30:45,5.357,22,0.6,1401,CQ,True,5MHzALL19-04-2023.TXT:89; 5MZ copy taken 20-04-2023.TXT:89,5MHzALL19-04-2023.TXT:88; 5MZ copy taken 20-04-2023.TXT:88
RX0004,W1,2023-04-17 08:41:00,5.357,21,0.7,1402,CQ,True,5MHzALL19-04-2023.TXT:91; 5MZ copy taken 20-04-2023.TXT:91,5MHzALL19-04-2023.TXT:90; 5MZ copy taken 20-04-2023.TXT:90
RX0005,W1,2023-04-17 08:51:15,5.357,21,0.7,1402,CQ,True,5MHzALL19-04-2023.TXT:93; 5MZ copy taken 20-04-2023.TXT:93,5MHzALL19-04-2023.TXT:92; 5MZ copy taken 20-04-2023.TXT:92
RX0006,W1,2023-04-17 09:01:30,5.357,20,0.7,1403,CQ,True,5MHzALL19-04-2023.TXT:96; 5MZ copy taken 20-04-2023.TXT:96,5MHzALL19-04-2023.TXT:95; 5MZ copy taken 20-04-2023.TXT:95
RX0007,W1,2023-04-17 09:11:45,5.357,20,0.7,1401,CQ,True,5MHzALL19-04-2023.TXT:98; 5MZ copy taken 20-04-2023.TXT:98,5MHzALL19-04-2023.TXT:97; 5MZ copy taken 20-04-2023.TXT:97
RX0008,W1,2023-04-17 09:22:00,5.357,20,0.7,1402,CQ,True,5MHzALL19-04-2023.TXT:101; 5MZ copy taken 20-04-2023.TXT:101,5MHzALL19-04-2023.TXT:100; 5MZ copy taken 20-04-2023.TXT:100
RX0009,W1,2023-04-17 09:32:15,5.357,18,0.7,1403,CQ,True,5MHzALL19-04-2023.TXT:103; 5MZ copy taken 20-04-2023.TXT:103,5MHzALL19-04-2023.TXT:102; 5MZ copy taken 20-04-2023.TXT:102
RX0010,W1,2023-04-17 09:42:30,5.357,18,0.7,1403,CQ,True,5MHzALL19-04-2023.TXT:105; 5MZ copy taken 20-04-2023.TXT:105,5MHzALL19-04-2023.TXT:104; 5MZ copy taken 20-04-2023.TXT:104
RX0011,W1,2023-04-17 09:52:45,5.357,20,0.8,1403,CQ,True,5MHzALL19-04-2023.TXT:108; 5MZ copy taken 20-04-2023.TXT:108,5MHzALL19-04-2023.TXT:107; 5MZ copy taken 20-04-2023.TXT:107
RX0012,W1,2023-04-17 10:03:00,5.357,20,0.8,1402,CQ,True,5MHzALL19-04-2023.TXT:110; 5MZ copy taken 20-04-2023.TXT:110,5MHzALL19-04-2023.TXT:109; 5MZ copy taken 20-04-2023.TXT:109
RX0013,W1,2023-04-17 10:17:30,5.357,19,0.8,1402,CQ,True,5MHzALL19-04-2023.TXT:120; 5MZ copy taken 20-04-2023.TXT:120,5MHzALL19-04-2023.TXT:118; 5MZ copy taken 20-04-2023.TXT:118
RX0014,W1,2023-04-17 10:27:45,5.357,20,0.8,1402,CQ,True,5MHzALL19-04-2023.TXT:123; 5MZ copy taken 20-04-2023.TXT:123,5MHzALL19-04-2023.TXT:122; 5MZ copy taken 20-04-2023.TXT:122
RX0015,W1,2023-04-17 10:38:00,5.357,15,0.8,1402,CQ,True,5MHzALL19-04-2023.TXT:127; 5MZ copy taken 20-04-2023.TXT:127,5MHzALL19-04-2023.TXT:126; 5MZ copy taken 20-04-2023.TXT:126
RX0016,W1,2023-04-17 10:48:15,5.357,15,0.8,1403,CQ,True,5MHzALL19-04-2023.TXT:129; 5MZ copy taken 20-04-2023.TXT:129,5MHzALL19-04-2023.TXT:128; 5MZ copy taken 20-04-2023.TXT:128
RX0017,W1,2023-04-17 10:58:30,5.357,16,0.8,1402,CQ,True,5MHzALL19-04-2023.TXT:132; 5MZ copy taken 20-04-2023.TXT:132,5MHzALL19-04-2023.TXT:131; 5MZ copy taken 20-04-2023.TXT:131
RX0018,W1,2023-04-17 11:08:45,5.357,10,0.7,1402,CQ,True,5MHzALL19-04-2023.TXT:134; 5MZ copy taken 20-04-2023.TXT:134,5MHzALL19-04-2023.TXT:133; 5MZ copy taken 20-04-2023.TXT:133
RX0019,W1,2023-04-17 11:19:00,5.357,11,0.7,1401,CQ,True,5MHzALL19-04-2023.TXT:138; 5MZ copy taken 20-04-2023.TXT:138,5MHzALL19-04-2023.TXT:137; 5MZ copy taken 20-04-2023.TXT:137
RX0020,W1,2023-04-17 11:29:15,5.357,10,0.8,1403,CQ,True,5MHzALL19-04-2023.TXT:142; 5MZ copy taken 20-04-2023.TXT:142,5MHzALL19-04-2023.TXT:141; 5MZ copy taken 20-04-2023.TXT:141
RX0021,W1,2023-04-17 11:39:30,5.357,11,0.8,1402,CQ,True,5MHzALL19-04-2023.TXT:146; 5MZ copy taken 20-04-2023.TXT:146,5MHzALL19-04-2023.TXT:145; 5MZ copy taken 20-04-2023.TXT:145
RX0022,W1,2023-04-17 11:49:45,5.357,13,0.8,1403,CQ,True,5MHzALL19-04-2023.TXT:148; 5MZ copy taken 20-04-2023.TXT:148,5MHzALL19-04-2023.TXT:147; 5MZ copy taken 20-04-2023.TXT:147
RX0023,W1,2023-04-17 12:00:00,5.357,11,0.8,1402,CQ,True,5MHzALL19-04-2023.TXT:150; 5MZ copy taken 20-04-2023.TXT:150,5MHzALL19-04-2023.TXT:149; 5MZ copy taken 20-04-2023.TXT:149
RX0024,W1,2023-04-17 12:10:15,5.357,15,0.8,1401,CQ,True,5MHzALL19-04-2023.TXT:152; 5MZ copy taken 20-04-2023.TXT:152,5MHzALL19-04-2023.TXT:149; 5MZ copy taken 20-04-2023.TXT:149
RX0025,W1,2023-04-17 12:20:30,5.357,18,0.7,1401,CQ,True,5MHzALL19-04-2023.TXT:154; 5MZ copy taken 20-04-2023.TXT:154,5MHzALL19-04-2023.TXT:153; 5MZ copy taken 20-04-2023.TXT:153
RX0026,W1,2023-04-17 12:30:45,5.357,18,0.8,1401,CQ,True,5MHzALL19-04-2023.TXT:156; 5MZ copy taken 20-04-2023.TXT:156,5MHzALL19-04-2023.TXT:155; 5MZ copy taken 20-04-2023.TXT:155
RX0027,W1,2023-04-17 12:41:00,5.357,17,0.7,1401,CQ,True,5MHzALL19-04-2023.TXT:159; 5MZ copy taken 20-04-2023.TXT:159,5MHzALL19-04-2023.TXT:158; 5MZ copy taken 20-04-2023.TXT:158
RX0028,W1,2023-04-17 12:51:15,5.357,17,0.8,1401,CQ,True,5MHzALL19-04-2023.TXT:161; 5MZ copy taken 20-04-2023.TXT:161,5MHzALL19-04-2023.TXT:160; 5MZ copy taken 20-04-2023.TXT:160
RX0029,W1,2023-04-17 13:01:30,5.357,18,0.7,1401,CQ,True,5MHzALL19-04-2023.TXT:163; 5MZ copy taken 20-04-2023.TXT:163,5MHzALL19-04-2023.TXT:162; 5MZ copy taken 20-04-2023.TXT:162
RX0030,W1,2023-04-17 13:11:45,5.357,19,0.7,1401,CQ,True,5MHzALL19-04-2023.TXT:166; 5MZ copy taken 20-04-2023.TXT:166,5MHzALL19-04-2023.TXT:165; 5MZ copy taken 20-04-2023.TXT:165
RX0031,W1,2023-04-17 13:22:00,5.357,17,0.7,1401,CQ,True,5MHzALL19-04-2023.TXT:168; 5MZ copy taken 20-04-2023.TXT:168,5MHzALL19-04-2023.TXT:167; 5MZ copy taken 20-04-2023.TXT:167
RX0032,W1,2023-04-17 13:32:15,5.357,15,0.7,1401,CQ,True,5MHzALL19-04-2023.TXT:170; 5MZ copy taken 20-04-2023.TXT:170,5MHzALL19-04-2023.TXT:169; 5MZ copy taken 20-04-2023.TXT:169
RX0033,W1,2023-04-17 13:42:30,5.357,16,0.7,1401,CQ,True,5MHzALL19-04-2023.TXT:175; 5MZ copy taken 20-04-2023.TXT:175,5MHzALL19-04-2023.TXT:174; 5MZ copy taken 20-04-2023.TXT:174
RX0034,W1,2023-04-17 13:52:45,5.357,17,0.7,1402,CQ,True,5MHzALL19-04-2023.TXT:177; 5MZ copy taken 20-04-2023.TXT:177,5MHzALL19-04-2023.TXT:176; 5MZ copy taken 20-04-2023.TXT:176
RX0035,W1,2023-04-17 20:48:30,5.357,21,0.7,1403,CQ,True,5MHzALL19-04-2023.TXT:181; 5MZ copy taken 20-04-2023.TXT:181,5MHzALL19-04-2023.TXT:180; 5MZ copy taken 20-04-2023.TXT:180
RX0036,W1,2023-04-17 20:58:45,5.357,19,0.8,1403,CQ,True,5MHzALL19-04-2023.TXT:184; 5MZ copy taken 20-04-2023.TXT:184,5MHzALL19-04-2023.TXT:183; 5MZ copy taken 20-04-2023.TXT:183
RX0037,W1,2023-04-17 21:09:00,5.357,21,0.7,1403,CQ,True,5MHzALL19-04-2023.TXT:190; 5MZ copy taken 20-04-2023.TXT:190,5MHzALL19-04-2023.TXT:189; 5MZ copy taken 20-04-2023.TXT:189
RX0038,W1,2023-04-17 21:19:15,5.357,22,0.7,1402,CQ,True,5MHzALL19-04-2023.TXT:194; 5MZ copy taken 20-04-2023.TXT:194,5MHzALL19-04-2023.TXT:193; 5MZ copy taken 20-04-2023.TXT:193
RX0039,W1,2023-04-17 21:29:30,5.357,22,0.7,1402,CQ,True,5MHzALL19-04-2023.TXT:196; 5MZ copy taken 20-04-2023.TXT:196,5MHzALL19-04-2023.TXT:195; 5MZ copy taken 20-04-2023.TXT:195
RX0040,W1,2023-04-17 21:39:45,5.357,22,0.8,1403,CQ,True,5MHzALL19-04-2023.TXT:200; 5MZ copy taken 20-04-2023.TXT:200,5MHzALL19-04-2023.TXT:199; 5MZ copy taken 20-04-2023.TXT:199
RX0041,W1,2023-04-17 21:50:00,5.357,22,0.8,1403,CQ,True,5MHzALL19-04-2023.TXT:203; 5MZ copy taken 20-04-2023.TXT:203,5MHzALL19-04-2023.TXT:202; 5MZ copy taken 20-04-2023.TXT:202
RX0042,W1,2023-04-17 22:00:15,5.357,23,0.8,1403,CQ,True,5MHzALL19-04-2023.TXT:207; 5MZ copy taken 20-04-2023.TXT:207,5MHzALL19-04-2023.TXT:206; 5MZ copy taken 20-04-2023.TXT:206
RX0043,W1,2023-04-17 22:10:30,5.357,22,0.7,1402,CQ,True,5MHzALL19-04-2023.TXT:209; 5MZ copy taken 20-04-2023.TXT:209,5MHzALL19-04-2023.TXT:208; 5MZ copy taken 20-04-2023.TXT:208
RX0044,W1,2023-04-17 22:20:45,5.357,22,0.8,1403,CQ,True,5MHzALL19-04-2023.TXT:211; 5MZ copy taken 20-04-2023.TXT:211,5MHzALL19-04-2023.TXT:210; 5MZ copy taken 20-04-2023.TXT:210
RX0045,W1,2023-04-17 22:31:00,5.357,22,0.8,1402,CQ,True,5MHzALL19-04-2023.TXT:219; 5MZ copy taken 20-04-2023.TXT:219,5MHzALL19-04-2023.TXT:218; 5MZ copy taken 20-04-2023.TXT:218
RX0046,W1,2023-04-17 22:41:15,5.357,23,0.7,1404,CQ,True,5MHzALL19-04-2023.TXT:226; 5MZ copy taken 20-04-2023.TXT:226,5MHzALL19-04-2023.TXT:225; 5MZ copy taken 20-04-2023.TXT:225
RX0047,W1,2023-04-17 22:51:30,5.357,22,0.8,1401,CQ,True,5MHzALL19-04-2023.TXT:229; 5MZ copy taken 20-04-2023.TXT:229,5MHzALL19-04-2023.TXT:228; 5MZ copy taken 20-04-2023.TXT:228
RX0048,W1,2023-04-17 23:01:45,5.357,22,0.8,1402,CQ,True,5MHzALL19-04-2023.TXT:231; 5MZ copy taken 20-04-2023.TXT:231,5MHzALL19-04-2023.TXT:230; 5MZ copy taken 20-04-2023.TXT:230
RX0049,W1,2023-04-17 23:12:00,5.357,22,0.8,1400,CQ,True,5MHzALL19-04-2023.TXT:233; 5MZ copy taken 20-04-2023.TXT:233,5MHzALL19-04-2023.TXT:232; 5MZ copy taken 20-04-2023.TXT:232
RX0050,W1,2023-04-17 23:22:15,5.357,22,0.8,1402,CQ,True,5MHzALL19-04-2023.TXT:236; 5MZ copy taken 20-04-2023.TXT:236,5MHzALL19-04-2023.TXT:235; 5MZ copy taken 20-04-2023.TXT:235
RX0051,W1,2023-04-17 23:32:30,5.357,22,0.8,1402,CQ,True,5MHzALL19-04-2023.TXT:238; 5MZ copy taken 20-04-2023.TXT:238,5MHzALL19-04-2023.TXT:237; 5MZ copy taken 20-04-2023.TXT:237
RX0052,W1,2023-04-17 23:42:45,5.357,22,0.8,1400,CQ,True,5MHzALL19-04-2023.TXT:241; 5MZ copy taken 20-04-2023.TXT:241,5MHzALL19-04-2023.TXT:240; 5MZ copy taken 20-04-2023.TXT:240
RX0053,W1,2023-04-17 23:53:00,5.357,22,0.9,1401,CQ,True,5MHzALL19-04-2023.TXT:243; 5MZ copy taken 20-04-2023.TXT:243,5MHzALL19-04-2023.TXT:242; 5MZ copy taken 20-04-2023.TXT:242
RX0054,W1,2023-04-18 00:03:15,5.357,22,0.8,1399,CQ,True,5MHzALL19-04-2023.TXT:249; 5MZ copy taken 20-04-2023.TXT:249,5MHzALL19-04-2023.TXT:248; 5MZ copy taken 20-04-2023.TXT:248
RX0055,W1,2023-04-18 00:13:30,5.357,22,0.8,1397,CQ,True,5MHzALL19-04-2023.TXT:254; 5MZ copy taken 20-04-2023.TXT:254,5MHzALL19-04-2023.TXT:253; 5MZ copy taken 20-04-2023.TXT:253
RX0056,W1,2023-04-18 01:25:00,5.357,-15,0.8,1401,CQ,True,5MHzALL19-04-2023.TXT:268; 5MZ copy taken 20-04-2023.TXT:268,5MHzALL19-04-2023.TXT:267; 5MZ copy taken 20-04-2023.TXT:267
RX0057,W1,2023-04-18 01:35:15,5.357,-16,0.6,1400,CQ,True,5MHzALL19-04-2023.TXT:273; 5MZ copy taken 20-04-2023.TXT:273,5MHzALL19-04-2023.TXT:272; 5MZ copy taken 20-04-2023.TXT:272
RX0058,W1,2023-04-18 01:55:15,5.357,-16,0.7,1396,ID_only,True,5MHzALL19-04-2023.TXT:281; 5MZ copy taken 20-04-2023.TXT:281,5MHzALL19-04-2023.TXT:280; 5MZ copy taken 20-04-2023.TXT:280
RX0059,W1,2023-04-18 02:05:45,5.357,-15,0.6,1396,CQ,True,5MHzALL19-04-2023.TXT:285; 5MZ copy taken 20-04-2023.TXT:285,5MHzALL19-04-2023.TXT:284; 5MZ copy taken 20-04-2023.TXT:284
RX0060,W1,2023-04-18 02:16:00,5.357,-18,0.8,1394,CQ,True,5MHzALL19-04-2023.TXT:290; 5MZ copy taken 20-04-2023.TXT:290,5MHzALL19-04-2023.TXT:289; 5MZ copy taken 20-04-2023.TXT:289
RX0061,W2,2023-04-18 02:16:00,7.078,-14,0.5,1500,CQ,True,3.5MHz copy taken 20-04-2023.TXT:460; 7-5MHzAll19-04-2023.TXT:460,3.5MHz copy taken 20-04-2023.TXT:459; 7-5MHzAll19-04-2023.TXT:459
RX0062,W1,2023-04-18 02:26:15,5.357,-18,0.6,1395,CQ,True,5MHzALL19-04-2023.TXT:295; 5MZ copy taken 20-04-2023.TXT:295,5MHzALL19-04-2023.TXT:294; 5MZ copy taken 20-04-2023.TXT:294
RX0063,W2,2023-04-18 02:31:15,7.078,-11,0.7,1499,CQ,True,3.5MHz copy taken 20-04-2023.TXT:463; 7-5MHzAll19-04-2023.TXT:463,3.5MHz copy taken 20-04-2023.TXT:462; 7-5MHzAll19-04-2023.TXT:462
RX0064,W2,2023-04-18 02:45:15,7.078,-13,0.6,1501,ID_only,True,3.5MHz copy taken 20-04-2023.TXT:465; 7-5MHzAll19-04-2023.TXT:465,3.5MHz copy taken 20-04-2023.TXT:464; 7-5MHzAll19-04-2023.TXT:464
RX0065,W1,2023-04-18 02:57:00,5.357,-15,0.7,1396,CQ,True,5MHzALL19-04-2023.TXT:301; 5MZ copy taken 20-04-2023.TXT:301,5MHzALL19-04-2023.TXT:300; 5MZ copy taken 20-04-2023.TXT:300
RX0066,W2,2023-04-18 03:00:45,7.078,-14,0.5,1499,CQ,True,3.5MHz copy taken 20-04-2023.TXT:470; 7-5MHzAll19-04-2023.TXT:470,3.5MHz copy taken 20-04-2023.TXT:469; 7-5MHzAll19-04-2023.TXT:469
RX0067,W1,2023-04-18 03:07:15,5.357,-17,0.7,1395,CQ,True,5MHzALL19-04-2023.TXT:305; 5MZ copy taken 20-04-2023.TXT:305,5MHzALL19-04-2023.TXT:304; 5MZ copy taken 20-04-2023.TXT:304
RX0068,W2,2023-04-18 03:16:00,7.078,-13,0.5,1499,CQ,True,3.5MHz copy taken 20-04-2023.TXT:477; 7-5MHzAll19-04-2023.TXT:477,3.5MHz copy taken 20-04-2023.TXT:476; 7-5MHzAll19-04-2023.TXT:476
RX0069,W1,2023-04-18 03:17:45,5.357,-18,0.7,1395,CQ,True,5MHzALL19-04-2023.TXT:310; 5MZ copy taken 20-04-2023.TXT:310,5MHzALL19-04-2023.TXT:308; 5MZ copy taken 20-04-2023.TXT:308
RX0070,W2,2023-04-18 03:31:15,7.078,-8,0.5,1497,CQ,True,3.5MHz copy taken 20-04-2023.TXT:483; 7-5MHzAll19-04-2023.TXT:483,3.5MHz copy taken 20-04-2023.TXT:482; 7-5MHzAll19-04-2023.TXT:482
RX0071,W1,2023-04-18 03:38:00,5.357,-16,0.8,1397,CQ,True,5MHzALL19-04-2023.TXT:315; 5MZ copy taken 20-04-2023.TXT:315,5MHzALL19-04-2023.TXT:314; 5MZ copy taken 20-04-2023.TXT:314
RX0072,W2,2023-04-18 03:46:30,7.078,-12,0.4,1501,CQ,True,3.5MHz copy taken 20-04-2023.TXT:486; 7-5MHzAll19-04-2023.TXT:486,3.5MHz copy taken 20-04-2023.TXT:485; 7-5MHzAll19-04-2023.TXT:485
RX0073,W1,2023-04-18 03:48:15,5.357,-16,0.7,1396,CQ,True,5MHzALL19-04-2023.TXT:320; 5MZ copy taken 20-04-2023.TXT:320,5MHzALL19-04-2023.TXT:319; 5MZ copy taken 20-04-2023.TXT:319
RX0074,W2,2023-04-18 04:01:45,7.078,-14,0.4,1501,CQ,True,3.5MHz copy taken 20-04-2023.TXT:491; 7-5MHzAll19-04-2023.TXT:491,3.5MHz copy taken 20-04-2023.TXT:490; 7-5MHzAll19-04-2023.TXT:490
RX0075,W1,2023-04-18 04:08:45,5.357,-18,0.6,1396,CQ,True,5MHzALL19-04-2023.TXT:325; 5MZ copy taken 20-04-2023.TXT:325,5MHzALL19-04-2023.TXT:324; 5MZ copy taken 20-04-2023.TXT:324
RX0076,W2,2023-04-18 04:17:00,7.078,-15,0.4,1498,CQ,True,3.5MHz copy taken 20-04-2023.TXT:496; 7-5MHzAll19-04-2023.TXT:496,3.5MHz copy taken 20-04-2023.TXT:495; 7-5MHzAll19-04-2023.TXT:495
RX0077,W1,2023-04-18 04:19:00,5.357,-16,0.6,1395,CQ,True,5MHzALL19-04-2023.TXT:330; 5MZ copy taken 20-04-2023.TXT:330,5MHzALL19-04-2023.TXT:329; 5MZ copy taken 20-04-2023.TXT:329
RX0078,W1,2023-04-18 04:29:15,5.357,-18,0.5,1394,CQ,True,5MHzALL19-04-2023.TXT:332; 5MZ copy taken 20-04-2023.TXT:332,5MHzALL19-04-2023.TXT:329; 5MZ copy taken 20-04-2023.TXT:329
RX0079,W2,2023-04-18 04:32:15,7.078,-10,0.4,1499,CQ,True,3.5MHz copy taken 20-04-2023.TXT:499; 7-5MHzAll19-04-2023.TXT:499,3.5MHz copy taken 20-04-2023.TXT:498; 7-5MHzAll19-04-2023.TXT:498
RX0080,W1,2023-04-18 04:39:30,5.357,-14,0.7,1392,CQ,True,5MHzALL19-04-2023.TXT:334; 5MZ copy taken 20-04-2023.TXT:334,5MHzALL19-04-2023.TXT:333; 5MZ copy taken 20-04-2023.TXT:333
RX0081,W1,2023-04-18 04:49:45,5.357,-19,0.7,1391,CQ,True,5MHzALL19-04-2023.TXT:338; 5MZ copy taken 20-04-2023.TXT:338,5MHzALL19-04-2023.TXT:337; 5MZ copy taken 20-04-2023.TXT:337
RX0082,W1,2023-04-18 05:00:00,5.357,-15,0.8,1387,CQ,True,5MHzALL19-04-2023.TXT:340; 5MZ copy taken 20-04-2023.TXT:340,5MHzALL19-04-2023.TXT:339; 5MZ copy taken 20-04-2023.TXT:339
RX0083,W1,2023-04-18 05:10:15,5.357,-15,0.8,1387,CQ,True,5MHzALL19-04-2023.TXT:345; 5MZ copy taken 20-04-2023.TXT:345,5MHzALL19-04-2023.TXT:344; 5MZ copy taken 20-04-2023.TXT:344
RX0084,W2,2023-04-18 05:18:00,7.078,-10,0.2,1498,CQ,True,3.5MHz copy taken 20-04-2023.TXT:504; 7-5MHzAll19-04-2023.TXT:504,3.5MHz copy taken 20-04-2023.TXT:503; 7-5MHzAll19-04-2023.TXT:503
RX0085,W1,2023-04-18 05:20:30,5.357,-15,0.8,1388,CQ,True,5MHzALL19-04-2023.TXT:348; 5MZ copy taken 20-04-2023.TXT:348,5MHzALL19-04-2023.TXT:347; 5MZ copy taken 20-04-2023.TXT:347
RX0086,W1,2023-04-18 05:30:45,5.357,-18,0.8,1390,CQ,True,5MHzALL19-04-2023.TXT:353; 5MZ copy taken 20-04-2023.TXT:353,5MHzALL19-04-2023.TXT:352; 5MZ copy taken 20-04-2023.TXT:352
RX0087,W2,2023-04-18 05:33:15,7.078,-10,0.1,1500,CQ,True,3.5MHz copy taken 20-04-2023.TXT:510; 7-5MHzAll19-04-2023.TXT:510,3.5MHz copy taken 20-04-2023.TXT:509; 7-5MHzAll19-04-2023.TXT:509
RX0088,W1,2023-04-18 05:41:00,5.357,-17,0.8,1391,CQ,True,5MHzALL19-04-2023.TXT:357; 5MZ copy taken 20-04-2023.TXT:357,5MHzALL19-04-2023.TXT:356; 5MZ copy taken 20-04-2023.TXT:356
RX0089,W2,2023-04-18 05:48:30,7.078,-10,0.1,1500,CQ,True,3.5MHz copy taken 20-04-2023.TXT:515; 7-5MHzAll19-04-2023.TXT:515,3.5MHz copy taken 20-04-2023.TXT:514; 7-5MHzAll19-04-2023.TXT:514
RX0090,W1,2023-04-18 05:51:15,5.357,-10,0.8,1391,CQ,True,5MHzALL19-04-2023.TXT:360; 5MZ copy taken 20-04-2023.TXT:360,5MHzALL19-04-2023.TXT:359; 5MZ copy taken 20-04-2023.TXT:359
RX0091,W1,2023-04-18 06:01:30,5.357,-15,0.8,1391,CQ,True,5MHzALL19-04-2023.TXT:363; 5MZ copy taken 20-04-2023.TXT:363,5MHzALL19-04-2023.TXT:362; 5MZ copy taken 20-04-2023.TXT:362
RX0092,W2,2023-04-18 06:03:45,7.078,-11,0.0,1501,CQ,True,3.5MHz copy taken 20-04-2023.TXT:517; 7-5MHzAll19-04-2023.TXT:517,3.5MHz copy taken 20-04-2023.TXT:516; 7-5MHzAll19-04-2023.TXT:516
RX0093,W1,2023-04-18 06:11:45,5.357,-14,0.8,1391,CQ,True,5MHzALL19-04-2023.TXT:365; 5MZ copy taken 20-04-2023.TXT:365,5MHzALL19-04-2023.TXT:364; 5MZ copy taken 20-04-2023.TXT:364
RX0094,W2,2023-04-18 06:19:00,7.078,-6,0.1,1501,CQ,True,3.5MHz copy taken 20-04-2023.TXT:521; 7-5MHzAll19-04-2023.TXT:521,3.5MHz copy taken 20-04-2023.TXT:520; 7-5MHzAll19-04-2023.TXT:520
RX0095,W1,2023-04-18 06:22:00,5.357,-13,0.8,1392,CQ,True,5MHzALL19-04-2023.TXT:368; 5MZ copy taken 20-04-2023.TXT:368,5MHzALL19-04-2023.TXT:367; 5MZ copy taken 20-04-2023.TXT:367
RX0096,W1,2023-04-18 06:32:15,5.357,-14,0.8,1395,CQ,True,5MHzALL19-04-2023.TXT:370; 5MZ copy taken 20-04-2023.TXT:370,5MHzALL19-04-2023.TXT:369; 5MZ copy taken 20-04-2023.TXT:369
RX0097,W2,2023-04-18 06:34:30,7.078,-12,-0.0,1500,CQ,True,3.5MHz copy taken 20-04-2023.TXT:525; 7-5MHzAll19-04-2023.TXT:525,3.5MHz copy taken 20-04-2023.TXT:520; 7-5MHzAll19-04-2023.TXT:520
RX0098,W1,2023-04-18 06:42:30,5.357,-9,0.8,1399,CQ,True,5MHzALL19-04-2023.TXT:372; 5MZ copy taken 20-04-2023.TXT:372,5MHzALL19-04-2023.TXT:371; 5MZ copy taken 20-04-2023.TXT:371
RX0099,W2,2023-04-18 06:49:30,7.078,-10,0.0,1500,CQ,True,3.5MHz copy taken 20-04-2023.TXT:530; 7-5MHzAll19-04-2023.TXT:530,3.5MHz copy taken 20-04-2023.TXT:529; 7-5MHzAll19-04-2023.TXT:529
RX0100,W1,2023-04-18 06:52:45,5.357,-6,0.8,1403,CQ,True,5MHzALL19-04-2023.TXT:375; 5MZ copy taken 20-04-2023.TXT:375,5MHzALL19-04-2023.TXT:374; 5MZ copy taken 20-04-2023.TXT:374
RX0101,W2,2023-04-18 07:04:45,7.078,-8,-0.1,1500,CQ,True,3.5MHz copy taken 20-04-2023.TXT:535; 7-5MHzAll19-04-2023.TXT:535,3.5MHz copy taken 20-04-2023.TXT:534; 7-5MHzAll19-04-2023.TXT:534
RX0102,W1,2023-04-18 07:13:15,5.357,0,0.7,1404,CQ,True,5MHzALL19-04-2023.TXT:383; 5MZ copy taken 20-04-2023.TXT:383,5MHzALL19-04-2023.TXT:382; 5MZ copy taken 20-04-2023.TXT:382
RX0103,W2,2023-04-18 07:20:00,7.078,-3,-0.1,1500,CQ,True,3.5MHz copy taken 20-04-2023.TXT:537; 7-5MHzAll19-04-2023.TXT:537,3.5MHz copy taken 20-04-2023.TXT:536; 7-5MHzAll19-04-2023.TXT:536
RX0104,W1,2023-04-18 07:23:30,5.357,-6,0.7,1404,CQ,True,5MHzALL19-04-2023.TXT:387; 5MZ copy taken 20-04-2023.TXT:387,5MHzALL19-04-2023.TXT:386; 5MZ copy taken 20-04-2023.TXT:386
RX0105,W1,2023-04-18 07:33:45,5.357,-4,0.7,1404,CQ,True,5MHzALL19-04-2023.TXT:389; 5MZ copy taken 20-04-2023.TXT:389,5MHzALL19-04-2023.TXT:388; 5MZ copy taken 20-04-2023.TXT:388
RX0106,W2,2023-04-18 07:35:15,7.078,2,-0.1,1498,CQ,True,3.5MHz copy taken 20-04-2023.TXT:541; 7-5MHzAll19-04-2023.TXT:541,3.5MHz copy taken 20-04-2023.TXT:540; 7-5MHzAll19-04-2023.TXT:540
RX0107,W1,2023-04-18 07:44:00,5.357,-4,0.7,1404,CQ,True,5MHzALL19-04-2023.TXT:395; 5MZ copy taken 20-04-2023.TXT:395,5MHzALL19-04-2023.TXT:394; 5MZ copy taken 20-04-2023.TXT:394
RX0108,W2,2023-04-18 07:53:15,7.078,7,-0.2,1500,ID_only,True,3.5MHz copy taken 20-04-2023.TXT:548; 7-5MHzAll19-04-2023.TXT:548,3.5MHz copy taken 20-04-2023.TXT:547; 7-5MHzAll19-04-2023.TXT:547
RX0109,W1,2023-04-18 07:54:15,5.357,3,0.7,1404,CQ,True,5MHzALL19-04-2023.TXT:397; 5MZ copy taken 20-04-2023.TXT:397,5MHzALL19-04-2023.TXT:396; 5MZ copy taken 20-04-2023.TXT:396
RX0110,W2,2023-04-18 08:03:45,7.078,1,-0.3,1500,ID_only,True,3.5MHz copy taken 20-04-2023.TXT:557; 7-5MHzAll19-04-2023.TXT:557,3.5MHz copy taken 20-04-2023.TXT:556; 7-5MHzAll19-04-2023.TXT:556
RX0111,W1,2023-04-18 08:04:30,5.357,4,0.7,1403,CQ,True,5MHzALL19-04-2023.TXT:400; 5MZ copy taken 20-04-2023.TXT:400,5MHzALL19-04-2023.TXT:399; 5MZ copy taken 20-04-2023.TXT:399
RX0112,W1,2023-04-18 08:14:45,5.357,-5,0.7,1402,CQ,True,5MHzALL19-04-2023.TXT:405; 5MZ copy taken 20-04-2023.TXT:405,5MHzALL19-04-2023.TXT:404; 5MZ copy taken 20-04-2023.TXT:404
RX0113,W2,2023-04-18 08:19:15,7.078,-4,-0.2,1500,CQ,True,3.5MHz copy taken 20-04-2023.TXT:562; 7-5MHzAll19-04-2023.TXT:562,3.5MHz copy taken 20-04-2023.TXT:561; 7-5MHzAll19-04-2023.TXT:561
RX0114,W1,2023-04-18 08:25:00,5.357,1,0.7,1402,CQ,True,5MHzALL19-04-2023.TXT:411; 5MZ copy taken 20-04-2023.TXT:411,5MHzALL19-04-2023.TXT:410; 5MZ copy taken 20-04-2023.TXT:410
RX0115,W2,2023-04-18 08:25:00,7.078,-2,-0.4,1501,ID_only,True,3.5MHz copy taken 20-04-2023.TXT:564; 7-5MHzAll19-04-2023.TXT:564,3.5MHz copy taken 20-04-2023.TXT:563; 7-5MHzAll19-04-2023.TXT:563
RX0116,W2,2023-04-18 08:26:00,7.078,-3,-0.4,1501,ID_only,True,3.5MHz copy taken 20-04-2023.TXT:568; 7-5MHzAll19-04-2023.TXT:568,3.5MHz copy taken 20-04-2023.TXT:567; 7-5MHzAll19-04-2023.TXT:567
RX0117,W1,2023-04-18 08:35:15,5.357,-5,0.7,1402,CQ,True,5MHzALL19-04-2023.TXT:414; 5MZ copy taken 20-04-2023.TXT:414,5MHzALL19-04-2023.TXT:413; 5MZ copy taken 20-04-2023.TXT:413
RX0118,W2,2023-04-18 08:36:30,7.078,0,-0.4,1500,ID_only,True,3.5MHz copy taken 20-04-2023.TXT:575; 7-5MHzAll19-04-2023.TXT:575,3.5MHz copy taken 20-04-2023.TXT:574; 7-5MHzAll19-04-2023.TXT:574
RX0119,W2,2023-04-18 08:41:30,7.078,0,-0.3,1500,ID_only,True,3.5MHz copy taken 20-04-2023.TXT:578; 7-5MHzAll19-04-2023.TXT:578,3.5MHz copy taken 20-04-2023.TXT:576; 7-5MHzAll19-04-2023.TXT:576
RX0120,W1,2023-04-18 08:45:30,5.357,0,0.7,1402,CQ,True,5MHzALL19-04-2023.TXT:419; 5MZ copy taken 20-04-2023.TXT:419,5MHzALL19-04-2023.TXT:418; 5MZ copy taken 20-04-2023.TXT:418
RX0121,W2,2023-04-18 08:49:00,7.078,0,-0.3,1500,ID_only,True,3.5MHz copy taken 20-04-2023.TXT:586; 7-5MHzAll19-04-2023.TXT:586,3.5MHz copy taken 20-04-2023.TXT:585; 7-5MHzAll19-04-2023.TXT:585
RX0122,W2,2023-04-18 08:52:15,7.078,-6,-0.4,1499,ID_only,True,3.5MHz copy taken 20-04-2023.TXT:592; 7-5MHzAll19-04-2023.TXT:592,3.5MHz copy taken 20-04-2023.TXT:591; 7-5MHzAll19-04-2023.TXT:591
RX0123,W1,2023-04-18 08:55:45,5.357,2,0.7,1401,CQ,True,5MHzALL19-04-2023.TXT:421; 5MZ copy taken 20-04-2023.TXT:421,5MHzALL19-04-2023.TXT:420; 5MZ copy taken 20-04-2023.TXT:420
RX0124,W1,2023-04-18 09:06:00,5.357,-2,0.7,1401,CQ,True,5MHzALL19-04-2023.TXT:424; 5MZ copy taken 20-04-2023.TXT:424,5MHzALL19-04-2023.TXT:423; 5MZ copy taken 20-04-2023.TXT:423
RX0125,W1,2023-04-18 09:16:15,5.357,0,-0.0,1401,CQ,True,5MHzALL19-04-2023.TXT:428; 5MZ copy taken 20-04-2023.TXT:428,5MHzALL19-04-2023.TXT:427; 5MZ copy taken 20-04-2023.TXT:427
RX0126,W2,2023-04-18 09:23:00,7.078,2,-0.4,1499,CQ,True,3.5MHz copy taken 20-04-2023.TXT:606; 7-5MHzAll19-04-2023.TXT:606,3.5MHz copy taken 20-04-2023.TXT:605; 7-5MHzAll19-04-2023.TXT:605
RX0127,W1,2023-04-18 09:26:30,5.357,-5,0.7,1400,CQ,True,5MHzALL19-04-2023.TXT:431; 5MZ copy taken 20-04-2023.TXT:431,5MHzALL19-04-2023.TXT:430; 5MZ copy taken 20-04-2023.TXT:430
RX0128,W1,2023-04-18 09:36:45,5.357,-7,0.7,1400,CQ,True,5MHzALL19-04-2023.TXT:433; 5MZ copy taken 20-04-2023.TXT:433,5MHzALL19-04-2023.TXT:432; 5MZ copy taken 20-04-2023.TXT:432
RX0129,W2,2023-04-18 09:38:15,7.078,-9,-0.4,1499,CQ,True,3.5MHz copy taken 20-04-2023.TXT:623; 7-5MHzAll19-04-2023.TXT:623,3.5MHz copy taken 20-04-2023.TXT:622; 7-5MHzAll19-04-2023.TXT:622
RX0130,W1,2023-04-18 09:47:00,5.357,-10,0.7,1400,CQ,True,5MHzALL19-04-2023.TXT:435; 5MZ copy taken 20-04-2023.TXT:435,5MHzALL19-04-2023.TXT:434; 5MZ copy taken 20-04-2023.TXT:434
RX0131,W2,2023-04-18 10:08:45,7.078,-5,-0.5,1497,CQ,True,3.5MHz copy taken 20-04-2023.TXT:632; 7-5MHzAll19-04-2023.TXT:632,3.5MHz copy taken 20-04-2023.TXT:631; 7-5MHzAll19-04-2023.TXT:631
RX0132,W1,2023-04-18 10:28:00,5.357,-1,0.7,1400,CQ,True,5MHzALL19-04-2023.TXT:437; 5MZ copy taken 20-04-2023.TXT:437,5MHzALL19-04-2023.TXT:436; 5MZ copy taken 20-04-2023.TXT:436
RX0133,W1,2023-04-18 10:38:15,5.357,-7,0.7,1398,CQ,True,5MHzALL19-04-2023.TXT:440; 5MZ copy taken 20-04-2023.TXT:440,5MHzALL19-04-2023.TXT:439; 5MZ copy taken 20-04-2023.TXT:439
RX0134,W1,2023-04-18 10:48:30,5.357,-9,0.6,1400,CQ,True,5MHzALL19-04-2023.TXT:441; 5MZ copy taken 20-04-2023.TXT:441,5MHzALL19-04-2023.TXT:439; 5MZ copy taken 20-04-2023.TXT:439
RX0135,W2,2023-04-18 10:54:30,7.078,-1,-0.7,1501,CQ,True,3.5MHz copy taken 20-04-2023.TXT:647; 7-5MHzAll19-04-2023.TXT:647,3.5MHz copy taken 20-04-2023.TXT:646; 7-5MHzAll19-04-2023.TXT:646
RX0136,W1,2023-04-18 10:58:45,5.357,-10,0.6,1401,CQ,True,5MHzALL19-04-2023.TXT:443; 5MZ copy taken 20-04-2023.TXT:443,5MHzALL19-04-2023.TXT:442; 5MZ copy taken 20-04-2023.TXT:442
RX0137,W1,2023-04-18 11:09:00,5.357,-7,0.6,1401,CQ,True,5MHzALL19-04-2023.TXT:445; 5MZ copy taken 20-04-2023.TXT:445,5MHzALL19-04-2023.TXT:444; 5MZ copy taken 20-04-2023.TXT:444
RX0138,W2,2023-04-18 11:09:45,7.078,-2,-0.7,1502,CQ,True,3.5MHz copy taken 20-04-2023.TXT:651; 7-5MHzAll19-04-2023.TXT:651,3.5MHz copy taken 20-04-2023.TXT:650; 7-5MHzAll19-04-2023.TXT:650
RX0139,W1,2023-04-18 11:19:15,5.357,-6,0.6,1401,CQ,True,5MHzALL19-04-2023.TXT:447; 5MZ copy taken 20-04-2023.TXT:447,5MHzALL19-04-2023.TXT:446; 5MZ copy taken 20-04-2023.TXT:446
RX0140,W2,2023-04-18 11:25:00,7.078,-3,-0.7,1502,CQ,True,3.5MHz copy taken 20-04-2023.TXT:654; 7-5MHzAll19-04-2023.TXT:654,3.5MHz copy taken 20-04-2023.TXT:652; 7-5MHzAll19-04-2023.TXT:652
RX0141,W1,2023-04-18 11:29:30,5.357,-3,0.6,1402,CQ,True,5MHzALL19-04-2023.TXT:449; 5MZ copy taken 20-04-2023.TXT:449,5MHzALL19-04-2023.TXT:448; 5MZ copy taken 20-04-2023.TXT:448
RX0142,W1,2023-04-18 11:39:45,5.357,-7,0.6,1401,CQ,True,5MHzALL19-04-2023.TXT:454; 5MZ copy taken 20-04-2023.TXT:454,5MHzALL19-04-2023.TXT:453; 5MZ copy taken 20-04-2023.TXT:453
RX0143,W1,2023-04-18 11:50:00,5.357,-3,0.6,1403,CQ,True,5MHzALL19-04-2023.TXT:458; 5MZ copy taken 20-04-2023.TXT:458,5MHzALL19-04-2023.TXT:457; 5MZ copy taken 20-04-2023.TXT:457
RX0144,W1,2023-04-18 12:00:15,5.357,-5,0.6,1402,CQ,True,5MHzALL19-04-2023.TXT:462; 5MZ copy taken 20-04-2023.TXT:462,5MHzALL19-04-2023.TXT:461; 5MZ copy taken 20-04-2023.TXT:461
RX0145,W1,2023-04-18 12:10:30,5.357,-4,0.6,1402,CQ,True,5MHzALL19-04-2023.TXT:469; 5MZ copy taken 20-04-2023.TXT:469,5MHzALL19-04-2023.TXT:468; 5MZ copy taken 20-04-2023.TXT:468
RX0146,W1,2023-04-18 12:20:45,5.357,-4,0.6,1402,CQ,True,5MHzALL19-04-2023.TXT:471; 5MZ copy taken 20-04-2023.TXT:471,5MHzALL19-04-2023.TXT:470; 5MZ copy taken 20-04-2023.TXT:470
RX0147,W2,2023-04-18 12:26:00,7.078,-2,-0.9,1502,CQ,True,3.5MHz copy taken 20-04-2023.TXT:673; 7-5MHzAll19-04-2023.TXT:673,3.5MHz copy taken 20-04-2023.TXT:672; 7-5MHzAll19-04-2023.TXT:672
RX0148,W1,2023-04-18 12:31:00,5.357,-3,0.6,1401,CQ,True,5MHzALL19-04-2023.TXT:478; 5MZ copy taken 20-04-2023.TXT:478,5MHzALL19-04-2023.TXT:477; 5MZ copy taken 20-04-2023.TXT:477
RX0149,W1,2023-04-18 12:41:30,5.357,-12,0.6,1402,CQ,True,5MHzALL19-04-2023.TXT:479; 5MZ copy taken 20-04-2023.TXT:479,5MHzALL19-04-2023.TXT:477; 5MZ copy taken 20-04-2023.TXT:477
RX0150,W1,2023-04-18 12:51:30,5.357,-11,0.6,1401,CQ,True,5MHzALL19-04-2023.TXT:482; 5MZ copy taken 20-04-2023.TXT:482,5MHzALL19-04-2023.TXT:480; 5MZ copy taken 20-04-2023.TXT:480
RX0151,W1,2023-04-18 13:01:45,5.357,-11,0.6,1404,CQ,True,5MHzALL19-04-2023.TXT:484; 5MZ copy taken 20-04-2023.TXT:484,5MHzALL19-04-2023.TXT:483; 5MZ copy taken 20-04-2023.TXT:483
RX0152,W2,2023-04-18 13:11:45,7.078,2,-1.0,1503,CQ,True,3.5MHz copy taken 20-04-2023.TXT:707; 7-5MHzAll19-04-2023.TXT:707,3.5MHz copy taken 20-04-2023.TXT:706; 7-5MHzAll19-04-2023.TXT:706
RX0153,W1,2023-04-18 13:12:00,5.357,-11,0.5,1402,CQ,True,5MHzALL19-04-2023.TXT:487; 5MZ copy taken 20-04-2023.TXT:487,5MHzALL19-04-2023.TXT:486; 5MZ copy taken 20-04-2023.TXT:486
RX0154,W1,2023-04-18 13:22:15,5.357,-13,0.5,1403,CQ,True,5MHzALL19-04-2023.TXT:489; 5MZ copy taken 20-04-2023.TXT:489,5MHzALL19-04-2023.TXT:488; 5MZ copy taken 20-04-2023.TXT:488
RX0155,W1,2023-04-18 13:32:30,5.357,-16,0.6,1403,CQ,True,5MHzALL19-04-2023.TXT:490; 5MZ copy taken 20-04-2023.TXT:490,5MHzALL19-04-2023.TXT:488; 5MZ copy taken 20-04-2023.TXT:488
RX0156,W2,2023-04-18 13:42:15,7.078,1,-1.2,1502,CQ,True,3.5MHz copy taken 20-04-2023.TXT:718; 7-5MHzAll19-04-2023.TXT:718,3.5MHz copy taken 20-04-2023.TXT:716; 7-5MHzAll19-04-2023.TXT:716
RX0157,W1,2023-04-18 13:42:45,5.357,-14,0.5,1402,CQ,True,5MHzALL19-04-2023.TXT:491; 5MZ copy taken 20-04-2023.TXT:491,5MHzALL19-04-2023.TXT:488; 5MZ copy taken 20-04-2023.TXT:488
RX0158,W1,2023-04-18 13:53:00,5.357,-12,0.5,1401,CQ,True,5MHzALL19-04-2023.TXT:493; 5MZ copy taken 20-04-2023.TXT:493,5MHzALL19-04-2023.TXT:492; 5MZ copy taken 20-04-2023.TXT:492
RX0159,W2,2023-04-18 13:57:30,7.078,-2,-1.1,1500,CQ,True,3.5MHz copy taken 20-04-2023.TXT:723; 7-5MHzAll19-04-2023.TXT:723,3.5MHz copy taken 20-04-2023.TXT:722; 7-5MHzAll19-04-2023.TXT:722
RX0160,W1,2023-04-18 14:03:15,5.357,-11,0.5,1402,CQ,True,5MHzALL19-04-2023.TXT:495; 5MZ copy taken 20-04-2023.TXT:495,5MHzALL19-04-2023.TXT:494; 5MZ copy taken 20-04-2023.TXT:494
RX0161,W2,2023-04-18 14:12:45,7.078,3,-1.2,1500,CQ,True,3.5MHz copy taken 20-04-2023.TXT:726; 7-5MHzAll19-04-2023.TXT:726,3.5MHz copy taken 20-04-2023.TXT:725; 7-5MHzAll19-04-2023.TXT:725
RX0162,W1,2023-04-18 14:13:30,5.357,-13,0.5,1402,CQ,True,5MHzALL19-04-2023.TXT:498; 5MZ copy taken 20-04-2023.TXT:498,5MHzALL19-04-2023.TXT:497; 5MZ copy taken 20-04-2023.TXT:497
RX0163,W1,2023-04-18 14:23:45,5.357,-16,0.5,1401,CQ,True,5MHzALL19-04-2023.TXT:499; 5MZ copy taken 20-04-2023.TXT:499,5MHzALL19-04-2023.TXT:497; 5MZ copy taken 20-04-2023.TXT:497
RX0164,W1,2023-04-18 14:34:00,5.357,-12,0.5,1402,CQ,True,5MHzALL19-04-2023.TXT:501; 5MZ copy taken 20-04-2023.TXT:501,5MHzALL19-04-2023.TXT:500; 5MZ copy taken 20-04-2023.TXT:500
RX0165,W1,2023-04-18 14:44:15,5.357,-12,0.5,1402,CQ,True,5MHzALL19-04-2023.TXT:503; 5MZ copy taken 20-04-2023.TXT:503,5MHzALL19-04-2023.TXT:502; 5MZ copy taken 20-04-2023.TXT:502
RX0166,W1,2023-04-18 14:54:30,5.357,-12,0.5,1401,CQ,True,5MHzALL19-04-2023.TXT:505; 5MZ copy taken 20-04-2023.TXT:505,5MHzALL19-04-2023.TXT:504; 5MZ copy taken 20-04-2023.TXT:504
RX0167,W2,2023-04-18 15:13:45,7.078,0,-1.4,1501,CQ,True,3.5MHz copy taken 20-04-2023.TXT:744; 7-5MHzAll19-04-2023.TXT:744,3.5MHz copy taken 20-04-2023.TXT:743; 7-5MHzAll19-04-2023.TXT:743
RX0168,W1,2023-04-18 15:15:00,5.357,-14,0.5,1401,CQ,True,5MHzALL19-04-2023.TXT:507; 5MZ copy taken 20-04-2023.TXT:507,5MHzALL19-04-2023.TXT:506; 5MZ copy taken 20-04-2023.TXT:506
RX0169,W1,2023-04-18 15:25:15,5.357,-11,0.5,1402,CQ,True,5MHzALL19-04-2023.TXT:510; 5MZ copy taken 20-04-2023.TXT:510,5MHzALL19-04-2023.TXT:509; 5MZ copy taken 20-04-2023.TXT:509
RX0170,W2,2023-04-18 15:29:00,7.078,1,-1.5,1499,CQ,True,3.5MHz copy taken 20-04-2023.TXT:754; 7-5MHzAll19-04-2023.TXT:754,3.5MHz copy taken 20-04-2023.TXT:753; 7-5MHzAll19-04-2023.TXT:753
RX0171,W1,2023-04-18 15:35:30,5.357,-12,0.5,1401,CQ,True,5MHzALL19-04-2023.TXT:512; 5MZ copy taken 20-04-2023.TXT:512,5MHzALL19-04-2023.TXT:511; 5MZ copy taken 20-04-2023.TXT:511
RX0172,W1,2023-04-18 15:45:45,5.357,-8,0.5,1402,CQ,True,5MHzALL19-04-2023.TXT:514; 5MZ copy taken 20-04-2023.TXT:514,5MHzALL19-04-2023.TXT:513; 5MZ copy taken 20-04-2023.TXT:513
RX0173,W1,2023-04-18 15:56:15,5.357,-16,0.5,1403,CQ,True,5MHzALL19-04-2023.TXT:515; 5MZ copy taken 20-04-2023.TXT:515,5MHzALL19-04-2023.TXT:513; 5MZ copy taken 20-04-2023.TXT:513
RX0174,W1,2023-04-18 16:06:15,5.357,-15,0.4,1403,CQ,True,5MHzALL19-04-2023.TXT:519; 5MZ copy taken 20-04-2023.TXT:519,5MHzALL19-04-2023.TXT:518; 5MZ copy taken 20-04-2023.TXT:518
RX0175,W2,2023-04-18 16:14:45,7.078,3,-1.6,1499,CQ,True,3.5MHz copy taken 20-04-2023.TXT:765; 7-5MHzAll19-04-2023.TXT:765,3.5MHz copy taken 20-04-2023.TXT:764; 7-5MHzAll19-04-2023.TXT:764
RX0176,W1,2023-04-18 16:16:30,5.357,-7,0.4,1403,CQ,True,5MHzALL19-04-2023.TXT:521; 5MZ copy taken 20-04-2023.TXT:521,5MHzALL19-04-2023.TXT:520; 5MZ copy taken 20-04-2023.TXT:520
RX0177,W1,2023-04-18 16:27:00,5.357,-15,0.4,1401,CQ,True,5MHzALL19-04-2023.TXT:522; 5MZ copy taken 20-04-2023.TXT:522,5MHzALL19-04-2023.TXT:520; 5MZ copy taken 20-04-2023.TXT:520
RX0178,W2,2023-04-18 16:30:00,7.078,0,-1.5,1500,CQ,True,3.5MHz copy taken 20-04-2023.TXT:771; 7-5MHzAll19-04-2023.TXT:771,3.5MHz copy taken 20-04-2023.TXT:770; 7-5MHzAll19-04-2023.TXT:770
RX0179,W1,2023-04-18 16:37:00,5.357,-15,0.4,1401,CQ,True,5MHzALL19-04-2023.TXT:524; 5MZ copy taken 20-04-2023.TXT:524,5MHzALL19-04-2023.TXT:523; 5MZ copy taken 20-04-2023.TXT:523
RX0180,W2,2023-04-18 16:45:15,7.078,-5,-1.6,1498,CQ,True,3.5MHz copy taken 20-04-2023.TXT:775; 7-5MHzAll19-04-2023.TXT:775,3.5MHz copy taken 20-04-2023.TXT:774; 7-5MHzAll19-04-2023.TXT:774
RX0181,W2,2023-04-18 17:00:30,7.078,-1,-1.6,1499,CQ,True,3.5MHz copy taken 20-04-2023.TXT:781; 7-5MHzAll19-04-2023.TXT:781,3.5MHz copy taken 20-04-2023.TXT:780; 7-5MHzAll19-04-2023.TXT:780
RX0182,W2,2023-04-18 17:15:45,7.078,-7,-1.6,1500,CQ,True,3.5MHz copy taken 20-04-2023.TXT:790; 7-5MHzAll19-04-2023.TXT:790,3.5MHz copy taken 20-04-2023.TXT:789; 7-5MHzAll19-04-2023.TXT:789
RX0183,W1,2023-04-18 17:18:00,5.357,-14,0.4,1400,CQ,True,5MHzALL19-04-2023.TXT:527; 5MZ copy taken 20-04-2023.TXT:527,5MHzALL19-04-2023.TXT:526; 5MZ copy taken 20-04-2023.TXT:526
RX0184,W1,2023-04-18 17:28:15,5.357,-11,0.4,1403,CQ,True,5MHzALL19-04-2023.TXT:529; 5MZ copy taken 20-04-2023.TXT:529,5MHzALL19-04-2023.TXT:528; 5MZ copy taken 20-04-2023.TXT:528
RX0185,W2,2023-04-18 17:31:00,7.078,-8,-1.7,1500,CQ,True,3.5MHz copy taken 20-04-2023.TXT:799; 7-5MHzAll19-04-2023.TXT:799,3.5MHz copy taken 20-04-2023.TXT:798; 7-5MHzAll19-04-2023.TXT:798
RX0186,W2,2023-04-18 17:46:15,7.078,-11,-1.8,1501,CQ,True,3.5MHz copy taken 20-04-2023.TXT:801; 7-5MHzAll19-04-2023.TXT:801,3.5MHz copy taken 20-04-2023.TXT:800; 7-5MHzAll19-04-2023.TXT:800
RX0187,W1,2023-04-18 17:48:45,5.357,0,0.4,1403,CQ,True,5MHzALL19-04-2023.TXT:533; 5MZ copy taken 20-04-2023.TXT:533,5MHzALL19-04-2023.TXT:532; 5MZ copy taken 20-04-2023.TXT:532
RX0188,W1,2023-04-18 17:59:00,5.357,-3,0.4,1403,CQ,True,5MHzALL19-04-2023.TXT:535; 5MZ copy taken 20-04-2023.TXT:535,5MHzALL19-04-2023.TXT:534; 5MZ copy taken 20-04-2023.TXT:534
RX0189,W2,2023-04-18 18:01:30,7.078,-16,-1.8,1498,CQ,True,3.5MHz copy taken 20-04-2023.TXT:810; 7-5MHzAll19-04-2023.TXT:810,3.5MHz copy taken 20-04-2023.TXT:809; 7-5MHzAll19-04-2023.TXT:809
RX0190,W1,2023-04-18 18:09:15,5.357,-6,0.4,1403,CQ,True,5MHzALL19-04-2023.TXT:537; 5MZ copy taken 20-04-2023.TXT:537,5MHzALL19-04-2023.TXT:536; 5MZ copy taken 20-04-2023.TXT:536
RX0191,W1,2023-04-18 18:19:30,5.357,0,0.4,1403,CQ,True,5MHzALL19-04-2023.TXT:542; 5MZ copy taken 20-04-2023.TXT:542,5MHzALL19-04-2023.TXT:541; 5MZ copy taken 20-04-2023.TXT:541
RX0192,W1,2023-04-18 18:29:45,5.357,0,0.4,1402,CQ,True,5MHzALL19-04-2023.TXT:548; 5MZ copy taken 20-04-2023.TXT:548,5MHzALL19-04-2023.TXT:547; 5MZ copy taken 20-04-2023.TXT:547
RX0193,W2,2023-04-18 18:32:00,7.078,-15,-1.9,1502,CQ,True,3.5MHz copy taken 20-04-2023.TXT:829; 7-5MHzAll19-04-2023.TXT:829,3.5MHz copy taken 20-04-2023.TXT:828; 7-5MHzAll19-04-2023.TXT:828
RX0194,W1,2023-04-18 18:40:00,5.357,-1,0.4,1402,CQ,True,5MHzALL19-04-2023.TXT:552; 5MZ copy taken 20-04-2023.TXT:552,5MHzALL19-04-2023.TXT:551; 5MZ copy taken 20-04-2023.TXT:551
RX0195,W2,2023-04-18 18:47:15,7.078,-12,-2.0,1501,CQ,True,3.5MHz copy taken 20-04-2023.TXT:834; 7-5MHzAll19-04-2023.TXT:834,3.5MHz copy taken 20-04-2023.TXT:833; 7-5MHzAll19-04-2023.TXT:833
RX0196,W1,2023-04-18 18:50:15,5.357,-2,0.3,1403,CQ,True,5MHzALL19-04-2023.TXT:554; 5MZ copy taken 20-04-2023.TXT:554,5MHzALL19-04-2023.TXT:553; 5MZ copy taken 20-04-2023.TXT:553
RX0197,W1,2023-04-18 19:00:30,5.357,-3,0.3,1403,CQ,True,5MHzALL19-04-2023.TXT:556; 5MZ copy taken 20-04-2023.TXT:556,5MHzALL19-04-2023.TXT:555; 5MZ copy taken 20-04-2023.TXT:555
RX0198,W2,2023-04-18 19:02:30,7.078,-3,-2.0,1500,CQ,True,3.5MHz copy taken 20-04-2023.TXT:844; 7-5MHzAll19-04-2023.TXT:844,3.5MHz copy taken 20-04-2023.TXT:843; 7-5MHzAll19-04-2023.TXT:843
RX0199,W1,2023-04-18 19:10:45,5.357,3,0.3,1402,CQ,True,5MHzALL19-04-2023.TXT:558; 5MZ copy taken 20-04-2023.TXT:558,5MHzALL19-04-2023.TXT:557; 5MZ copy taken 20-04-2023.TXT:557
RX0200,W2,2023-04-18 19:17:45,7.078,-2,-2.0,1503,CQ,True,3.5MHz copy taken 20-04-2023.TXT:856; 7-5MHzAll19-04-2023.TXT:856,3.5MHz copy taken 20-04-2023.TXT:855; 7-5MHzAll19-04-2023.TXT:855
RX0201,W1,2023-04-18 19:21:00,5.357,-2,0.3,1403,CQ,True,5MHzALL19-04-2023.TXT:560; 5MZ copy taken 20-04-2023.TXT:560,5MHzALL19-04-2023.TXT:559; 5MZ copy taken 20-04-2023.TXT:559
RX0202,W1,2023-04-18 19:31:15,5.357,-3,0.3,1403,CQ,True,5MHzALL19-04-2023.TXT:562; 5MZ copy taken 20-04-2023.TXT:562,5MHzALL19-04-2023.TXT:561; 5MZ copy taken 20-04-2023.TXT:561
RX0203,W2,2023-04-18 19:33:00,7.078,-4,-2.1,1501,CQ,True,3.5MHz copy taken 20-04-2023.TXT:863; 7-5MHzAll19-04-2023.TXT:863,3.5MHz copy taken 20-04-2023.TXT:862; 7-5MHzAll19-04-2023.TXT:862
RX0204,W1,2023-04-18 19:41:30,5.357,-11,0.3,1402,CQ,True,5MHzALL19-04-2023.TXT:565; 5MZ copy taken 20-04-2023.TXT:565,5MHzALL19-04-2023.TXT:564; 5MZ copy taken 20-04-2023.TXT:564
RX0205,W2,2023-04-18 19:48:15,7.078,-4,-2.2,1502,CQ,True,3.5MHz copy taken 20-04-2023.TXT:872; 7-5MHzAll19-04-2023.TXT:872,3.5MHz copy taken 20-04-2023.TXT:871; 7-5MHzAll19-04-2023.TXT:871
RX0206,W1,2023-04-18 19:51:45,5.357,-8,0.3,1403,CQ,True,5MHzALL19-04-2023.TXT:569; 5MZ copy taken 20-04-2023.TXT:569,5MHzALL19-04-2023.TXT:568; 5MZ copy taken 20-04-2023.TXT:568
RX0207,W1,2023-04-18 20:02:00,5.357,-2,0.3,1403,CQ,True,5MHzALL19-04-2023.TXT:572; 5MZ copy taken 20-04-2023.TXT:572,5MHzALL19-04-2023.TXT:571; 5MZ copy taken 20-04-2023.TXT:571
RX0208,W2,2023-04-18 20:03:30,7.078,-9,-2.2,1501,CQ,True,3.5MHz copy taken 20-04-2023.TXT:876; 7-5MHzAll19-04-2023.TXT:876,3.5MHz copy taken 20-04-2023.TXT:875; 7-5MHzAll19-04-2023.TXT:875
RX0209,W1,2023-04-18 20:12:15,5.357,1,0.3,1403,CQ,True,5MHzALL19-04-2023.TXT:574; 5MZ copy taken 20-04-2023.TXT:574,5MHzALL19-04-2023.TXT:573; 5MZ copy taken 20-04-2023.TXT:573
RX0210,W2,2023-04-18 20:18:45,7.078,-11,-2.3,1500,CQ,True,3.5MHz copy taken 20-04-2023.TXT:880; 7-5MHzAll19-04-2023.TXT:880,3.5MHz copy taken 20-04-2023.TXT:879; 7-5MHzAll19-04-2023.TXT:879
RX0211,W1,2023-04-18 20:22:30,5.357,-2,0.3,1403,CQ,True,5MHzALL19-04-2023.TXT:576; 5MZ copy taken 20-04-2023.TXT:576,5MHzALL19-04-2023.TXT:575; 5MZ copy taken 20-04-2023.TXT:575
RX0212,W1,2023-04-18 20:32:45,5.357,-11,0.3,1402,CQ,True,5MHzALL19-04-2023.TXT:578; 5MZ copy taken 20-04-2023.TXT:578,5MHzALL19-04-2023.TXT:577; 5MZ copy taken 20-04-2023.TXT:577
RX0213,W2,2023-04-18 20:34:00,7.078,-16,-2.2,1501,CQ,True,3.5MHz copy taken 20-04-2023.TXT:884; 7-5MHzAll19-04-2023.TXT:884,3.5MHz copy taken 20-04-2023.TXT:883; 7-5MHzAll19-04-2023.TXT:883
RX0214,W1,2023-04-18 20:43:00,5.357,3,0.3,1403,CQ,True,5MHzALL19-04-2023.TXT:581; 5MZ copy taken 20-04-2023.TXT:581,5MHzALL19-04-2023.TXT:580; 5MZ copy taken 20-04-2023.TXT:580
RX0215,W1,2023-04-18 20:53:15,5.357,-5,0.3,1403,CQ,True,5MHzALL19-04-2023.TXT:583; 5MZ copy taken 20-04-2023.TXT:583,5MHzALL19-04-2023.TXT:582; 5MZ copy taken 20-04-2023.TXT:582
RX0216,W1,2023-04-18 21:03:30,5.357,-2,0.3,1403,CQ,True,5MHzALL19-04-2023.TXT:585; 5MZ copy taken 20-04-2023.TXT:585,5MHzALL19-04-2023.TXT:584; 5MZ copy taken 20-04-2023.TXT:584
RX0217,W1,2023-04-18 21:13:45,5.357,2,0.3,1404,CQ,True,5MHzALL19-04-2023.TXT:590; 5MZ copy taken 20-04-2023.TXT:590,5MHzALL19-04-2023.TXT:589; 5MZ copy taken 20-04-2023.TXT:589
RX0218,W2,2023-04-18 21:19:45,7.078,-2,-2.4,1500,CQ,True,3.5MHz copy taken 20-04-2023.TXT:906; 7-5MHzAll19-04-2023.TXT:906,3.5MHz copy taken 20-04-2023.TXT:905; 7-5MHzAll19-04-2023.TXT:905
RX0219,W1,2023-04-18 21:24:00,5.357,-9,0.3,1404,CQ,True,5MHzALL19-04-2023.TXT:594; 5MZ copy taken 20-04-2023.TXT:594,5MHzALL19-04-2023.TXT:593; 5MZ copy taken 20-04-2023.TXT:593
RX0220,W1,2023-04-18 21:34:15,5.357,0,0.3,1403,CQ,True,5MHzALL19-04-2023.TXT:597; 5MZ copy taken 20-04-2023.TXT:597,5MHzALL19-04-2023.TXT:596; 5MZ copy taken 20-04-2023.TXT:596
RX0221,W2,2023-04-18 21:35:00,7.078,0,-2.4,1502,CQ,True,3.5MHz copy taken 20-04-2023.TXT:915; 7-5MHzAll19-04-2023.TXT:915,3.5MHz copy taken 20-04-2023.TXT:914; 7-5MHzAll19-04-2023.TXT:914
RX0222,W1,2023-04-18 21:44:30,5.357,-7,0.2,1403,CQ,True,5MHzALL19-04-2023.TXT:601; 5MZ copy taken 20-04-2023.TXT:601,5MHzALL19-04-2023.TXT:600; 5MZ copy taken 20-04-2023.TXT:600
RX0223,W2,2023-04-18 21:50:15,7.078,2,-2.5,1499,CQ,True,3.5MHz copy taken 20-04-2023.TXT:920; 7-5MHzAll19-04-2023.TXT:920,3.5MHz copy taken 20-04-2023.TXT:919; 7-5MHzAll19-04-2023.TXT:919
RX0224,W1,2023-04-18 21:56:15,5.357,2,0.2,1403,CQ,True,5MHzALL19-04-2023.TXT:610; 5MZ copy taken 20-04-2023.TXT:610,5MHzALL19-04-2023.TXT:609; 5MZ copy taken 20-04-2023.TXT:609
RX0225,W2,2023-04-18 22:05:30,7.078,5,-2.5,1502,CQ,True,3.5MHz copy taken 20-04-2023.TXT:923; 7-5MHzAll19-04-2023.TXT:923,3.5MHz copy taken 20-04-2023.TXT:922; 7-5MHzAll19-04-2023.TXT:922
RX0226,W1,2023-04-18 22:06:30,5.357,-1,0.2,1403,CQ,True,5MHzALL19-04-2023.TXT:614; 5MZ copy taken 20-04-2023.TXT:614,5MHzALL19-04-2023.TXT:613; 5MZ copy taken 20-04-2023.TXT:613
RX0227,W1,2023-04-18 22:16:45,5.357,0,0.2,1402,CQ,True,5MHzALL19-04-2023.TXT:618; 5MZ copy taken 20-04-2023.TXT:618,5MHzALL19-04-2023.TXT:617; 5MZ copy taken 20-04-2023.TXT:617
RX0228,W2,2023-04-18 22:20:45,7.078,-7,-2.6,1501,CQ,True,3.5MHz copy taken 20-04-2023.TXT:925; 7-5MHzAll19-04-2023.TXT:925,3.5MHz copy taken 20-04-2023.TXT:924; 7-5MHzAll19-04-2023.TXT:924
RX0229,W1,2023-04-18 22:27:00,5.357,-3,0.2,1402,CQ,True,5MHzALL19-04-2023.TXT:623; 5MZ copy taken 20-04-2023.TXT:623,5MHzALL19-04-2023.TXT:622; 5MZ copy taken 20-04-2023.TXT:622
RX0230,W2,2023-04-18 22:36:00,7.078,3,-2.6,1502,CQ,True,3.5MHz copy taken 20-04-2023.TXT:928; 7-5MHzAll19-04-2023.TXT:928,3.5MHz copy taken 20-04-2023.TXT:927; 7-5MHzAll19-04-2023.TXT:927
RX0231,W1,2023-04-18 22:37:15,5.357,0,0.2,1402,CQ,True,5MHzALL19-04-2023.TXT:625; 5MZ copy taken 20-04-2023.TXT:625,5MHzALL19-04-2023.TXT:624; 5MZ copy taken 20-04-2023.TXT:624
RX0232,W1,2023-04-18 22:47:30,5.357,-7,0.2,1402,CQ,True,5MHzALL19-04-2023.TXT:628; 5MZ copy taken 20-04-2023.TXT:628,5MHzALL19-04-2023.TXT:627; 5MZ copy taken 20-04-2023.TXT:627
RX0233,W2,2023-04-18 22:51:15,7.078,0,-2.6,1502,CQ,True,3.5MHz copy taken 20-04-2023.TXT:932; 7-5MHzAll19-04-2023.TXT:932,3.5MHz copy taken 20-04-2023.TXT:931; 7-5MHzAll19-04-2023.TXT:931
RX0234,W1,2023-04-18 22:57:45,5.357,-12,0.2,1402,CQ,True,5MHzALL19-04-2023.TXT:631; 5MZ copy taken 20-04-2023.TXT:631,5MHzALL19-04-2023.TXT:630; 5MZ copy taken 20-04-2023.TXT:630
RX0235,W1,2023-04-18 23:08:00,5.357,-6,0.2,1401,CQ,True,5MHzALL19-04-2023.TXT:633; 5MZ copy taken 20-04-2023.TXT:633,5MHzALL19-04-2023.TXT:632; 5MZ copy taken 20-04-2023.TXT:632
RX0236,W1,2023-04-18 23:18:15,5.357,-16,0.2,1401,CQ,True,5MHzALL19-04-2023.TXT:637; 5MZ copy taken 20-04-2023.TXT:637,5MHzALL19-04-2023.TXT:636; 5MZ copy taken 20-04-2023.TXT:636
RX0237,W1,2023-04-18 23:28:30,5.357,-11,0.2,1400,CQ,True,5MHzALL19-04-2023.TXT:644; 5MZ copy taken 20-04-2023.TXT:644,5MHzALL19-04-2023.TXT:643; 5MZ copy taken 20-04-2023.TXT:643
RX0238,W1,2023-04-18 23:38:45,5.357,-8,0.2,1400,CQ,True,5MHzALL19-04-2023.TXT:650; 5MZ copy taken 20-04-2023.TXT:650,5MHzALL19-04-2023.TXT:649; 5MZ copy taken 20-04-2023.TXT:649
RX0239,W1,2023-04-18 23:49:00,5.357,-9,0.2,1400,CQ,True,5MHzALL19-04-2023.TXT:655; 5MZ copy taken 20-04-2023.TXT:655,5MHzALL19-04-2023.TXT:654; 5MZ copy taken 20-04-2023.TXT:654
RX0240,W1,2023-04-19 00:12:45,5.357,-11,0.5,1402,CQ,True,5MHzALL19-04-2023.TXT:660; 5MZ copy taken 20-04-2023.TXT:660,5MHzALL19-04-2023.TXT:659; 5MZ copy taken 20-04-2023.TXT:659
RX0241,W1,2023-04-19 00:23:00,5.357,-14,0.5,1400,CQ,True,5MHzALL19-04-2023.TXT:667; 5MZ copy taken 20-04-2023.TXT:667,5MHzALL19-04-2023.TXT:666; 5MZ copy taken 20-04-2023.TXT:666
RX0242,W1,2023-04-19 00:33:15,5.357,-15,0.6,1399,CQ,True,5MHzALL19-04-2023.TXT:671; 5MZ copy taken 20-04-2023.TXT:671,5MHzALL19-04-2023.TXT:670; 5MZ copy taken 20-04-2023.TXT:670
RX0243,W1,2023-04-19 00:43:30,5.357,-11,0.6,1399,CQ,True,5MHzALL19-04-2023.TXT:673; 5MZ copy taken 20-04-2023.TXT:673,5MHzALL19-04-2023.TXT:672; 5MZ copy taken 20-04-2023.TXT:672
RX0244,W1,2023-04-19 00:53:45,5.357,-11,0.6,1397,CQ,True,5MHzALL19-04-2023.TXT:676; 5MZ copy taken 20-04-2023.TXT:676,5MHzALL19-04-2023.TXT:675; 5MZ copy taken 20-04-2023.TXT:675
RX0245,W1,2023-04-19 01:04:00,5.357,-14,0.6,1397,CQ,True,5MHzALL19-04-2023.TXT:678; 5MZ copy taken 20-04-2023.TXT:678,5MHzALL19-04-2023.TXT:677; 5MZ copy taken 20-04-2023.TXT:677
RX0246,W1,2023-04-19 01:14:15,5.357,-16,0.7,1396,CQ,True,5MHzALL19-04-2023.TXT:680; 5MZ copy taken 20-04-2023.TXT:680,5MHzALL19-04-2023.TXT:679; 5MZ copy taken 20-04-2023.TXT:679
RX0247,W1,2023-04-19 01:24:30,5.357,-18,0.7,1396,CQ,True,5MHzALL19-04-2023.TXT:683; 5MZ copy taken 20-04-2023.TXT:683,5MHzALL19-04-2023.TXT:682; 5MZ copy taken 20-04-2023.TXT:682
RX0248,W1,2023-04-19 01:34:45,5.357,-17,0.7,1396,CQ,True,5MHzALL19-04-2023.TXT:688; 5MZ copy taken 20-04-2023.TXT:688,5MHzALL19-04-2023.TXT:687; 5MZ copy taken 20-04-2023.TXT:687
RX0249,W1,2023-04-19 01:45:15,5.357,-21,1.0,1396,CQ,True,5MHzALL19-04-2023.TXT:690; 5MZ copy taken 20-04-2023.TXT:690,5MHzALL19-04-2023.TXT:687; 5MZ copy taken 20-04-2023.TXT:687
RX0250,W1,2023-04-19 02:15:45,5.357,-15,1.1,1394,CQ,True,5MHzALL19-04-2023.TXT:700; 5MZ copy taken 20-04-2023.TXT:700,5MHzALL19-04-2023.TXT:699; 5MZ copy taken 20-04-2023.TXT:699
RX0251,W1,2023-04-19 02:26:15,5.357,-18,1.1,1393,CQ,True,5MHzALL19-04-2023.TXT:702; 5MZ copy taken 20-04-2023.TXT:702,5MHzALL19-04-2023.TXT:699; 5MZ copy taken 20-04-2023.TXT:699
RX0252,W1,2023-04-19 02:36:30,5.357,-17,1.1,1394,CQ,True,5MHzALL19-04-2023.TXT:705; 5MZ copy taken 20-04-2023.TXT:705,5MHzALL19-04-2023.TXT:703; 5MZ copy taken 20-04-2023.TXT:703
RX0253,W1,2023-04-19 02:46:30,5.357,-19,1.2,1394,CQ,True,5MHzALL19-04-2023.TXT:708; 5MZ copy taken 20-04-2023.TXT:708,5MHzALL19-04-2023.TXT:707; 5MZ copy taken 20-04-2023.TXT:707
RX0254,W1,2023-04-19 02:56:45,5.357,-14,1.2,1394,CQ,True,5MHzALL19-04-2023.TXT:710; 5MZ copy taken 20-04-2023.TXT:710,5MHzALL19-04-2023.TXT:709; 5MZ copy taken 20-04-2023.TXT:709
RX0255,W1,2023-04-19 03:07:00,5.357,-15,1.2,1393,CQ,True,5MHzALL19-04-2023.TXT:714; 5MZ copy taken 20-04-2023.TXT:714,5MHzALL19-04-2023.TXT:713; 5MZ copy taken 20-04-2023.TXT:713
RX0256,W1,2023-04-19 03:17:30,5.357,-19,1.2,1393,CQ,True,5MHzALL19-04-2023.TXT:716; 5MZ copy taken 20-04-2023.TXT:716,5MHzALL19-04-2023.TXT:713; 5MZ copy taken 20-04-2023.TXT:713
RX0257,W1,2023-04-19 03:27:45,5.357,-18,1.2,1392,CQ,True,5MHzALL19-04-2023.TXT:721; 5MZ copy taken 20-04-2023.TXT:721,5MHzALL19-04-2023.TXT:719; 5MZ copy taken 20-04-2023.TXT:719
RX0258,W1,2023-04-19 03:37:45,5.357,-19,1.3,1392,CQ,True,5MHzALL19-04-2023.TXT:724; 5MZ copy taken 20-04-2023.TXT:724,5MHzALL19-04-2023.TXT:719; 5MZ copy taken 20-04-2023.TXT:719
RX0259,W1,2023-04-19 04:18:45,5.357,-16,1.4,1392,CQ,True,5MHzALL19-04-2023.TXT:737; 5MZ copy taken 20-04-2023.TXT:737,5MHzALL19-04-2023.TXT:736; 5MZ copy taken 20-04-2023.TXT:736
RX0260,W1,2023-04-19 04:39:15,5.357,-15,1.5,1392,CQ,True,5MHzALL19-04-2023.TXT:742; 5MZ copy taken 20-04-2023.TXT:742,5MHzALL19-04-2023.TXT:741; 5MZ copy taken 20-04-2023.TXT:741
RX0261,W1,2023-04-19 04:49:30,5.357,-16,1.5,1391,CQ,True,5MHzALL19-04-2023.TXT:744; 5MZ copy taken 20-04-2023.TXT:744,5MHzALL19-04-2023.TXT:741; 5MZ copy taken 20-04-2023.TXT:741
RX0262,W1,2023-04-19 04:59:45,5.357,-15,1.5,1386,CQ,True,5MHzALL19-04-2023.TXT:750; 5MZ copy taken 20-04-2023.TXT:750,5MHzALL19-04-2023.TXT:749; 5MZ copy taken 20-04-2023.TXT:749
RX0263,W1,2023-04-19 05:10:00,5.357,-13,1.6,1384,CQ,True,5MHzALL19-04-2023.TXT:753; 5MZ copy taken 20-04-2023.TXT:753,5MHzALL19-04-2023.TXT:752; 5MZ copy taken 20-04-2023.TXT:752
RX0264,W1,2023-04-19 05:20:15,5.357,-12,1.6,1388,CQ,True,5MHzALL19-04-2023.TXT:756; 5MZ copy taken 20-04-2023.TXT:756,5MHzALL19-04-2023.TXT:755; 5MZ copy taken 20-04-2023.TXT:755
RX0265,W1,2023-04-19 05:30:30,5.357,-14,1.6,1389,CQ,True,5MHzALL19-04-2023.TXT:760; 5MZ copy taken 20-04-2023.TXT:760,5MHzALL19-04-2023.TXT:759; 5MZ copy taken 20-04-2023.TXT:759
RX0266,W1,2023-04-19 05:41:00,5.357,-15,1.6,1390,CQ,True,5MHzALL19-04-2023.TXT:761; 5MZ copy taken 20-04-2023.TXT:761,5MHzALL19-04-2023.TXT:759; 5MZ copy taken 20-04-2023.TXT:759
RX0267,W1,2023-04-19 05:51:00,5.357,-10,1.7,1390,CQ,False,5MZ copy taken 20-04-2023.TXT:765,5MZ copy taken 20-04-2023.TXT:764
RX0268,W1,2023-04-19 06:01:15,5.357,-4,1.7,1390,CQ,False,5MZ copy taken 20-04-2023.TXT:768,5MZ copy taken 20-04-2023.TXT:767
RX0269,W1,2023-04-19 06:11:30,5.357,-11,1.7,1391,CQ,False,5MZ copy taken 20-04-2023.TXT:773,5MZ copy taken 20-04-2023.TXT:772
RX0270,W1,2023-04-19 06:21:45,5.357,-13,1.7,1391,CQ,False,5MZ copy taken 20-04-2023.TXT:776,5MZ copy taken 20-04-2023.TXT:775
RX0271,W1,2023-04-19 06:32:00,5.357,-10,1.8,1391,CQ,False,5MZ copy taken 20-04-2023.TXT:781,5MZ copy taken 20-04-2023.TXT:780
RX0272,W1,2023-04-19 06:42:15,5.357,-8,1.8,1392,CQ,False,5MZ copy taken 20-04-2023.TXT:785,5MZ copy taken 20-04-2023.TXT:784
RX0273,W1,2023-04-19 06:52:30,5.357,-10,1.8,1391,CQ,False,5MZ copy taken 20-04-2023.TXT:787,5MZ copy taken 20-04-2023.TXT:786
RX0274,W1,2023-04-19 07:02:45,5.357,-3,1.8,1391,CQ,False,5MZ copy taken 20-04-2023.TXT:792,5MZ copy taken 20-04-2023.TXT:791
RX0275,W1,2023-04-19 07:13:00,5.357,-6,1.9,1391,CQ,False,5MZ copy taken 20-04-2023.TXT:797,5MZ copy taken 20-04-2023.TXT:796
RX0276,W1,2023-04-19 07:23:15,5.357,6,1.9,1391,CQ,False,5MZ copy taken 20-04-2023.TXT:799,5MZ copy taken 20-04-2023.TXT:798
RX0277,W1,2023-04-19 07:33:30,5.357,-2,1.9,1392,CQ,False,5MZ copy taken 20-04-2023.TXT:801,5MZ copy taken 20-04-2023.TXT:800
RX0278,W1,2023-04-19 07:43:45,5.357,-5,1.9,1391,CQ,False,5MZ copy taken 20-04-2023.TXT:806,5MZ copy taken 20-04-2023.TXT:805
RX0279,W1,2023-04-19 07:54:00,5.357,-6,2.0,1391,CQ,False,5MZ copy taken 20-04-2023.TXT:808,5MZ copy taken 20-04-2023.TXT:807
RX0280,W1,2023-04-19 07:54:30,5.357,-8,2.0,1391,ID_only,False,5MZ copy taken 20-04-2023.TXT:810,5MZ copy taken 20-04-2023.TXT:809
RX0281,W1,2023-04-19 08:05:00,5.357,-3,2.0,1391,CQ,False,5MZ copy taken 20-04-2023.TXT:815,5MZ copy taken 20-04-2023.TXT:814
RX0282,W1,2023-04-19 08:15:15,5.357,-1,2.0,1392,CQ,False,5MZ copy taken 20-04-2023.TXT:817,5MZ copy taken 20-04-2023.TXT:816
RX0283,W1,2023-04-19 08:25:30,5.357,3,2.0,1392,CQ,False,5MZ copy taken 20-04-2023.TXT:819,5MZ copy taken 20-04-2023.TXT:818
RX0284,W1,2023-04-19 08:35:45,5.357,-6,2.1,1393,CQ,False,5MZ copy taken 20-04-2023.TXT:821,5MZ copy taken 20-04-2023.TXT:820
RX0285,W1,2023-04-19 08:46:00,5.357,-8,1.1,1393,CQ,False,5MZ copy taken 20-04-2023.TXT:824,5MZ copy taken 20-04-2023.TXT:823
RX0286,W1,2023-04-19 08:56:15,5.357,0,2.1,1392,CQ,False,5MZ copy taken 20-04-2023.TXT:827,5MZ copy taken 20-04-2023.TXT:826
RX0287,W1,2023-04-19 09:06:30,5.357,-4,2.2,1392,CQ,False,5MZ copy taken 20-04-2023.TXT:829,5MZ copy taken 20-04-2023.TXT:828
RX0288,W1,2023-04-19 09:16:45,5.357,-4,2.2,1393,CQ,False,5MZ copy taken 20-04-2023.TXT:831,5MZ copy taken 20-04-2023.TXT:830
RX0289,W1,2023-04-19 09:27:00,5.357,-11,2.2,1393,CQ,False,5MZ copy taken 20-04-2023.TXT:834,5MZ copy taken 20-04-2023.TXT:833
RX0290,W1,2023-04-19 09:37:15,5.357,-7,2.2,1392,CQ,False,5MZ copy taken 20-04-2023.TXT:839,5MZ copy taken 20-04-2023.TXT:838
RX0291,W1,2023-04-19 09:57:45,5.357,-12,2.3,1392,CQ,False,5MZ copy taken 20-04-2023.TXT:845,5MZ copy taken 20-04-2023.TXT:844
RX0292,W1,2023-04-19 10:08:00,5.357,-5,2.3,1393,CQ,False,5MZ copy taken 20-04-2023.TXT:848,5MZ copy taken 20-04-2023.TXT:847
RX0293,W1,2023-04-19 10:18:15,5.357,-11,2.3,1393,CQ,False,5MZ copy taken 20-04-2023.TXT:852,5MZ copy taken 20-04-2023.TXT:849
RX0294,W1,2023-04-19 10:39:00,5.357,-13,2.4,1395,CQ,False,5MZ copy taken 20-04-2023.TXT:857,5MZ copy taken 20-04-2023.TXT:855
RX0295,W1,2023-04-19 10:49:15,5.357,-13,2.4,1396,CQ,False,5MZ copy taken 20-04-2023.TXT:858,5MZ copy taken 20-04-2023.TXT:855
RX0296,W1,2023-04-19 10:59:30,5.357,-11,2.5,1397,CQ,False,5MZ copy taken 20-04-2023.TXT:862,5MZ copy taken 20-04-2023.TXT:859
RX0297,W3,2023-04-20 02:15:00,7.078,-19,0.7,1534,CQ,True,ALBackup 40m 10-130 24042023 @ 1256UTC.TXT:19; Final logs/ALL40m.TXT:19,ALBackup 40m 10-130 24042023 @ 1256UTC.TXT:9; Final logs/ALL40m.TXT:9
RX0298,W3,2023-04-20 02:25:00,7.078,-20,0.8,1533,CQ,True,ALBackup 40m 10-130 24042023 @ 1256UTC.TXT:21; Final logs/ALL40m.TXT:21,ALBackup 40m 10-130 24042023 @ 1256UTC.TXT:20; Final logs/ALL40m.TXT:20
RX0299,W3,2023-04-20 02:35:15,7.078,-18,0.7,1530,CQ,True,ALBackup 40m 10-130 24042023 @ 1256UTC.TXT:23; Final logs/ALL40m.TXT:23,ALBackup 40m 10-130 24042023 @ 1256UTC.TXT:22; Final logs/ALL40m.TXT:22
RX0300,W3,2023-04-20 02:45:45,7.078,-19,0.7,1530,CQ,True,ALBackup 40m 10-130 24042023 @ 1256UTC.TXT:26; Final logs/ALL40m.TXT:26,ALBackup 40m 10-130 24042023 @ 1256UTC.TXT:24; Final logs/ALL40m.TXT:24
RX0301,W3,2023-04-20 02:55:45,7.078,-20,0.8,1529,CQ,True,ALBackup 40m 10-130 24042023 @ 1256UTC.TXT:33; Final logs/ALL40m.TXT:33,ALBackup 40m 10-130 24042023 @ 1256UTC.TXT:31; Final logs/ALL40m.TXT:31
RX0302,W3,2023-04-20 03:16:15,7.078,-18,0.8,1529,CQ,True,ALBackup 40m 10-130 24042023 @ 1256UTC.TXT:37; Final logs/ALL40m.TXT:37,ALBackup 40m 10-130 24042023 @ 1256UTC.TXT:36; Final logs/ALL40m.TXT:36
RX0303,W3,2023-04-20 03:26:30,7.078,-20,0.8,1528,CQ,True,ALBackup 40m 10-130 24042023 @ 1256UTC.TXT:42; Final logs/ALL40m.TXT:42,ALBackup 40m 10-130 24042023 @ 1256UTC.TXT:41; Final logs/ALL40m.TXT:41
RX0304,W3,2023-04-20 03:36:45,7.078,-19,0.7,1529,CQ,True,ALBackup 40m 10-130 24042023 @ 1256UTC.TXT:44; Final logs/ALL40m.TXT:44,ALBackup 40m 10-130 24042023 @ 1256UTC.TXT:43; Final logs/ALL40m.TXT:43
RX0305,W3,2023-04-20 03:47:00,7.078,-19,0.8,1528,CQ,True,ALBackup 40m 10-130 24042023 @ 1256UTC.TXT:48; Final logs/ALL40m.TXT:48,ALBackup 40m 10-130 24042023 @ 1256UTC.TXT:47; Final logs/ALL40m.TXT:47
RX0306,W3,2023-04-20 03:57:15,7.078,-20,0.7,1529,CQ,True,ALBackup 40m 10-130 24042023 @ 1256UTC.TXT:49; Final logs/ALL40m.TXT:49,ALBackup 40m 10-130 24042023 @ 1256UTC.TXT:47; Final logs/ALL40m.TXT:47
RX0307,W3,2023-04-20 04:07:30,7.078,-17,0.7,1529,CQ,True,ALBackup 40m 10-130 24042023 @ 1256UTC.TXT:55; Final logs/ALL40m.TXT:55,ALBackup 40m 10-130 24042023 @ 1256UTC.TXT:54; Final logs/ALL40m.TXT:54
RX0308,W3,2023-04-20 04:18:00,7.078,-20,0.8,1528,CQ,True,ALBackup 40m 10-130 24042023 @ 1256UTC.TXT:57; Final logs/ALL40m.TXT:57,ALBackup 40m 10-130 24042023 @ 1256UTC.TXT:54; Final logs/ALL40m.TXT:54
RX0309,W3,2023-04-20 04:28:00,7.078,-19,0.7,1527,CQ,True,ALBackup 40m 10-130 24042023 @ 1256UTC.TXT:59; Final logs/ALL40m.TXT:59,ALBackup 40m 10-130 24042023 @ 1256UTC.TXT:58; Final logs/ALL40m.TXT:58
RX0310,W3,2023-04-20 04:38:15,7.078,-20,0.8,1527,CQ,True,ALBackup 40m 10-130 24042023 @ 1256UTC.TXT:63; Final logs/ALL40m.TXT:63,ALBackup 40m 10-130 24042023 @ 1256UTC.TXT:62; Final logs/ALL40m.TXT:62
RX0311,W3,2023-04-20 04:48:30,7.078,-19,0.8,1527,CQ,True,ALBackup 40m 10-130 24042023 @ 1256UTC.TXT:68; Final logs/ALL40m.TXT:68,ALBackup 40m 10-130 24042023 @ 1256UTC.TXT:66; Final logs/ALL40m.TXT:66
RX0312,W3,2023-04-20 04:59:00,7.078,-20,0.7,1527,CQ,True,ALBackup 40m 10-130 24042023 @ 1256UTC.TXT:70; Final logs/ALL40m.TXT:70,ALBackup 40m 10-130 24042023 @ 1256UTC.TXT:66; Final logs/ALL40m.TXT:66
RX0313,W3,2023-04-20 05:09:00,7.078,-14,0.8,1526,CQ,True,ALBackup 40m 10-130 24042023 @ 1256UTC.TXT:74; Final logs/ALL40m.TXT:74,ALBackup 40m 10-130 24042023 @ 1256UTC.TXT:73; Final logs/ALL40m.TXT:73
RX0314,W3,2023-04-20 05:19:15,7.078,-14,0.7,1526,CQ,True,ALBackup 40m 10-130 24042023 @ 1256UTC.TXT:76; Final logs/ALL40m.TXT:76,ALBackup 40m 10-130 24042023 @ 1256UTC.TXT:75; Final logs/ALL40m.TXT:75
RX0315,W3,2023-04-20 05:29:30,7.078,-19,0.7,1525,CQ,True,ALBackup 40m 10-130 24042023 @ 1256UTC.TXT:79; Final logs/ALL40m.TXT:79,ALBackup 40m 10-130 24042023 @ 1256UTC.TXT:75; Final logs/ALL40m.TXT:75
RX0316,W3,2023-04-20 05:40:00,7.078,-19,0.8,1526,CQ,True,ALBackup 40m 10-130 24042023 @ 1256UTC.TXT:82; Final logs/ALL40m.TXT:82,ALBackup 40m 10-130 24042023 @ 1256UTC.TXT:80; Final logs/ALL40m.TXT:80
RX0317,W3,2023-04-20 06:00:15,7.078,-16,0.8,1528,CQ,True,ALBackup 40m 10-130 24042023 @ 1256UTC.TXT:87; Final logs/ALL40m.TXT:87,ALBackup 40m 10-130 24042023 @ 1256UTC.TXT:86; Final logs/ALL40m.TXT:86
RX0318,W3,2023-04-20 06:10:30,7.078,-14,0.8,1527,CQ,True,ALBackup 40m 10-130 24042023 @ 1256UTC.TXT:90; Final logs/ALL40m.TXT:90,ALBackup 40m 10-130 24042023 @ 1256UTC.TXT:89; Final logs/ALL40m.TXT:89
RX0319,W3,2023-04-20 06:20:45,7.078,-17,0.7,1525,CQ,True,ALBackup 40m 10-130 24042023 @ 1256UTC.TXT:94; Final logs/ALL40m.TXT:94,ALBackup 40m 10-130 24042023 @ 1256UTC.TXT:93; Final logs/ALL40m.TXT:93
RX0320,W3,2023-04-20 06:31:00,7.078,-19,0.8,1525,CQ,True,ALBackup 40m 10-130 24042023 @ 1256UTC.TXT:97; Final logs/ALL40m.TXT:97,ALBackup 40m 10-130 24042023 @ 1256UTC.TXT:96; Final logs/ALL40m.TXT:96
RX0321,W3,2023-04-20 06:41:15,7.078,-17,0.7,1526,CQ,True,ALBackup 40m 10-130 24042023 @ 1256UTC.TXT:100; Final logs/ALL40m.TXT:100,ALBackup 40m 10-130 24042023 @ 1256UTC.TXT:99; Final logs/ALL40m.TXT:99
RX0322,W3,2023-04-20 06:51:30,7.078,-15,0.7,1526,CQ,True,ALBackup 40m 10-130 24042023 @ 1256UTC.TXT:103; Final logs/ALL40m.TXT:103,ALBackup 40m 10-130 24042023 @ 1256UTC.TXT:102; Final logs/ALL40m.TXT:102
RX0323,W3,2023-04-20 07:01:45,7.078,-5,0.8,1526,CQ,True,ALBackup 40m 10-130 24042023 @ 1256UTC.TXT:108; Final logs/ALL40m.TXT:108,ALBackup 40m 10-130 24042023 @ 1256UTC.TXT:107; Final logs/ALL40m.TXT:107
RX0324,W3,2023-04-20 07:12:00,7.078,-14,0.7,1527,CQ,True,ALBackup 40m 10-130 24042023 @ 1256UTC.TXT:114; Final logs/ALL40m.TXT:114,ALBackup 40m 10-130 24042023 @ 1256UTC.TXT:113; Final logs/ALL40m.TXT:113
RX0325,W3,2023-04-20 07:22:15,7.078,-14,0.8,1528,CQ,True,ALBackup 40m 10-130 24042023 @ 1256UTC.TXT:118; Final logs/ALL40m.TXT:118,ALBackup 40m 10-130 24042023 @ 1256UTC.TXT:117; Final logs/ALL40m.TXT:117
RX0326,W3,2023-04-20 07:32:30,7.078,-17,0.8,1528,CQ,True,ALBackup 40m 10-130 24042023 @ 1256UTC.TXT:120; Final logs/ALL40m.TXT:120,ALBackup 40m 10-130 24042023 @ 1256UTC.TXT:119; Final logs/ALL40m.TXT:119
RX0327,W3,2023-04-20 07:42:45,7.078,-10,0.7,1528,CQ,True,ALBackup 40m 10-130 24042023 @ 1256UTC.TXT:123; Final logs/ALL40m.TXT:123,ALBackup 40m 10-130 24042023 @ 1256UTC.TXT:122; Final logs/ALL40m.TXT:122
RX0328,W3,2023-04-20 07:53:00,7.078,-11,0.8,1528,CQ,True,ALBackup 40m 10-130 24042023 @ 1256UTC.TXT:126; Final logs/ALL40m.TXT:126,ALBackup 40m 10-130 24042023 @ 1256UTC.TXT:125; Final logs/ALL40m.TXT:125
RX0329,W3,2023-04-20 08:03:15,7.078,-14,0.7,1528,CQ,True,ALBackup 40m 10-130 24042023 @ 1256UTC.TXT:130; Final logs/ALL40m.TXT:130,ALBackup 40m 10-130 24042023 @ 1256UTC.TXT:129; Final logs/ALL40m.TXT:129
RX0330,W3,2023-04-20 08:13:30,7.078,-14,0.7,1529,CQ,True,ALBackup 40m 10-130 24042023 @ 1256UTC.TXT:135; Final logs/ALL40m.TXT:135,ALBackup 40m 10-130 24042023 @ 1256UTC.TXT:134; Final logs/ALL40m.TXT:134
RX0331,W3,2023-04-20 08:23:45,7.078,-10,0.8,1530,CQ,True,ALBackup 40m 10-130 24042023 @ 1256UTC.TXT:138; Final logs/ALL40m.TXT:138,ALBackup 40m 10-130 24042023 @ 1256UTC.TXT:137; Final logs/ALL40m.TXT:137
RX0332,W3,2023-04-20 08:34:00,7.078,-3,0.7,1530,CQ,True,ALBackup 40m 10-130 24042023 @ 1256UTC.TXT:142; Final logs/ALL40m.TXT:142,ALBackup 40m 10-130 24042023 @ 1256UTC.TXT:141; Final logs/ALL40m.TXT:141
RX0333,W3,2023-04-20 08:44:15,7.078,-12,0.7,1530,CQ,True,ALBackup 40m 10-130 24042023 @ 1256UTC.TXT:145; Final logs/ALL40m.TXT:145,ALBackup 40m 10-130 24042023 @ 1256UTC.TXT:144; Final logs/ALL40m.TXT:144
RX0334,W3,2023-04-20 08:54:30,7.078,-10,0.7,1532,CQ,True,ALBackup 40m 10-130 24042023 @ 1256UTC.TXT:152; Final logs/ALL40m.TXT:152,ALBackup 40m 10-130 24042023 @ 1256UTC.TXT:151; Final logs/ALL40m.TXT:151
RX0335,W3,2023-04-20 09:04:45,7.078,-12,0.7,1534,CQ,True,ALBackup 40m 10-130 24042023 @ 1256UTC.TXT:160; Final logs/ALL40m.TXT:160,ALBackup 40m 10-130 24042023 @ 1256UTC.TXT:159; Final logs/ALL40m.TXT:159
RX0336,W3,2023-04-20 09:15:00,7.078,-15,0.8,1534,CQ,True,ALBackup 40m 10-130 24042023 @ 1256UTC.TXT:182; Final logs/ALL40m.TXT:182,ALBackup 40m 10-130 24042023 @ 1256UTC.TXT:181; Final logs/ALL40m.TXT:181
RX0337,W3,2023-04-20 09:25:15,7.078,-12,0.8,1535,CQ,True,ALBackup 40m 10-130 24042023 @ 1256UTC.TXT:204; Final logs/ALL40m.TXT:204,ALBackup 40m 10-130 24042023 @ 1256UTC.TXT:203; Final logs/ALL40m.TXT:203
RX0338,W3,2023-04-20 09:35:30,7.078,-13,0.7,1533,CQ,True,ALBackup 40m 10-130 24042023 @ 1256UTC.TXT:240; Final logs/ALL40m.TXT:240,ALBackup 40m 10-130 24042023 @ 1256UTC.TXT:239; Final logs/ALL40m.TXT:239
RX0339,W3,2023-04-20 09:45:45,7.078,-18,0.8,1534,CQ,True,ALBackup 40m 10-130 24042023 @ 1256UTC.TXT:272; Final logs/ALL40m.TXT:272,ALBackup 40m 10-130 24042023 @ 1256UTC.TXT:271; Final logs/ALL40m.TXT:271
RX0340,W3,2023-04-20 10:37:00,7.078,-13,0.8,1536,CQ,True,ALBackup 40m 10-130 24042023 @ 1256UTC.TXT:292; Final logs/ALL40m.TXT:292,ALBackup 40m 10-130 24042023 @ 1256UTC.TXT:291; Final logs/ALL40m.TXT:291
RX0341,W3,2023-04-20 10:47:15,7.078,-11,0.7,1537,CQ,True,ALBackup 40m 10-130 24042023 @ 1256UTC.TXT:295; Final logs/ALL40m.TXT:295,ALBackup 40m 10-130 24042023 @ 1256UTC.TXT:294; Final logs/ALL40m.TXT:294
RX0342,W3,2023-04-20 10:57:30,7.078,-12,0.7,1537,CQ,True,ALBackup 40m 10-130 24042023 @ 1256UTC.TXT:297; Final logs/ALL40m.TXT:297,ALBackup 40m 10-130 24042023 @ 1256UTC.TXT:296; Final logs/ALL40m.TXT:296
RX0343,W3,2023-04-20 11:07:45,7.078,-13,0.8,1537,CQ,True,ALBackup 40m 10-130 24042023 @ 1256UTC.TXT:300; Final logs/ALL40m.TXT:300,ALBackup 40m 10-130 24042023 @ 1256UTC.TXT:299; Final logs/ALL40m.TXT:299
RX0344,W3,2023-04-20 11:18:00,7.078,-11,0.7,1535,CQ,True,ALBackup 40m 10-130 24042023 @ 1256UTC.TXT:305; Final logs/ALL40m.TXT:305,ALBackup 40m 10-130 24042023 @ 1256UTC.TXT:304; Final logs/ALL40m.TXT:304
RX0345,W3,2023-04-20 11:28:15,7.078,-12,0.8,1535,CQ,True,ALBackup 40m 10-130 24042023 @ 1256UTC.TXT:310; Final logs/ALL40m.TXT:310,ALBackup 40m 10-130 24042023 @ 1256UTC.TXT:309; Final logs/ALL40m.TXT:309
RX0346,W3,2023-04-20 11:38:45,7.078,-12,0.8,1539,CQ,True,ALBackup 40m 10-130 24042023 @ 1256UTC.TXT:318; Final logs/ALL40m.TXT:318,ALBackup 40m 10-130 24042023 @ 1256UTC.TXT:316; Final logs/ALL40m.TXT:316
RX0347,W3,2023-04-20 11:48:45,7.078,-12,0.7,1540,CQ,True,ALBackup 40m 10-130 24042023 @ 1256UTC.TXT:324; Final logs/ALL40m.TXT:324,ALBackup 40m 10-130 24042023 @ 1256UTC.TXT:323; Final logs/ALL40m.TXT:323
RX0348,W3,2023-04-20 11:59:00,7.078,-12,0.8,1540,CQ,True,ALBackup 40m 10-130 24042023 @ 1256UTC.TXT:334; Final logs/ALL40m.TXT:334,ALBackup 40m 10-130 24042023 @ 1256UTC.TXT:333; Final logs/ALL40m.TXT:333
RX0349,W3,2023-04-20 12:09:15,7.078,-11,0.7,1538,CQ,True,ALBackup 40m 10-130 24042023 @ 1256UTC.TXT:342; Final logs/ALL40m.TXT:342,ALBackup 40m 10-130 24042023 @ 1256UTC.TXT:341; Final logs/ALL40m.TXT:341
RX0350,W3,2023-04-20 12:19:30,7.078,-15,0.7,1539,CQ,True,ALBackup 40m 10-130 24042023 @ 1256UTC.TXT:344; Final logs/ALL40m.TXT:344,ALBackup 40m 10-130 24042023 @ 1256UTC.TXT:341; Final logs/ALL40m.TXT:341
RX0351,W3,2023-04-20 12:40:00,7.078,-11,0.7,1534,CQ,True,ALBackup 40m 10-130 24042023 @ 1256UTC.TXT:352; Final logs/ALL40m.TXT:352,ALBackup 40m 10-130 24042023 @ 1256UTC.TXT:351; Final logs/ALL40m.TXT:351
RX0352,W3,2023-04-20 12:50:15,7.078,-11,0.8,1537,CQ,True,ALBackup 40m 10-130 24042023 @ 1256UTC.TXT:354; Final logs/ALL40m.TXT:354,ALBackup 40m 10-130 24042023 @ 1256UTC.TXT:353; Final logs/ALL40m.TXT:353
RX0353,W3,2023-04-20 13:00:30,7.078,-10,0.8,1536,CQ,True,ALBackup 40m 10-130 24042023 @ 1256UTC.TXT:359; Final logs/ALL40m.TXT:359,ALBackup 40m 10-130 24042023 @ 1256UTC.TXT:358; Final logs/ALL40m.TXT:358
RX0354,W3,2023-04-20 13:10:45,7.078,-11,0.8,1538,CQ,True,ALBackup 40m 10-130 24042023 @ 1256UTC.TXT:366; Final logs/ALL40m.TXT:366,ALBackup 40m 10-130 24042023 @ 1256UTC.TXT:365; Final logs/ALL40m.TXT:365
RX0355,W3,2023-04-20 13:21:00,7.078,-8,0.8,1537,CQ,True,ALBackup 40m 10-130 24042023 @ 1256UTC.TXT:370; Final logs/ALL40m.TXT:370,ALBackup 40m 10-130 24042023 @ 1256UTC.TXT:369; Final logs/ALL40m.TXT:369
RX0356,W3,2023-04-20 13:31:15,7.078,-9,0.7,1538,CQ,True,ALBackup 40m 10-130 24042023 @ 1256UTC.TXT:373; Final logs/ALL40m.TXT:373,ALBackup 40m 10-130 24042023 @ 1256UTC.TXT:372; Final logs/ALL40m.TXT:372
RX0357,W3,2023-04-20 13:41:30,7.078,-7,0.7,1539,CQ,True,ALBackup 40m 10-130 24042023 @ 1256UTC.TXT:375; Final logs/ALL40m.TXT:375,ALBackup 40m 10-130 24042023 @ 1256UTC.TXT:372; Final logs/ALL40m.TXT:372
RX0358,W3,2023-04-20 13:51:45,7.078,-7,0.8,1538,CQ,True,ALBackup 40m 10-130 24042023 @ 1256UTC.TXT:379; Final logs/ALL40m.TXT:379,ALBackup 40m 10-130 24042023 @ 1256UTC.TXT:378; Final logs/ALL40m.TXT:378
RX0359,W3,2023-04-20 14:02:00,7.078,-9,0.7,1539,CQ,True,ALBackup 40m 10-130 24042023 @ 1256UTC.TXT:387; Final logs/ALL40m.TXT:387,ALBackup 40m 10-130 24042023 @ 1256UTC.TXT:386; Final logs/ALL40m.TXT:386
RX0360,W3,2023-04-20 14:12:30,7.078,-12,0.8,1537,CQ,True,ALBackup 40m 10-130 24042023 @ 1256UTC.TXT:393; Final logs/ALL40m.TXT:393,ALBackup 40m 10-130 24042023 @ 1256UTC.TXT:391; Final logs/ALL40m.TXT:391
RX0361,W3,2023-04-20 14:22:30,7.078,2,0.8,1538,CQ,True,ALBackup 40m 10-130 24042023 @ 1256UTC.TXT:396; Final logs/ALL40m.TXT:396,ALBackup 40m 10-130 24042023 @ 1256UTC.TXT:395; Final logs/ALL40m.TXT:395
RX0362,W3,2023-04-20 14:33:00,7.078,-8,0.7,1539,CQ,True,ALBackup 40m 10-130 24042023 @ 1256UTC.TXT:399; Final logs/ALL40m.TXT:399,ALBackup 40m 10-130 24042023 @ 1256UTC.TXT:397; Final logs/ALL40m.TXT:397
RX0363,W3,2023-04-20 14:43:15,7.078,-10,0.8,1540,CQ,True,ALBackup 40m 10-130 24042023 @ 1256UTC.TXT:402; Final logs/ALL40m.TXT:402,ALBackup 40m 10-130 24042023 @ 1256UTC.TXT:400; Final logs/ALL40m.TXT:400
RX0364,W3,2023-04-20 15:03:30,7.078,-7,0.7,1538,CQ,True,ALBackup 40m 10-130 24042023 @ 1256UTC.TXT:406; Final logs/ALL40m.TXT:406,ALBackup 40m 10-130 24042023 @ 1256UTC.TXT:405; Final logs/ALL40m.TXT:405
RX0365,W3,2023-04-20 15:13:45,7.078,-6,0.8,1538,CQ,True,ALBackup 40m 10-130 24042023 @ 1256UTC.TXT:408; Final logs/ALL40m.TXT:408,ALBackup 40m 10-130 24042023 @ 1256UTC.TXT:407; Final logs/ALL40m.TXT:407
RX0366,W3,2023-04-20 15:24:00,7.078,-2,0.7,1537,CQ,True,ALBackup 40m 10-130 24042023 @ 1256UTC.TXT:412; Final logs/ALL40m.TXT:412,ALBackup 40m 10-130 24042023 @ 1256UTC.TXT:411; Final logs/ALL40m.TXT:411
RX0367,W3,2023-04-20 15:34:15,7.078,-4,0.8,1538,CQ,True,ALBackup 40m 10-130 24042023 @ 1256UTC.TXT:417; Final logs/ALL40m.TXT:417,ALBackup 40m 10-130 24042023 @ 1256UTC.TXT:416; Final logs/ALL40m.TXT:416
RX0368,W3,2023-04-20 15:44:30,7.078,1,0.8,1538,CQ,True,ALBackup 40m 10-130 24042023 @ 1256UTC.TXT:423; Final logs/ALL40m.TXT:423,ALBackup 40m 10-130 24042023 @ 1256UTC.TXT:422; Final logs/ALL40m.TXT:422
RX0369,W3,2023-04-20 15:54:45,7.078,-9,0.7,1539,CQ,True,ALBackup 40m 10-130 24042023 @ 1256UTC.TXT:426; Final logs/ALL40m.TXT:426,ALBackup 40m 10-130 24042023 @ 1256UTC.TXT:425; Final logs/ALL40m.TXT:425
RX0370,W3,2023-04-20 16:05:00,7.078,-7,0.8,1540,CQ,True,ALBackup 40m 10-130 24042023 @ 1256UTC.TXT:433; Final logs/ALL40m.TXT:433,ALBackup 40m 10-130 24042023 @ 1256UTC.TXT:432; Final logs/ALL40m.TXT:432
RX0371,W3,2023-04-20 16:15:15,7.078,-9,0.7,1539,CQ,True,ALBackup 40m 10-130 24042023 @ 1256UTC.TXT:439; Final logs/ALL40m.TXT:439,ALBackup 40m 10-130 24042023 @ 1256UTC.TXT:438; Final logs/ALL40m.TXT:438
RX0372,W3,2023-04-20 16:25:30,7.078,0,0.7,1539,CQ,True,ALBackup 40m 10-130 24042023 @ 1256UTC.TXT:444; Final logs/ALL40m.TXT:444,ALBackup 40m 10-130 24042023 @ 1256UTC.TXT:443; Final logs/ALL40m.TXT:443
RX0373,W3,2023-04-20 16:34:00,7.078,-9,0.8,1538,ID_only,True,ALBackup 40m 10-130 24042023 @ 1256UTC.TXT:447; Final logs/ALL40m.TXT:447,ALBackup 40m 10-130 24042023 @ 1256UTC.TXT:446; Final logs/ALL40m.TXT:446
RX0374,W3,2023-04-20 16:44:30,7.078,2,0.7,1537,CQ,True,ALBackup 40m 10-130 24042023 @ 1256UTC.TXT:452; Final logs/ALL40m.TXT:452,ALBackup 40m 10-130 24042023 @ 1256UTC.TXT:451; Final logs/ALL40m.TXT:451
RX0375,W3,2023-04-20 16:55:00,7.078,-8,0.8,1538,CQ,True,ALBackup 40m 10-130 24042023 @ 1256UTC.TXT:453; Final logs/ALL40m.TXT:453,ALBackup 40m 10-130 24042023 @ 1256UTC.TXT:451; Final logs/ALL40m.TXT:451
RX0376,W3,2023-04-20 17:05:00,7.078,-3,0.7,1537,CQ,True,ALBackup 40m 10-130 24042023 @ 1256UTC.TXT:455; Final logs/ALL40m.TXT:455,ALBackup 40m 10-130 24042023 @ 1256UTC.TXT:454; Final logs/ALL40m.TXT:454
RX0377,W3,2023-04-20 17:15:15,7.078,-5,0.7,1538,CQ,True,ALBackup 40m 10-130 24042023 @ 1256UTC.TXT:459; Final logs/ALL40m.TXT:459,ALBackup 40m 10-130 24042023 @ 1256UTC.TXT:458; Final logs/ALL40m.TXT:458
RX0378,W3,2023-04-20 17:25:30,7.078,-13,0.8,1537,CQ,True,ALBackup 40m 10-130 24042023 @ 1256UTC.TXT:465; Final logs/ALL40m.TXT:465,ALBackup 40m 10-130 24042023 @ 1256UTC.TXT:464; Final logs/ALL40m.TXT:464
RX0379,W3,2023-04-20 17:35:45,7.078,-15,0.7,1538,CQ,True,ALBackup 40m 10-130 24042023 @ 1256UTC.TXT:467; Final logs/ALL40m.TXT:467,ALBackup 40m 10-130 24042023 @ 1256UTC.TXT:466; Final logs/ALL40m.TXT:466
RX0380,W3,2023-04-20 21:17:00,7.078,-14,0.7,1542,CQ,True,ALBackup 40m 10-130 24042023 @ 1256UTC.TXT:541; Final logs/ALL40m.TXT:541,ALBackup 40m 10-130 24042023 @ 1256UTC.TXT:540; Final logs/ALL40m.TXT:540
RX0381,W3,2023-04-20 21:27:15,7.078,-7,0.7,1542,CQ,True,ALBackup 40m 10-130 24042023 @ 1256UTC.TXT:547; Final logs/ALL40m.TXT:547,ALBackup 40m 10-130 24042023 @ 1256UTC.TXT:546; Final logs/ALL40m.TXT:546
RX0382,W3,2023-04-20 21:37:30,7.078,-4,0.6,1541,CQ,True,ALBackup 40m 10-130 24042023 @ 1256UTC.TXT:553; Final logs/ALL40m.TXT:553,ALBackup 40m 10-130 24042023 @ 1256UTC.TXT:552; Final logs/ALL40m.TXT:552
RX0383,W3,2023-04-20 21:47:45,7.078,-15,0.7,1540,CQ,True,ALBackup 40m 10-130 24042023 @ 1256UTC.TXT:556; Final logs/ALL40m.TXT:556,ALBackup 40m 10-130 24042023 @ 1256UTC.TXT:555; Final logs/ALL40m.TXT:555
RX0384,W3,2023-04-20 21:58:00,7.078,-6,0.6,1539,CQ,True,ALBackup 40m 10-130 24042023 @ 1256UTC.TXT:559; Final logs/ALL40m.TXT:559,ALBackup 40m 10-130 24042023 @ 1256UTC.TXT:558; Final logs/ALL40m.TXT:558
RX0385,W3,2023-04-20 22:08:15,7.078,-7,0.6,1540,CQ,True,ALBackup 40m 10-130 24042023 @ 1256UTC.TXT:562; Final logs/ALL40m.TXT:562,ALBackup 40m 10-130 24042023 @ 1256UTC.TXT:561; Final logs/ALL40m.TXT:561
RX0386,W3,2023-04-20 22:18:30,7.078,-6,0.7,1539,CQ,True,ALBackup 40m 10-130 24042023 @ 1256UTC.TXT:567; Final logs/ALL40m.TXT:567,ALBackup 40m 10-130 24042023 @ 1256UTC.TXT:566; Final logs/ALL40m.TXT:566
RX0387,W3,2023-04-20 22:28:45,7.078,-16,0.6,1538,CQ,True,ALBackup 40m 10-130 24042023 @ 1256UTC.TXT:569; Final logs/ALL40m.TXT:569,ALBackup 40m 10-130 24042023 @ 1256UTC.TXT:568; Final logs/ALL40m.TXT:568
RX0388,W3,2023-04-20 22:39:00,7.078,-10,0.7,1538,CQ,True,ALBackup 40m 10-130 24042023 @ 1256UTC.TXT:572; Final logs/ALL40m.TXT:572,ALBackup 40m 10-130 24042023 @ 1256UTC.TXT:571; Final logs/ALL40m.TXT:571
RX0389,W3,2023-04-20 22:49:15,7.078,-3,0.7,1537,CQ,True,ALBackup 40m 10-130 24042023 @ 1256UTC.TXT:574; Final logs/ALL40m.TXT:574,ALBackup 40m 10-130 24042023 @ 1256UTC.TXT:573; Final logs/ALL40m.TXT:573
RX0390,W3,2023-04-20 22:59:30,7.078,-2,0.6,1536,CQ,True,ALBackup 40m 10-130 24042023 @ 1256UTC.TXT:577; Final logs/ALL40m.TXT:577,ALBackup 40m 10-130 24042023 @ 1256UTC.TXT:576; Final logs/ALL40m.TXT:576
RX0391,W3,2023-04-20 23:09:45,7.078,-8,0.7,1535,CQ,True,ALBackup 40m 10-130 24042023 @ 1256UTC.TXT:581; Final logs/ALL40m.TXT:581,ALBackup 40m 10-130 24042023 @ 1256UTC.TXT:580; Final logs/ALL40m.TXT:580
RX0392,W3,2023-04-20 23:20:00,7.078,0,0.6,1534,CQ,True,ALBackup 40m 10-130 24042023 @ 1256UTC.TXT:585; Final logs/ALL40m.TXT:585,ALBackup 40m 10-130 24042023 @ 1256UTC.TXT:584; Final logs/ALL40m.TXT:584
RX0393,W3,2023-04-20 23:30:15,7.078,-7,0.6,1534,CQ,True,ALBackup 40m 10-130 24042023 @ 1256UTC.TXT:588; Final logs/ALL40m.TXT:588,ALBackup 40m 10-130 24042023 @ 1256UTC.TXT:587; Final logs/ALL40m.TXT:587
RX0394,W3,2023-04-20 23:40:30,7.078,1,0.7,1535,CQ,True,ALBackup 40m 10-130 24042023 @ 1256UTC.TXT:591; Final logs/ALL40m.TXT:591,ALBackup 40m 10-130 24042023 @ 1256UTC.TXT:587; Final logs/ALL40m.TXT:587
RX0395,W3,2023-04-20 23:50:45,7.078,-8,0.6,1535,CQ,True,ALBackup 40m 10-130 24042023 @ 1256UTC.TXT:595; Final logs/ALL40m.TXT:595,ALBackup 40m 10-130 24042023 @ 1256UTC.TXT:594; Final logs/ALL40m.TXT:594
RX0396,W3,2023-04-21 00:01:00,7.078,-14,0.6,1535,CQ,True,ALBackup 40m 10-130 24042023 @ 1256UTC.TXT:599; Final logs/ALL40m.TXT:599,ALBackup 40m 10-130 24042023 @ 1256UTC.TXT:598; Final logs/ALL40m.TXT:598
RX0397,W3,2023-04-21 00:07:00,7.078,-12,0.5,1535,ID_only,True,ALBackup 40m 10-130 24042023 @ 1256UTC.TXT:602; Final logs/ALL40m.TXT:602,ALBackup 40m 10-130 24042023 @ 1256UTC.TXT:601; Final logs/ALL40m.TXT:601
RX0398,W3,2023-04-21 00:17:30,7.078,-7,0.6,1533,CQ,True,ALBackup 40m 10-130 24042023 @ 1256UTC.TXT:612; Final logs/ALL40m.TXT:612,ALBackup 40m 10-130 24042023 @ 1256UTC.TXT:611; Final logs/ALL40m.TXT:611
RX0399,W4,2023-04-23 00:02:00,10.13,8,-1.9,1495,CQ,True,ALBackup 40m 10-130 24042023 @ 1256UTC.TXT:1414; Final logs/ALL40m.TXT:1414,ALBackup 40m 10-130 24042023 @ 1256UTC.TXT:1413; Final logs/ALL40m.TXT:1413
RX0400,W4,2023-04-23 00:13:00,10.13,12,-2.1,1496,CQ,True,ALBackup 40m 10-130 24042023 @ 1256UTC.TXT:1417; Final logs/ALL40m.TXT:1417,ALBackup 40m 10-130 24042023 @ 1256UTC.TXT:1416; Final logs/ALL40m.TXT:1416
RX0401,W4,2023-04-23 00:23:15,10.13,14,-2.0,1496,CQ,True,ALBackup 40m 10-130 24042023 @ 1256UTC.TXT:1419; Final logs/ALL40m.TXT:1419,ALBackup 40m 10-130 24042023 @ 1256UTC.TXT:1418; Final logs/ALL40m.TXT:1418
RX0402,W4,2023-04-23 00:33:30,10.13,12,-2.0,1496,CQ,True,ALBackup 40m 10-130 24042023 @ 1256UTC.TXT:1421; Final logs/ALL40m.TXT:1421,ALBackup 40m 10-130 24042023 @ 1256UTC.TXT:1420; Final logs/ALL40m.TXT:1420
RX0403,W4,2023-04-23 00:43:45,10.13,5,-1.9,1496,CQ,True,ALBackup 40m 10-130 24042023 @ 1256UTC.TXT:1425; Final logs/ALL40m.TXT:1425,ALBackup 40m 10-130 24042023 @ 1256UTC.TXT:1424; Final logs/ALL40m.TXT:1424
RX0404,W4,2023-04-23 00:49:15,10.13,-5,0.5,1792,CQ,True,ALBackup 40m 10-130 24042023 @ 1256UTC.TXT:1427; Final logs/ALL40m.TXT:1427,ALBackup 40m 10-130 24042023 @ 1256UTC.TXT:1426; Final logs/ALL40m.TXT:1426
RX0405,W4,2023-04-23 00:59:30,10.13,-6,0.4,1800,CQ,True,ALBackup 40m 10-130 24042023 @ 1256UTC.TXT:1429; Final logs/ALL40m.TXT:1429,ALBackup 40m 10-130 24042023 @ 1256UTC.TXT:1428; Final logs/ALL40m.TXT:1428
RX0406,W4,2023-04-23 01:04:15,10.13,-16,-0.1,1497,CQ,True,ALBackup 40m 10-130 24042023 @ 1256UTC.TXT:1433; Final logs/ALL40m.TXT:1433,ALBackup 40m 10-130 24042023 @ 1256UTC.TXT:1432; Final logs/ALL40m.TXT:1432
RX0407,W4,2023-04-23 01:20:00,10.13,-7,0.5,1793,CQ,True,ALBackup 40m 10-130 24042023 @ 1256UTC.TXT:1436; Final logs/ALL40m.TXT:1436,ALBackup 40m 10-130 24042023 @ 1256UTC.TXT:1435; Final logs/ALL40m.TXT:1435
RX0408,W4,2023-04-23 03:11:45,10.13,-14,0.5,1781,CQ,True,ALBackup 40m 10-130 24042023 @ 1256UTC.TXT:1449; Final logs/ALL40m.TXT:1449,ALBackup 40m 10-130 24042023 @ 1256UTC.TXT:1448; Final logs/ALL40m.TXT:1448
RX0409,W4,2023-04-23 03:22:15,10.13,-13,0.6,1782,CQ,True,ALBackup 40m 10-130 24042023 @ 1256UTC.TXT:1450; Final logs/ALL40m.TXT:1450,ALBackup 40m 10-130 24042023 @ 1256UTC.TXT:1448; Final logs/ALL40m.TXT:1448
RX0410,W4,2023-04-23 03:32:15,10.13,-10,0.5,1784,CQ,True,ALBackup 40m 10-130 24042023 @ 1256UTC.TXT:1454; Final logs/ALL40m.TXT:1454,ALBackup 40m 10-130 24042023 @ 1256UTC.TXT:1453; Final logs/ALL40m.TXT:1453
RX0411,W4,2023-04-23 03:42:30,10.13,-7,0.5,1783,CQ,True,ALBackup 40m 10-130 24042023 @ 1256UTC.TXT:1456; Final logs/ALL40m.TXT:1456,ALBackup 40m 10-130 24042023 @ 1256UTC.TXT:1455; Final logs/ALL40m.TXT:1455
RX0412,W4,2023-04-23 03:52:45,10.13,-12,0.6,1784,CQ,True,ALBackup 40m 10-130 24042023 @ 1256UTC.TXT:1458; Final logs/ALL40m.TXT:1458,ALBackup 40m 10-130 24042023 @ 1256UTC.TXT:1457; Final logs/ALL40m.TXT:1457
RX0413,W4,2023-04-23 04:03:00,10.13,-11,0.5,1779,CQ,True,ALBackup 40m 10-130 24042023 @ 1256UTC.TXT:1462; Final logs/ALL40m.TXT:1462,ALBackup 40m 10-130 24042023 @ 1256UTC.TXT:1461; Final logs/ALL40m.TXT:1461
RX0414,W4,2023-04-23 04:13:15,10.13,-9,0.5,1780,CQ,True,ALBackup 40m 10-130 24042023 @ 1256UTC.TXT:1467; Final logs/ALL40m.TXT:1467,ALBackup 40m 10-130 24042023 @ 1256UTC.TXT:1466; Final logs/ALL40m.TXT:1466
RX0415,W4,2023-04-23 04:23:30,10.13,-8,0.7,1780,CQ,True,ALBackup 40m 10-130 24042023 @ 1256UTC.TXT:1469; Final logs/ALL40m.TXT:1469,ALBackup 40m 10-130 24042023 @ 1256UTC.TXT:1468; Final logs/ALL40m.TXT:1468
RX0416,W4,2023-04-23 04:33:45,10.13,-5,0.5,1778,CQ,True,ALBackup 40m 10-130 24042023 @ 1256UTC.TXT:1473; Final logs/ALL40m.TXT:1473,ALBackup 40m 10-130 24042023 @ 1256UTC.TXT:1472; Final logs/ALL40m.TXT:1472
RX0417,W4,2023-04-23 04:44:00,10.13,-15,0.6,1780,CQ,True,ALBackup 40m 10-130 24042023 @ 1256UTC.TXT:1475; Final logs/ALL40m.TXT:1475,ALBackup 40m 10-130 24042023 @ 1256UTC.TXT:1474; Final logs/ALL40m.TXT:1474
RX0418,W4,2023-04-23 04:54:15,10.13,-7,0.6,1779,CQ,True,ALBackup 40m 10-130 24042023 @ 1256UTC.TXT:1482; Final logs/ALL40m.TXT:1482,ALBackup 40m 10-130 24042023 @ 1256UTC.TXT:1481; Final logs/ALL40m.TXT:1481
RX0419,W4,2023-04-23 05:04:30,10.13,-4,0.4,1774,CQ,True,ALBackup 40m 10-130 24042023 @ 1256UTC.TXT:1484; Final logs/ALL40m.TXT:1484,ALBackup 40m 10-130 24042023 @ 1256UTC.TXT:1483; Final logs/ALL40m.TXT:1483
RX0420,W4,2023-04-23 05:14:45,10.13,-6,0.5,1770,CQ,True,ALBackup 40m 10-130 24042023 @ 1256UTC.TXT:1487; Final logs/ALL40m.TXT:1487,ALBackup 40m 10-130 24042023 @ 1256UTC.TXT:1486; Final logs/ALL40m.TXT:1486
RX0421,W4,2023-04-23 05:25:00,10.13,-9,0.4,1770,CQ,True,ALBackup 40m 10-130 24042023 @ 1256UTC.TXT:1491; Final logs/ALL40m.TXT:1491,ALBackup 40m 10-130 24042023 @ 1256UTC.TXT:1490; Final logs/ALL40m.TXT:1490
RX0422,W4,2023-04-23 05:35:15,10.13,-5,0.4,1770,CQ,True,ALBackup 40m 10-130 24042023 @ 1256UTC.TXT:1494; Final logs/ALL40m.TXT:1494,ALBackup 40m 10-130 24042023 @ 1256UTC.TXT:1493; Final logs/ALL40m.TXT:1493
RX0423,W4,2023-04-23 05:45:30,10.13,-8,0.5,1772,CQ,True,ALBackup 40m 10-130 24042023 @ 1256UTC.TXT:1497; Final logs/ALL40m.TXT:1497,ALBackup 40m 10-130 24042023 @ 1256UTC.TXT:1496; Final logs/ALL40m.TXT:1496
RX0424,W4,2023-04-23 05:55:45,10.13,-3,0.4,1777,CQ,True,ALBackup 40m 10-130 24042023 @ 1256UTC.TXT:1503; Final logs/ALL40m.TXT:1503,ALBackup 40m 10-130 24042023 @ 1256UTC.TXT:1502; Final logs/ALL40m.TXT:1502
RX0425,W4,2023-04-23 06:06:00,10.13,-6,0.4,1777,CQ,True,ALBackup 40m 10-130 24042023 @ 1256UTC.TXT:1505; Final logs/ALL40m.TXT:1505,ALBackup 40m 10-130 24042023 @ 1256UTC.TXT:1504; Final logs/ALL40m.TXT:1504
RX0426,W4,2023-04-23 06:16:15,10.13,-4,0.5,1781,CQ,True,ALBackup 40m 10-130 24042023 @ 1256UTC.TXT:1509; Final logs/ALL40m.TXT:1509,ALBackup 40m 10-130 24042023 @ 1256UTC.TXT:1508; Final logs/ALL40m.TXT:1508
RX0427,W4,2023-04-23 06:26:30,10.13,-4,0.4,1782,CQ,True,ALBackup 40m 10-130 24042023 @ 1256UTC.TXT:1515; Final logs/ALL40m.TXT:1515,ALBackup 40m 10-130 24042023 @ 1256UTC.TXT:1514; Final logs/ALL40m.TXT:1514
RX0428,W4,2023-04-23 06:36:45,10.13,3,0.5,1781,CQ,True,ALBackup 40m 10-130 24042023 @ 1256UTC.TXT:1517; Final logs/ALL40m.TXT:1517,ALBackup 40m 10-130 24042023 @ 1256UTC.TXT:1516; Final logs/ALL40m.TXT:1516
RX0429,W4,2023-04-23 06:47:00,10.13,-2,0.4,1781,CQ,True,ALBackup 40m 10-130 24042023 @ 1256UTC.TXT:1520; Final logs/ALL40m.TXT:1520,ALBackup 40m 10-130 24042023 @ 1256UTC.TXT:1519; Final logs/ALL40m.TXT:1519
RX0430,W4,2023-04-23 06:57:15,10.13,-3,0.4,1785,CQ,True,ALBackup 40m 10-130 24042023 @ 1256UTC.TXT:1522; Final logs/ALL40m.TXT:1522,ALBackup 40m 10-130 24042023 @ 1256UTC.TXT:1521; Final logs/ALL40m.TXT:1521
RX0431,W4,2023-04-23 07:07:30,10.13,-1,0.5,1789,CQ,True,ALBackup 40m 10-130 24042023 @ 1256UTC.TXT:1524; Final logs/ALL40m.TXT:1524,ALBackup 40m 10-130 24042023 @ 1256UTC.TXT:1523; Final logs/ALL40m.TXT:1523
RX0432,W4,2023-04-23 07:17:45,10.13,-4,0.4,1790,CQ,True,ALBackup 40m 10-130 24042023 @ 1256UTC.TXT:1527; Final logs/ALL40m.TXT:1527,ALBackup 40m 10-130 24042023 @ 1256UTC.TXT:1526; Final logs/ALL40m.TXT:1526
RX0433,W4,2023-04-23 07:28:00,10.13,-3,0.5,1792,CQ,True,ALBackup 40m 10-130 24042023 @ 1256UTC.TXT:1530; Final logs/ALL40m.TXT:1530,ALBackup 40m 10-130 24042023 @ 1256UTC.TXT:1529; Final logs/ALL40m.TXT:1529
RX0434,W4,2023-04-23 07:38:15,10.13,-3,0.5,1793,CQ,True,ALBackup 40m 10-130 24042023 @ 1256UTC.TXT:1534; Final logs/ALL40m.TXT:1534,ALBackup 40m 10-130 24042023 @ 1256UTC.TXT:1533; Final logs/ALL40m.TXT:1533
RX0435,W4,2023-04-23 07:48:30,10.13,-1,0.4,1795,CQ,True,ALBackup 40m 10-130 24042023 @ 1256UTC.TXT:1536; Final logs/ALL40m.TXT:1536,ALBackup 40m 10-130 24042023 @ 1256UTC.TXT:1535; Final logs/ALL40m.TXT:1535
RX0436,W4,2023-04-23 07:58:45,10.13,-6,0.5,1795,CQ,True,ALBackup 40m 10-130 24042023 @ 1256UTC.TXT:1538; Final logs/ALL40m.TXT:1538,ALBackup 40m 10-130 24042023 @ 1256UTC.TXT:1537; Final logs/ALL40m.TXT:1537
RX0437,W4,2023-04-23 08:09:00,10.13,1,0.4,1794,CQ,True,ALBackup 40m 10-130 24042023 @ 1256UTC.TXT:1543; Final logs/ALL40m.TXT:1543,ALBackup 40m 10-130 24042023 @ 1256UTC.TXT:1542; Final logs/ALL40m.TXT:1542
RX0438,W4,2023-04-23 08:19:15,10.13,-4,0.4,1792,CQ,True,ALBackup 40m 10-130 24042023 @ 1256UTC.TXT:1545; Final logs/ALL40m.TXT:1545,ALBackup 40m 10-130 24042023 @ 1256UTC.TXT:1544; Final logs/ALL40m.TXT:1544
RX0439,W4,2023-04-23 08:29:30,10.13,-5,0.5,1791,CQ,True,ALBackup 40m 10-130 24042023 @ 1256UTC.TXT:1548; Final logs/ALL40m.TXT:1548,ALBackup 40m 10-130 24042023 @ 1256UTC.TXT:1547; Final logs/ALL40m.TXT:1547
RX0440,W4,2023-04-23 08:39:45,10.13,-7,0.4,1792,CQ,True,ALBackup 40m 10-130 24042023 @ 1256UTC.TXT:1553; Final logs/ALL40m.TXT:1553,ALBackup 40m 10-130 24042023 @ 1256UTC.TXT:1552; Final logs/ALL40m.TXT:1552
RX0441,W4,2023-04-23 08:50:00,10.13,-12,0.4,1793,CQ,True,ALBackup 40m 10-130 24042023 @ 1256UTC.TXT:1555; Final logs/ALL40m.TXT:1555,ALBackup 40m 10-130 24042023 @ 1256UTC.TXT:1554; Final logs/ALL40m.TXT:1554
RX0442,W4,2023-04-23 09:00:30,10.13,-23,0.5,1792,CQ,True,ALBackup 40m 10-130 24042023 @ 1256UTC.TXT:1562; Final logs/ALL40m.TXT:1562,ALBackup 40m 10-130 24042023 @ 1256UTC.TXT:1560; Final logs/ALL40m.TXT:1560
RX0443,W4,2023-04-23 09:10:30,10.13,-17,0.4,1795,CQ,True,ALBackup 40m 10-130 24042023 @ 1256UTC.TXT:1564; Final logs/ALL40m.TXT:1564,ALBackup 40m 10-130 24042023 @ 1256UTC.TXT:1563; Final logs/ALL40m.TXT:1563
RX0444,W4,2023-04-23 09:20:45,10.13,-17,0.4,1796,CQ,True,ALBackup 40m 10-130 24042023 @ 1256UTC.TXT:1566; Final logs/ALL40m.TXT:1566,ALBackup 40m 10-130 24042023 @ 1256UTC.TXT:1565; Final logs/ALL40m.TXT:1565
RX0445,W4,2023-04-23 09:31:00,10.13,-9,0.4,1797,CQ,True,ALBackup 40m 10-130 24042023 @ 1256UTC.TXT:1570; Final logs/ALL40m.TXT:1570,ALBackup 40m 10-130 24042023 @ 1256UTC.TXT:1569; Final logs/ALL40m.TXT:1569
RX0446,W4,2023-04-23 09:41:15,10.13,-16,0.3,1800,CQ,True,ALBackup 40m 10-130 24042023 @ 1256UTC.TXT:1572; Final logs/ALL40m.TXT:1572,ALBackup 40m 10-130 24042023 @ 1256UTC.TXT:1571; Final logs/ALL40m.TXT:1571
RX0447,W4,2023-04-23 09:51:30,10.13,-9,0.5,1801,CQ,True,ALBackup 40m 10-130 24042023 @ 1256UTC.TXT:1576; Final logs/ALL40m.TXT:1576,ALBackup 40m 10-130 24042023 @ 1256UTC.TXT:1575; Final logs/ALL40m.TXT:1575
RX0448,W4,2023-04-23 10:01:45,10.13,-11,0.3,1803,CQ,True,ALBackup 40m 10-130 24042023 @ 1256UTC.TXT:1586; Final logs/ALL40m.TXT:1586,ALBackup 40m 10-130 24042023 @ 1256UTC.TXT:1585; Final logs/ALL40m.TXT:1585
RX0449,W4,2023-04-23 10:12:00,10.13,-3,0.4,1802,CQ,True,ALBackup 40m 10-130 24042023 @ 1256UTC.TXT:1588; Final logs/ALL40m.TXT:1588,ALBackup 40m 10-130 24042023 @ 1256UTC.TXT:1587; Final logs/ALL40m.TXT:1587
RX0450,W4,2023-04-23 10:22:15,10.13,-19,0.4,1802,CQ,True,ALBackup 40m 10-130 24042023 @ 1256UTC.TXT:1593; Final logs/ALL40m.TXT:1593,ALBackup 40m 10-130 24042023 @ 1256UTC.TXT:1592; Final logs/ALL40m.TXT:1592
RX0451,W4,2023-04-23 10:32:30,10.13,-15,0.3,1802,CQ,True,ALBackup 40m 10-130 24042023 @ 1256UTC.TXT:1600; Final logs/ALL40m.TXT:1600,ALBackup 40m 10-130 24042023 @ 1256UTC.TXT:1599; Final logs/ALL40m.TXT:1599
RX0452,W4,2023-04-23 10:42:45,10.13,-21,0.4,1802,CQ,True,ALBackup 40m 10-130 24042023 @ 1256UTC.TXT:1602; Final logs/ALL40m.TXT:1602,ALBackup 40m 10-130 24042023 @ 1256UTC.TXT:1601; Final logs/ALL40m.TXT:1601
RX0453,W4,2023-04-23 10:53:15,10.13,-21,0.5,1801,CQ,True,ALBackup 40m 10-130 24042023 @ 1256UTC.TXT:1604; Final logs/ALL40m.TXT:1604,ALBackup 40m 10-130 24042023 @ 1256UTC.TXT:1601; Final logs/ALL40m.TXT:1601
RX0454,W4,2023-04-23 11:20:30,10.13,-17,0.3,1799,CQ,True,ALBackup 40m 10-130 24042023 @ 1256UTC.TXT:1608; Final logs/ALL40m.TXT:1608,ALBackup 40m 10-130 24042023 @ 1256UTC.TXT:1606; Final logs/ALL40m.TXT:1606
RX0455,W4,2023-04-23 11:31:00,10.13,-20,0.4,1801,CQ,True,ALBackup 40m 10-130 24042023 @ 1256UTC.TXT:1609; Final logs/ALL40m.TXT:1609,ALBackup 40m 10-130 24042023 @ 1256UTC.TXT:1606; Final logs/ALL40m.TXT:1606
RX0456,W4,2023-04-23 12:00:00,10.13,-14,0.4,1799,CQ,True,ALBackup 40m 10-130 24042023 @ 1256UTC.TXT:1611; Final logs/ALL40m.TXT:1611,ALBackup 40m 10-130 24042023 @ 1256UTC.TXT:1610; Final logs/ALL40m.TXT:1610
RX0457,W4,2023-04-23 12:10:15,10.13,-13,0.3,1799,CQ,True,ALBackup 40m 10-130 24042023 @ 1256UTC.TXT:1613; Final logs/ALL40m.TXT:1613,ALBackup 40m 10-130 24042023 @ 1256UTC.TXT:1612; Final logs/ALL40m.TXT:1612
RX0458,W4,2023-04-23 12:20:30,10.13,-12,0.4,1799,CQ,True,ALBackup 40m 10-130 24042023 @ 1256UTC.TXT:1615; Final logs/ALL40m.TXT:1615,ALBackup 40m 10-130 24042023 @ 1256UTC.TXT:1614; Final logs/ALL40m.TXT:1614
RX0459,W4,2023-04-23 12:30:45,10.13,-19,0.3,1800,CQ,True,ALBackup 40m 10-130 24042023 @ 1256UTC.TXT:1622; Final logs/ALL40m.TXT:1622,ALBackup 40m 10-130 24042023 @ 1256UTC.TXT:1621; Final logs/ALL40m.TXT:1621
RX0460,W4,2023-04-23 12:36:00,10.13,-12,0.4,1799,ID_only,True,ALBackup 40m 10-130 24042023 @ 1256UTC.TXT:1626; Final logs/ALL40m.TXT:1626,ALBackup 40m 10-130 24042023 @ 1256UTC.TXT:1625; Final logs/ALL40m.TXT:1625
RX0461,W4,2023-04-23 12:46:30,10.13,-21,0.3,1799,CQ,True,ALBackup 40m 10-130 24042023 @ 1256UTC.TXT:1631; Final logs/ALL40m.TXT:1631,ALBackup 40m 10-130 24042023 @ 1256UTC.TXT:1630; Final logs/ALL40m.TXT:1630
RX0462,W4,2023-04-23 12:56:45,10.13,-21,0.3,1800,CQ,True,ALBackup 40m 10-130 24042023 @ 1256UTC.TXT:1633; Final logs/ALL40m.TXT:1633,ALBackup 40m 10-130 24042023 @ 1256UTC.TXT:1632; Final logs/ALL40m.TXT:1632
RX0463,W4,2023-04-23 13:07:00,10.13,-12,0.4,1800,CQ,True,ALBackup 40m 10-130 24042023 @ 1256UTC.TXT:1635; Final logs/ALL40m.TXT:1635,ALBackup 40m 10-130 24042023 @ 1256UTC.TXT:1634; Final logs/ALL40m.TXT:1634
RX0464,W4,2023-04-23 13:17:15,10.13,-10,0.3,1800,CQ,True,ALBackup 40m 10-130 24042023 @ 1256UTC.TXT:1641; Final logs/ALL40m.TXT:1641,ALBackup 40m 10-130 24042023 @ 1256UTC.TXT:1640; Final logs/ALL40m.TXT:1640
RX0465,W4,2023-04-23 13:37:45,10.13,-17,0.4,1797,CQ,True,ALBackup 40m 10-130 24042023 @ 1256UTC.TXT:1648; Final logs/ALL40m.TXT:1648,ALBackup 40m 10-130 24042023 @ 1256UTC.TXT:1647; Final logs/ALL40m.TXT:1647
RX0466,W4,2023-04-23 13:48:00,10.13,-17,0.3,1798,CQ,True,ALBackup 40m 10-130 24042023 @ 1256UTC.TXT:1652; Final logs/ALL40m.TXT:1652,ALBackup 40m 10-130 24042023 @ 1256UTC.TXT:1651; Final logs/ALL40m.TXT:1651
RX0467,W4,2023-04-23 13:58:15,10.13,-18,0.4,1798,CQ,True,ALBackup 40m 10-130 24042023 @ 1256UTC.TXT:1655; Final logs/ALL40m.TXT:1655,ALBackup 40m 10-130 24042023 @ 1256UTC.TXT:1654; Final logs/ALL40m.TXT:1654
RX0468,W4,2023-04-23 14:08:30,10.13,-13,0.3,1800,CQ,True,ALBackup 40m 10-130 24042023 @ 1256UTC.TXT:1658; Final logs/ALL40m.TXT:1658,ALBackup 40m 10-130 24042023 @ 1256UTC.TXT:1657; Final logs/ALL40m.TXT:1657
RX0469,W4,2023-04-23 14:18:45,10.13,-10,0.3,1799,CQ,True,ALBackup 40m 10-130 24042023 @ 1256UTC.TXT:1662; Final logs/ALL40m.TXT:1662,ALBackup 40m 10-130 24042023 @ 1256UTC.TXT:1661; Final logs/ALL40m.TXT:1661
RX0470,W4,2023-04-23 14:29:00,10.13,-10,0.4,1800,CQ,True,ALBackup 40m 10-130 24042023 @ 1256UTC.TXT:1664; Final logs/ALL40m.TXT:1664,ALBackup 40m 10-130 24042023 @ 1256UTC.TXT:1663; Final logs/ALL40m.TXT:1663
RX0471,W4,2023-04-23 14:38:45,10.13,-14,0.3,1800,ID_only,True,ALBackup 40m 10-130 24042023 @ 1256UTC.TXT:1667; Final logs/ALL40m.TXT:1667,ALBackup 40m 10-130 24042023 @ 1256UTC.TXT:1666; Final logs/ALL40m.TXT:1666
RX0472,W4,2023-04-23 14:49:15,10.13,-14,0.3,1798,CQ,True,ALBackup 40m 10-130 24042023 @ 1256UTC.TXT:1674; Final logs/ALL40m.TXT:1674,ALBackup 40m 10-130 24042023 @ 1256UTC.TXT:1673; Final logs/ALL40m.TXT:1673
RX0473,W4,2023-04-23 14:59:30,10.13,-16,0.4,1798,CQ,True,ALBackup 40m 10-130 24042023 @ 1256UTC.TXT:1679; Final logs/ALL40m.TXT:1679,ALBackup 40m 10-130 24042023 @ 1256UTC.TXT:1678; Final logs/ALL40m.TXT:1678
RX0474,W4,2023-04-23 15:09:45,10.13,-11,0.3,1799,CQ,True,ALBackup 40m 10-130 24042023 @ 1256UTC.TXT:1685; Final logs/ALL40m.TXT:1685,ALBackup 40m 10-130 24042023 @ 1256UTC.TXT:1684; Final logs/ALL40m.TXT:1684
RX0475,W4,2023-04-23 15:20:00,10.13,-16,0.4,1800,CQ,True,ALBackup 40m 10-130 24042023 @ 1256UTC.TXT:1689; Final logs/ALL40m.TXT:1689,ALBackup 40m 10-130 24042023 @ 1256UTC.TXT:1688; Final logs/ALL40m.TXT:1688
RX0476,W4,2023-04-23 21:57:00,10.13,-11,0.2,1804,CQ,True,ALBackup 40m 10-130 24042023 @ 1256UTC.TXT:1780; Final logs/ALL40m.TXT:1780,ALBackup 40m 10-130 24042023 @ 1256UTC.TXT:1779; Final logs/ALL40m.TXT:1779
RX0477,W4,2023-04-23 22:07:15,10.13,-7,0.3,1804,CQ,True,ALBackup 40m 10-130 24042023 @ 1256UTC.TXT:1785; Final logs/ALL40m.TXT:1785,ALBackup 40m 10-130 24042023 @ 1256UTC.TXT:1784; Final logs/ALL40m.TXT:1784
RX0478,W4,2023-04-23 22:17:30,10.13,-2,0.2,1803,CQ,True,ALBackup 40m 10-130 24042023 @ 1256UTC.TXT:1787; Final logs/ALL40m.TXT:1787,ALBackup 40m 10-130 24042023 @ 1256UTC.TXT:1786; Final logs/ALL40m.TXT:1786
RX0479,W4,2023-04-23 22:27:45,10.13,-15,0.2,1803,CQ,True,ALBackup 40m 10-130 24042023 @ 1256UTC.TXT:1793; Final logs/ALL40m.TXT:1793,ALBackup 40m 10-130 24042023 @ 1256UTC.TXT:1792; Final logs/ALL40m.TXT:1792
RX0480,W4,2023-04-23 22:38:00,10.13,-2,0.3,1801,CQ,True,ALBackup 40m 10-130 24042023 @ 1256UTC.TXT:1799; Final logs/ALL40m.TXT:1799,ALBackup 40m 10-130 24042023 @ 1256UTC.TXT:1798; Final logs/ALL40m.TXT:1798
RX0481,W4,2023-04-23 22:48:15,10.13,1,0.2,1802,CQ,True,ALBackup 40m 10-130 24042023 @ 1256UTC.TXT:1801; Final logs/ALL40m.TXT:1801,ALBackup 40m 10-130 24042023 @ 1256UTC.TXT:1800; Final logs/ALL40m.TXT:1800
RX0482,W4,2023-04-23 22:58:30,10.13,-2,0.3,1801,CQ,True,ALBackup 40m 10-130 24042023 @ 1256UTC.TXT:1803; Final logs/ALL40m.TXT:1803,ALBackup 40m 10-130 24042023 @ 1256UTC.TXT:1802; Final logs/ALL40m.TXT:1802
RX0483,W4,2023-04-23 23:08:45,10.13,-6,0.3,1800,CQ,True,ALBackup 40m 10-130 24042023 @ 1256UTC.TXT:1806; Final logs/ALL40m.TXT:1806,ALBackup 40m 10-130 24042023 @ 1256UTC.TXT:1805; Final logs/ALL40m.TXT:1805
RX0484,W4,2023-04-23 23:19:00,10.13,-3,0.2,1799,CQ,True,ALBackup 40m 10-130 24042023 @ 1256UTC.TXT:1810; Final logs/ALL40m.TXT:1810,ALBackup 40m 10-130 24042023 @ 1256UTC.TXT:1809; Final logs/ALL40m.TXT:1809
RX0485,W4,2023-04-23 23:29:15,10.13,-1,0.3,1798,CQ,True,ALBackup 40m 10-130 24042023 @ 1256UTC.TXT:1812; Final logs/ALL40m.TXT:1812,ALBackup 40m 10-130 24042023 @ 1256UTC.TXT:1811; Final logs/ALL40m.TXT:1811
RX0486,W4,2023-04-23 23:39:30,10.13,2,0.2,1798,CQ,True,ALBackup 40m 10-130 24042023 @ 1256UTC.TXT:1814; Final logs/ALL40m.TXT:1814,ALBackup 40m 10-130 24042023 @ 1256UTC.TXT:1813; Final logs/ALL40m.TXT:1813
RX0487,W4,2023-04-23 23:49:45,10.13,-7,0.2,1797,CQ,True,ALBackup 40m 10-130 24042023 @ 1256UTC.TXT:1816; Final logs/ALL40m.TXT:1816,ALBackup 40m 10-130 24042023 @ 1256UTC.TXT:1815; Final logs/ALL40m.TXT:1815
RX0488,W4,2023-04-24 00:00:00,10.13,-1,0.3,1797,CQ,True,ALBackup 40m 10-130 24042023 @ 1256UTC.TXT:1820; Final logs/ALL40m.TXT:1820,ALBackup 40m 10-130 24042023 @ 1256UTC.TXT:1819; Final logs/ALL40m.TXT:1819
RX0489,W4,2023-04-24 00:10:15,10.13,-2,0.2,1795,CQ,True,ALBackup 40m 10-130 24042023 @ 1256UTC.TXT:1823; Final logs/ALL40m.TXT:1823,ALBackup 40m 10-130 24042023 @ 1256UTC.TXT:1822; Final logs/ALL40m.TXT:1822
RX0490,W4,2023-04-24 00:20:30,10.13,-8,0.3,1795,CQ,True,ALBackup 40m 10-130 24042023 @ 1256UTC.TXT:1828; Final logs/ALL40m.TXT:1828,ALBackup 40m 10-130 24042023 @ 1256UTC.TXT:1827; Final logs/ALL40m.TXT:1827
RX0491,W4,2023-04-24 01:02:00,10.13,-3,0.2,1794,heartbeat,True,ALBackup 40m 10-130 24042023 @ 1256UTC.TXT:1836; Final logs/ALL40m.TXT:1836,ALBackup 40m 10-130 24042023 @ 1256UTC.TXT:1835; Final logs/ALL40m.TXT:1835
RX0492,W4,2023-04-24 01:09:15,10.13,-11,0.2,1793,ID_only,True,ALBackup 40m 10-130 24042023 @ 1256UTC.TXT:1844; Final logs/ALL40m.TXT:1844,ALBackup 40m 10-130 24042023 @ 1256UTC.TXT:1843; Final logs/ALL40m.TXT:1843
RX0493,W4,2023-04-24 01:12:30,10.13,-11,0.3,1790,ID_only,True,ALBackup 40m 10-130 24042023 @ 1256UTC.TXT:1848; Final logs/ALL40m.TXT:1848,ALBackup 40m 10-130 24042023 @ 1256UTC.TXT:1847; Final logs/ALL40m.TXT:1847
RX0494,W4,2023-04-24 01:44:00,10.13,-8,0.3,1790,heartbeat,True,ALBackup 40m 10-130 24042023 @ 1256UTC.TXT:1856; Final logs/ALL40m.TXT:1856,ALBackup 40m 10-130 24042023 @ 1256UTC.TXT:1855; Final logs/ALL40m.TXT:1855
RX0495,W4,2023-04-24 02:15:15,10.13,-8,0.2,1791,heartbeat,True,ALBackup 40m 10-130 24042023 @ 1256UTC.TXT:1863; Final logs/ALL40m.TXT:1863,ALBackup 40m 10-130 24042023 @ 1256UTC.TXT:1862; Final logs/ALL40m.TXT:1862
RX0496,W4,2023-04-24 02:46:30,10.13,-6,0.7,1788,heartbeat,True,ALBackup 40m 10-130 24042023 @ 1256UTC.TXT:1866; Final logs/ALL40m.TXT:1866,ALBackup 40m 10-130 24042023 @ 1256UTC.TXT:1865; Final logs/ALL40m.TXT:1865
RX0497,W4,2023-04-24 03:17:45,10.13,-3,0.7,1786,heartbeat,True,ALBackup 40m 10-130 24042023 @ 1256UTC.TXT:1872; Final logs/ALL40m.TXT:1872,ALBackup 40m 10-130 24042023 @ 1256UTC.TXT:1871; Final logs/ALL40m.TXT:1871
RX0498,W4,2023-04-24 03:49:00,10.13,-7,0.6,1785,heartbeat,True,ALBackup 40m 10-130 24042023 @ 1256UTC.TXT:1881; Final logs/ALL40m.TXT:1881,ALBackup 40m 10-130 24042023 @ 1256UTC.TXT:1880; Final logs/ALL40m.TXT:1880
RX0499,W4,2023-04-24 04:20:15,10.13,-6,0.6,1782,heartbeat,True,ALBackup 40m 10-130 24042023 @ 1256UTC.TXT:1892; Final logs/ALL40m.TXT:1892,ALBackup 40m 10-130 24042023 @ 1256UTC.TXT:1891; Final logs/ALL40m.TXT:1891
RX0500,W4,2023-04-24 04:51:30,10.13,-1,0.6,1796,heartbeat,True,ALBackup 40m 10-130 24042023 @ 1256UTC.TXT:1899; Final logs/ALL40m.TXT:1899,ALBackup 40m 10-130 24042023 @ 1256UTC.TXT:1898; Final logs/ALL40m.TXT:1898
RX0501,W4,2023-04-24 05:22:45,10.13,2,0.6,1796,heartbeat,True,ALBackup 40m 10-130 24042023 @ 1256UTC.TXT:1906; Final logs/ALL40m.TXT:1906,ALBackup 40m 10-130 24042023 @ 1256UTC.TXT:1905; Final logs/ALL40m.TXT:1905
RX0502,W4,2023-04-24 05:54:00,10.13,-3,0.6,1794,heartbeat,True,ALBackup 40m 10-130 24042023 @ 1256UTC.TXT:1910; Final logs/ALL40m.TXT:1910,ALBackup 40m 10-130 24042023 @ 1256UTC.TXT:1909; Final logs/ALL40m.TXT:1909
RX0503,W4,2023-04-24 06:25:15,10.13,1,0.7,1791,heartbeat,True,ALBackup 40m 10-130 24042023 @ 1256UTC.TXT:1920; Final logs/ALL40m.TXT:1920,ALBackup 40m 10-130 24042023 @ 1256UTC.TXT:1919; Final logs/ALL40m.TXT:1919
RX0504,W4,2023-04-24 06:56:30,10.13,-2,0.7,1790,heartbeat,True,ALBackup 40m 10-130 24042023 @ 1256UTC.TXT:1931; Final logs/ALL40m.TXT:1931,ALBackup 40m 10-130 24042023 @ 1256UTC.TXT:1930; Final logs/ALL40m.TXT:1930
RX0505,W4,2023-04-24 07:27:45,10.13,-7,0.7,1790,heartbeat,True,ALBackup 40m 10-130 24042023 @ 1256UTC.TXT:1940; Final logs/ALL40m.TXT:1940,ALBackup 40m 10-130 24042023 @ 1256UTC.TXT:1939; Final logs/ALL40m.TXT:1939
RX0506,W4,2023-04-24 07:59:00,10.13,-1,0.7,1790,heartbeat,True,ALBackup 40m 10-130 24042023 @ 1256UTC.TXT:1948; Final logs/ALL40m.TXT:1948,ALBackup 40m 10-130 24042023 @ 1256UTC.TXT:1947; Final logs/ALL40m.TXT:1947
RX0507,W4,2023-04-24 08:30:15,10.13,-13,0.7,1792,heartbeat,True,ALBackup 40m 10-130 24042023 @ 1256UTC.TXT:1957; Final logs/ALL40m.TXT:1957,ALBackup 40m 10-130 24042023 @ 1256UTC.TXT:1956; Final logs/ALL40m.TXT:1956
RX0508,W4,2023-04-24 08:59:00,10.13,-6,0.6,1794,ID_only,True,ALBackup 40m 10-130 24042023 @ 1256UTC.TXT:1966; Final logs/ALL40m.TXT:1966,ALBackup 40m 10-130 24042023 @ 1256UTC.TXT:1965; Final logs/ALL40m.TXT:1965
RX0509,W4,2023-04-24 09:30:30,10.13,-2,0.6,1797,heartbeat,True,ALBackup 40m 10-130 24042023 @ 1256UTC.TXT:1975; Final logs/ALL40m.TXT:1975,ALBackup 40m 10-130 24042023 @ 1256UTC.TXT:1974; Final logs/ALL40m.TXT:1974
RX0510,W4,2023-04-24 10:01:45,10.13,-5,0.6,1800,heartbeat,True,ALBackup 40m 10-130 24042023 @ 1256UTC.TXT:1989; Final logs/ALL40m.TXT:1989,ALBackup 40m 10-130 24042023 @ 1256UTC.TXT:1988; Final logs/ALL40m.TXT:1988
RX0511,W4,2023-04-24 10:33:00,10.13,-1,0.6,1796,heartbeat,True,ALBackup 40m 10-130 24042023 @ 1256UTC.TXT:2003; Final logs/ALL40m.TXT:2003,ALBackup 40m 10-130 24042023 @ 1256UTC.TXT:2002; Final logs/ALL40m.TXT:2002
RX0512,W4,2023-04-24 11:04:15,10.13,-3,0.6,1796,heartbeat,True,ALBackup 40m 10-130 24042023 @ 1256UTC.TXT:2013; Final logs/ALL40m.TXT:2013,ALBackup 40m 10-130 24042023 @ 1256UTC.TXT:2012; Final logs/ALL40m.TXT:2012
RX0513,W4,2023-04-24 11:35:30,10.13,-10,0.6,1797,heartbeat,True,ALBackup 40m 10-130 24042023 @ 1256UTC.TXT:2019; Final logs/ALL40m.TXT:2019,ALBackup 40m 10-130 24042023 @ 1256UTC.TXT:2018; Final logs/ALL40m.TXT:2018
RX0514,W4,2023-04-24 11:45:15,10.13,-6,0.7,1795,ID_only,True,ALBackup 40m 10-130 24042023 @ 1256UTC.TXT:2026; Final logs/ALL40m.TXT:2026,ALBackup 40m 10-130 24042023 @ 1256UTC.TXT:2025; Final logs/ALL40m.TXT:2025
RX0515,W4,2023-04-24 21:57:15,10.13,-19,0.6,1804,heartbeat,False,Final logs/ALL40m.TXT:2166,Final logs/ALL40m.TXT:2165
RX0516,W4,2023-04-24 22:28:30,10.13,3,0.6,1802,heartbeat,False,Final logs/ALL40m.TXT:2177,Final logs/ALL40m.TXT:2176
RX0517,W4,2023-04-24 22:59:45,10.13,1,0.7,1798,heartbeat,False,Final logs/ALL40m.TXT:2190,Final logs/ALL40m.TXT:2189
RX0518,W4,2023-04-24 23:31:00,10.13,1,0.7,1796,heartbeat,False,Final logs/ALL40m.TXT:2197,Final logs/ALL40m.TXT:2196
RX0519,W6,2023-04-25 00:02:15,10.13,0,0.7,1795,heartbeat,False,Final logs/ALL40m.TXT:2202,Final logs/ALL40m.TXT:2201
RX0520,W6,2023-04-25 00:09:15,10.13,-1,0.7,1795,CQ,False,Final logs/ALL40m.TXT:2209,Final logs/ALL40m.TXT:2208
RX0521,W6,2023-04-25 01:51:15,10.13,-9,0.7,1804,CQ,False,Final logs/ALL40m.TXT:2226,Final logs/ALL40m.TXT:2225
RX0522,W6,2023-04-25 02:01:30,10.13,-4,0.6,1798,CQ,False,Final logs/ALL40m.TXT:2228,Final logs/ALL40m.TXT:2227
RX0523,W6,2023-04-25 02:11:45,10.13,-11,0.6,1795,CQ,False,Final logs/ALL40m.TXT:2237,Final logs/ALL40m.TXT:2236
RX0524,W6,2023-04-25 02:22:00,10.13,-9,0.7,1793,CQ,False,Final logs/ALL40m.TXT:2242,Final logs/ALL40m.TXT:2241
RX0525,W6,2023-04-25 02:32:15,10.13,-16,0.6,1791,CQ,False,Final logs/ALL40m.TXT:2249,Final logs/ALL40m.TXT:2248
RX0526,W6,2023-04-25 02:42:30,10.13,-15,0.6,1790,CQ,False,Final logs/ALL40m.TXT:2253,Final logs/ALL40m.TXT:2252
RX0527,W6,2023-04-25 02:52:45,10.13,-17,0.7,1788,CQ,False,Final logs/ALL40m.TXT:2259,Final logs/ALL40m.TXT:2258
RX0528,W6,2023-04-25 03:03:00,10.13,-20,0.6,1787,CQ,False,Final logs/ALL40m.TXT:2265,Final logs/ALL40m.TXT:2264
RX0529,W6,2023-04-25 03:23:45,10.13,-23,0.7,1788,CQ,False,Final logs/ALL40m.TXT:2269,Final logs/ALL40m.TXT:2267
RX0530,W6,2023-04-25 04:14:45,10.13,-16,0.7,1787,CQ,False,Final logs/ALL40m.TXT:2285,Final logs/ALL40m.TXT:2284
RX0531,W6,2023-04-25 04:25:00,10.13,-17,0.6,1785,CQ,False,Final logs/ALL40m.TXT:2289,Final logs/ALL40m.TXT:2288
RX0532,W6,2023-04-25 04:35:15,10.13,-11,0.6,1785,CQ,False,Final logs/ALL40m.TXT:2292,Final logs/ALL40m.TXT:2291
RX0533,W5,2023-04-25 04:42:30,5.357,4,-0.1,1499,CQ,False,Final logs/ALL20m.TXT:1733,Final logs/ALL20m.TXT:1732
RX0534,W5,2023-04-25 04:52:45,5.357,9,-0.1,1499,CQ,False,Final logs/ALL20m.TXT:1738,Final logs/ALL20m.TXT:1737
RX0535,W6,2023-04-25 04:55:45,10.13,-6,0.6,1785,CQ,False,Final logs/ALL40m.TXT:2295,Final logs/ALL40m.TXT:2294
RX0536,W5,2023-04-25 05:03:00,5.357,11,-0.1,1499,CQ,False,Final logs/ALL20m.TXT:1740,Final logs/ALL20m.TXT:1739
RX0537,W6,2023-04-25 05:06:00,10.13,-20,0.7,1785,CQ,False,Final logs/ALL40m.TXT:2297,Final logs/ALL40m.TXT:2296
RX0538,W5,2023-04-25 05:13:15,5.357,5,-0.1,1499,CQ,False,Final logs/ALL20m.TXT:1744,Final logs/ALL20m.TXT:1743
RX0539,W5,2023-04-25 05:23:30,5.357,13,-0.1,1499,CQ,False,Final logs/ALL20m.TXT:1746,Final logs/ALL20m.TXT:1745
RX0540,W6,2023-04-25 05:26:30,10.13,-10,0.6,1788,CQ,False,Final logs/ALL40m.TXT:2305,Final logs/ALL40m.TXT:2304
RX0541,W5,2023-04-25 05:33:45,5.357,7,-0.1,1499,CQ,False,Final logs/ALL20m.TXT:1749,Final logs/ALL20m.TXT:1748
RX0542,W6,2023-04-25 05:36:45,10.13,-4,0.7,1784,CQ,False,Final logs/ALL40m.TXT:2308,Final logs/ALL40m.TXT:2307
RX0543,W5,2023-04-25 05:44:00,5.357,11,-0.1,1499,CQ,False,Final logs/ALL20m.TXT:1751,Final logs/ALL20m.TXT:1750
RX0544,W6,2023-04-25 05:47:00,10.13,1,0.6,1786,CQ,False,Final logs/ALL40m.TXT:2312,Final logs/ALL40m.TXT:2311
RX0545,W5,2023-04-25 05:54:15,5.357,14,-0.1,1499,CQ,False,Final logs/ALL20m.TXT:1753,Final logs/ALL20m.TXT:1752
RX0546,W6,2023-04-25 05:57:15,10.13,-2,0.6,1789,CQ,False,Final logs/ALL40m.TXT:2317,Final logs/ALL40m.TXT:2316
RX0547,W5,2023-04-25 06:04:30,5.357,14,-0.1,1500,CQ,False,Final logs/ALL20m.TXT:1756,Final logs/ALL20m.TXT:1755
RX0548,W6,2023-04-25 06:07:30,10.13,-3,0.7,1792,CQ,False,Final logs/ALL40m.TXT:2325,Final logs/ALL40m.TXT:2324
RX0549,W5,2023-04-25 06:14:45,5.357,13,-0.1,1499,CQ,False,Final logs/ALL20m.TXT:1759,Final logs/ALL20m.TXT:1758
RX0550,W5,2023-04-25 06:17:15,5.357,19,-0.1,499,ID_only,False,Final logs/ALL20m.TXT:1762,Final logs/ALL20m.TXT:1761
RX0551,W6,2023-04-25 06:17:45,10.13,-6,0.6,1792,CQ,False,Final logs/ALL40m.TXT:2330,Final logs/ALL40m.TXT:2329
RX0552,W5,2023-04-25 06:27:45,5.357,19,-0.2,1499,CQ,False,Final logs/ALL20m.TXT:1766,Final logs/ALL20m.TXT:1765
RX0553,W6,2023-04-25 06:28:00,10.13,-6,0.7,1793,CQ,False,Final logs/ALL40m.TXT:2333,Final logs/ALL40m.TXT:2332
RX0554,W5,2023-04-25 06:38:00,5.357,13,-0.1,1499,CQ,False,Final logs/ALL20m.TXT:1769,Final logs/ALL20m.TXT:1768
RX0555,W6,2023-04-25 06:38:15,10.13,-7,0.7,1793,CQ,False,Final logs/ALL40m.TXT:2338,Final logs/ALL40m.TXT:2337
RX0556,W5,2023-04-25 06:48:15,5.357,13,-0.1,1499,CQ,False,Final logs/ALL20m.TXT:1771,Final logs/ALL20m.TXT:1770
RX0557,W6,2023-04-25 06:48:30,10.13,-8,0.6,1793,CQ,False,Final logs/ALL40m.TXT:2341,Final logs/ALL40m.TXT:2340
RX0558,W5,2023-04-25 06:58:30,5.357,16,-0.1,1499,CQ,False,Final logs/ALL20m.TXT:1774,Final logs/ALL20m.TXT:1773
RX0559,W6,2023-04-25 06:58:45,10.13,-6,0.7,1793,CQ,False,Final logs/ALL40m.TXT:2343,Final logs/ALL40m.TXT:2342
RX0560,W5,2023-04-25 07:08:45,5.357,13,-0.1,1499,CQ,False,Final logs/ALL20m.TXT:1776,Final logs/ALL20m.TXT:1775
RX0561,W6,2023-04-25 07:09:00,10.13,-5,0.6,1794,CQ,False,Final logs/ALL40m.TXT:2345,Final logs/ALL40m.TXT:2344
RX0562,W5,2023-04-25 07:19:00,5.357,15,-0.2,1499,CQ,False,Final logs/ALL20m.TXT:1778,Final logs/ALL20m.TXT:1777
RX0563,W6,2023-04-25 07:19:15,10.13,-5,0.6,1794,CQ,False,Final logs/ALL40m.TXT:2349,Final logs/ALL40m.TXT:2348
RX0564,W5,2023-04-25 07:29:15,5.357,17,-0.2,1499,CQ,False,Final logs/ALL20m.TXT:1780,Final logs/ALL20m.TXT:1779
RX0565,W6,2023-04-25 07:29:30,10.13,-3,0.7,1794,CQ,False,Final logs/ALL40m.TXT:2355,Final logs/ALL40m.TXT:2354
RX0566,W5,2023-04-25 07:39:30,5.357,8,-0.1,1499,CQ,False,Final logs/ALL20m.TXT:1782,Final logs/ALL20m.TXT:1781
RX0567,W6,2023-04-25 07:39:45,10.13,0,0.5,1793,CQ,False,Final logs/ALL40m.TXT:2359,Final logs/ALL40m.TXT:2358
RX0568,W5,2023-04-25 07:49:45,5.357,17,-0.1,1499,CQ,False,Final logs/ALL20m.TXT:1787,Final logs/ALL20m.TXT:1786
RX0569,W6,2023-04-25 07:50:00,10.13,-8,0.6,1792,CQ,False,Final logs/ALL40m.TXT:2362,Final logs/ALL40m.TXT:2361
RX0570,W5,2023-04-25 08:00:00,5.357,21,-0.2,1499,CQ,False,Final logs/ALL20m.TXT:1789,Final logs/ALL20m.TXT:1788
RX0571,W6,2023-04-25 08:00:15,10.13,1,0.7,1792,CQ,False,Final logs/ALL40m.TXT:2365,Final logs/ALL40m.TXT:2364
RX0572,W5,2023-04-25 08:10:15,5.357,19,-0.2,1499,CQ,False,Final logs/ALL20m.TXT:1793,Final logs/ALL20m.TXT:1792
RX0573,W6,2023-04-25 08:10:30,10.13,-3,0.5,1792,CQ,False,Final logs/ALL40m.TXT:2368,Final logs/ALL40m.TXT:2367
RX0574,W5,2023-04-25 08:20:30,5.357,21,-0.2,1499,CQ,False,Final logs/ALL20m.TXT:1795,Final logs/ALL20m.TXT:1794
RX0575,W6,2023-04-25 08:20:45,10.13,-6,0.7,1792,CQ,False,Final logs/ALL40m.TXT:2373,Final logs/ALL40m.TXT:2372
RX0576,W5,2023-04-25 08:30:45,5.357,15,-0.2,1499,CQ,False,Final logs/ALL20m.TXT:1799,Final logs/ALL20m.TXT:1798
RX0577,W6,2023-04-25 08:31:00,10.13,-10,0.6,1791,CQ,False,Final logs/ALL40m.TXT:2378,Final logs/ALL40m.TXT:2377
RX0578,W5,2023-04-25 08:41:00,5.357,17,-0.2,1499,CQ,False,Final logs/ALL20m.TXT:1801,Final logs/ALL20m.TXT:1800
RX0579,W6,2023-04-25 08:41:15,10.13,-7,0.5,1791,CQ,False,Final logs/ALL40m.TXT:2384,Final logs/ALL40m.TXT:2383
RX0580,W5,2023-04-25 08:51:15,5.357,12,-0.2,1499,CQ,False,Final logs/ALL20m.TXT:1805,Final logs/ALL20m.TXT:1804
RX0581,W6,2023-04-25 08:51:30,10.13,-5,0.6,1793,CQ,False,Final logs/ALL40m.TXT:2388,Final logs/ALL40m.TXT:2387
RX0582,W6,2023-04-25 08:58:15,10.13,-5,0.5,1792,ID_only,False,Final logs/ALL40m.TXT:2390,Final logs/ALL40m.TXT:2389
RX0583,W5,2023-04-25 09:01:30,5.357,18,-0.2,1498,CQ,False,Final logs/ALL20m.TXT:1807,Final logs/ALL20m.TXT:1806
RX0584,W6,2023-04-25 09:09:00,10.13,-15,0.6,1791,CQ,False,Final logs/ALL40m.TXT:2395,Final logs/ALL40m.TXT:2391
RX0585,W5,2023-04-25 09:09:15,5.357,17,-0.2,748,ID_only,False,Final logs/ALL20m.TXT:1810,Final logs/ALL20m.TXT:1809
RX0586,W6,2023-04-25 09:19:00,10.13,-4,0.5,1793,CQ,False,Final logs/ALL40m.TXT:2398,Final logs/ALL40m.TXT:2397
RX0587,W5,2023-04-25 09:19:45,5.357,15,-0.2,1498,CQ,False,Final logs/ALL20m.TXT:1816,Final logs/ALL20m.TXT:1815
RX0588,W6,2023-04-25 09:29:15,10.13,-5,0.5,1793,CQ,False,Final logs/ALL40m.TXT:2403,Final logs/ALL40m.TXT:2402
RX0589,W5,2023-04-25 09:30:00,5.357,14,-0.1,1498,CQ,False,Final logs/ALL20m.TXT:1818,Final logs/ALL20m.TXT:1817
RX0590,W6,2023-04-25 09:39:30,10.13,-12,0.6,1793,CQ,False,Final logs/ALL40m.TXT:2407,Final logs/ALL40m.TXT:2406
RX0591,W5,2023-04-25 09:40:15,5.357,16,-0.1,1498,CQ,False,Final logs/ALL20m.TXT:1821,Final logs/ALL20m.TXT:1820
RX0592,W6,2023-04-25 09:49:45,10.13,-7,0.5,1793,CQ,False,Final logs/ALL40m.TXT:2414,Final logs/ALL40m.TXT:2413
RX0593,W5,2023-04-25 09:50:30,5.357,14,-0.1,1497,CQ,False,Final logs/ALL20m.TXT:1825,Final logs/ALL20m.TXT:1824
RX0594,W5,2023-04-25 10:00:45,5.357,-1,-0.1,1498,CQ,False,Final logs/ALL20m.TXT:1828,Final logs/ALL20m.TXT:1827
RX0595,W5,2023-04-25 10:11:00,5.357,10,-0.2,1498,CQ,False,Final logs/ALL20m.TXT:1832,Final logs/ALL20m.TXT:1831
RX0596,W5,2023-04-25 10:21:15,5.357,-3,-0.1,1498,CQ,False,Final logs/ALL20m.TXT:1834,Final logs/ALL20m.TXT:1833
RX0597,W5,2023-04-25 10:31:30,5.357,-3,-0.1,1497,CQ,False,Final logs/ALL20m.TXT:1837,Final logs/ALL20m.TXT:1836
RX0598,W5,2023-04-25 10:41:45,5.357,-5,-0.1,1497,CQ,False,Final logs/ALL20m.TXT:1840,Final logs/ALL20m.TXT:1839
RX0599,W5,2023-04-25 10:52:00,5.357,-4,-0.1,1498,CQ,False,Final logs/ALL20m.TXT:1843,Final logs/ALL20m.TXT:1842
RX0600,W5,2023-04-25 11:02:15,5.357,2,-0.2,1499,CQ,False,Final logs/ALL20m.TXT:1845,Final logs/ALL20m.TXT:1844
RX0601,W5,2023-04-25 11:12:30,5.357,-1,-0.2,1498,CQ,False,Final logs/ALL20m.TXT:1852,Final logs/ALL20m.TXT:1851
RX0602,W5,2023-04-25 11:22:45,5.357,1,-0.2,1499,CQ,False,Final logs/ALL20m.TXT:1855,Final logs/ALL20m.TXT:1854
RX0603,W5,2023-04-25 11:33:00,5.357,1,-0.2,1499,CQ,False,Final logs/ALL20m.TXT:1859,Final logs/ALL20m.TXT:1858
RX0604,W5,2023-04-25 11:43:15,5.357,-1,-0.2,1499,CQ,False,Final logs/ALL20m.TXT:1861,Final logs/ALL20m.TXT:1860
RX0605,W5,2023-04-25 11:53:30,5.357,1,-0.2,1499,CQ,False,Final logs/ALL20m.TXT:1863,Final logs/ALL20m.TXT:1862
RX0606,W5,2023-04-25 12:03:45,5.357,2,-0.2,1499,CQ,False,Final logs/ALL20m.TXT:1865,Final logs/ALL20m.TXT:1864
RX0607,W6,2023-04-25 12:13:15,10.13,-19,0.5,1801,CQ,False,Final logs/ALL40m.TXT:2440,Final logs/ALL40m.TXT:2436
RX0608,W5,2023-04-25 12:14:00,5.357,2,-0.2,1499,CQ,False,Final logs/ALL20m.TXT:1867,Final logs/ALL20m.TXT:1866
RX0609,W6,2023-04-25 12:23:30,10.13,-18,0.6,1800,CQ,False,Final logs/ALL40m.TXT:2443,Final logs/ALL40m.TXT:2442
RX0610,W5,2023-04-25 12:24:15,5.357,1,-0.2,1500,CQ,False,Final logs/ALL20m.TXT:1871,Final logs/ALL20m.TXT:1870
RX0611,W6,2023-04-25 12:33:45,10.13,-17,0.5,1800,CQ,False,Final logs/ALL40m.TXT:2447,Final logs/ALL40m.TXT:2446
RX0612,W5,2023-04-25 12:34:30,5.357,1,-0.2,1500,CQ,False,Final logs/ALL20m.TXT:1875,Final logs/ALL20m.TXT:1874
RX0613,W5,2023-04-25 12:44:45,5.357,1,-0.2,1500,CQ,False,Final logs/ALL20m.TXT:1878,Final logs/ALL20m.TXT:1877
RX0614,W5,2023-04-25 12:55:00,5.357,2,-0.2,1500,CQ,False,Final logs/ALL20m.TXT:1880,Final logs/ALL20m.TXT:1879
RX0615,W5,2023-04-25 13:05:15,5.357,3,-0.2,1499,CQ,False,Final logs/ALL20m.TXT:1882,Final logs/ALL20m.TXT:1881
RX0616,W5,2023-04-25 13:15:30,5.357,8,-0.2,1500,CQ,False,Final logs/ALL20m.TXT:1885,Final logs/ALL20m.TXT:1884
RX0617,W5,2023-04-25 13:25:45,5.357,9,-0.2,1499,CQ,False,Final logs/ALL20m.TXT:1892,Final logs/ALL20m.TXT:1891
RX0618,W5,2023-04-25 13:36:00,5.357,5,-0.2,1499,CQ,False,Final logs/ALL20m.TXT:1897,Final logs/ALL20m.TXT:1896
RX0619,W6,2023-04-25 13:45:30,10.13,-18,0.6,1802,CQ,False,Final logs/ALL40m.TXT:2466,Final logs/ALL40m.TXT:2465
RX0620,W5,2023-04-25 13:46:15,5.357,5,-0.2,1500,CQ,False,Final logs/ALL20m.TXT:1901,Final logs/ALL20m.TXT:1900
RX0621,W5,2023-04-25 13:56:30,5.357,4,-0.2,1500,CQ,False,Final logs/ALL20m.TXT:1904,Final logs/ALL20m.TXT:1903
RX0622,W6,2023-04-25 14:06:00,10.13,-14,0.6,1803,CQ,False,Final logs/ALL40m.TXT:2471,Final logs/ALL40m.TXT:2470
RX0623,W5,2023-04-25 14:06:45,5.357,4,-0.2,1500,CQ,False,Final logs/ALL20m.TXT:1908,Final logs/ALL20m.TXT:1907
RX0624,W6,2023-04-25 14:16:15,10.13,-17,0.6,1802,CQ,False,Final logs/ALL40m.TXT:2475,Final logs/ALL40m.TXT:2474
RX0625,W5,2023-04-25 14:17:00,5.357,5,-0.2,1500,CQ,False,Final logs/ALL20m.TXT:1910,Final logs/ALL20m.TXT:1909
RX0626,W6,2023-04-25 14:26:30,10.13,-13,0.5,1802,CQ,False,Final logs/ALL40m.TXT:2479,Final logs/ALL40m.TXT:2478
RX0627,W5,2023-04-25 14:27:15,5.357,4,-0.2,1500,CQ,False,Final logs/ALL20m.TXT:1913,Final logs/ALL20m.TXT:1912
RX0628,W6,2023-04-25 14:36:45,10.13,-15,0.6,1800,CQ,False,Final logs/ALL40m.TXT:2482,Final logs/ALL40m.TXT:2480
RX0629,W5,2023-04-25 14:37:30,5.357,7,-0.2,1499,CQ,False,Final logs/ALL20m.TXT:1915,Final logs/ALL20m.TXT:1914
RX0630,W6,2023-04-25 14:47:00,10.13,-14,0.5,1801,CQ,False,Final logs/ALL40m.TXT:2485,Final logs/ALL40m.TXT:2484
RX0631,W5,2023-04-25 14:47:45,5.357,6,-0.2,1500,CQ,False,Final logs/ALL20m.TXT:1918,Final logs/ALL20m.TXT:1917
RX0632,W6,2023-04-25 14:57:15,10.13,-15,0.4,1801,CQ,False,Final logs/ALL40m.TXT:2487,Final logs/ALL40m.TXT:2486
RX0633,W5,2023-04-25 14:58:00,5.357,5,-0.2,1499,CQ,False,Final logs/ALL20m.TXT:1922,Final logs/ALL20m.TXT:1921
RX0634,W5,2023-04-25 15:08:15,5.357,6,-0.2,1500,CQ,False,Final logs/ALL20m.TXT:1924,Final logs/ALL20m.TXT:1923
RX0635,W6,2023-04-25 15:18:00,10.13,-22,0.5,1803,CQ,False,Final logs/ALL40m.TXT:2492,Final logs/ALL40m.TXT:2488
RX0636,W5,2023-04-25 15:18:30,5.357,6,-0.2,1500,CQ,False,Final logs/ALL20m.TXT:1926,Final logs/ALL20m.TXT:1925
RX0637,W6,2023-04-25 15:28:00,10.13,-20,0.5,1803,CQ,False,Final logs/ALL40m.TXT:2495,Final logs/ALL40m.TXT:2494
RX0638,W5,2023-04-25 15:28:45,5.357,8,-0.2,1500,CQ,False,Final logs/ALL20m.TXT:1928,Final logs/ALL20m.TXT:1927
RX0639,W6,2023-04-25 15:38:30,10.13,-22,0.6,1802,CQ,False,Final logs/ALL40m.TXT:2498,Final logs/ALL40m.TXT:2494
RX0640,W5,2023-04-25 15:39:00,5.357,9,-0.2,1499,CQ,False,Final logs/ALL20m.TXT:1930,Final logs/ALL20m.TXT:1929
RX0641,W5,2023-04-25 15:49:15,5.357,6,-0.2,1499,CQ,False,Final logs/ALL20m.TXT:1932,Final logs/ALL20m.TXT:1931
RX0642,W5,2023-04-25 15:59:30,5.357,10,-0.2,1499,CQ,False,Final logs/ALL20m.TXT:1934,Final logs/ALL20m.TXT:1933
RX0643,W5,2023-04-25 16:09:45,5.357,8,-0.2,1499,CQ,False,Final logs/ALL20m.TXT:1936,Final logs/ALL20m.TXT:1935
RX0644,W5,2023-04-25 16:20:00,5.357,9,-0.2,1500,CQ,False,Final logs/ALL20m.TXT:1940,Final logs/ALL20m.TXT:1939
RX0645,W5,2023-04-25 16:30:15,5.357,5,-0.2,1499,CQ,False,Final logs/ALL20m.TXT:1942,Final logs/ALL20m.TXT:1941
RX0646,W5,2023-04-25 16:40:30,5.357,4,-0.2,1499,CQ,False,Final logs/ALL20m.TXT:1944,Final logs/ALL20m.TXT:1943
RX0647,W5,2023-04-25 16:50:45,5.357,8,-0.2,1499,CQ,False,Final logs/ALL20m.TXT:1946,Final logs/ALL20m.TXT:1945
RX0648,W5,2023-04-25 17:01:00,5.357,9,-0.2,1499,CQ,False,Final logs/ALL20m.TXT:1948,Final logs/ALL20m.TXT:1947
RX0649,W5,2023-04-25 17:11:15,5.357,5,-0.2,1499,CQ,False,Final logs/ALL20m.TXT:1950,Final logs/ALL20m.TXT:1949
RX0650,W5,2023-04-25 17:21:30,5.357,4,-0.2,1500,CQ,False,Final logs/ALL20m.TXT:1953,Final logs/ALL20m.TXT:1952
RX0651,W5,2023-04-25 17:31:45,5.357,7,-0.2,1500,CQ,False,Final logs/ALL20m.TXT:1955,Final logs/ALL20m.TXT:1954
RX0652,W5,2023-04-25 17:42:00,5.357,-1,-0.3,1500,CQ,False,Final logs/ALL20m.TXT:1957,Final logs/ALL20m.TXT:1956
RX0653,W5,2023-04-25 17:52:15,5.357,5,-0.3,1500,CQ,False,Final logs/ALL20m.TXT:1959,Final logs/ALL20m.TXT:1958
RX0654,W5,2023-04-25 18:02:30,5.357,6,-0.3,1500,CQ,False,Final logs/ALL20m.TXT:1962,Final logs/ALL20m.TXT:1961
RX0655,W5,2023-04-25 18:12:45,5.357,13,-0.3,1499,CQ,False,Final logs/ALL20m.TXT:1965,Final logs/ALL20m.TXT:1964
RX0656,W5,2023-04-25 18:23:00,5.357,14,-0.3,1499,CQ,False,Final logs/ALL20m.TXT:1971,Final logs/ALL20m.TXT:1970
RX0657,W5,2023-04-25 18:33:15,5.357,12,-0.3,1499,CQ,False,Final logs/ALL20m.TXT:1975,Final logs/ALL20m.TXT:1974
RX0658,W6,2023-04-25 18:33:15,10.13,-23,0.4,1803,ID_only,False,Final logs/ALL40m.TXT:2536,Final logs/ALL40m.TXT:2535
RX0659,W5,2023-04-25 18:43:30,5.357,12,-0.3,1499,CQ,False,Final logs/ALL20m.TXT:1977,Final logs/ALL20m.TXT:1976
RX0660,W5,2023-04-25 18:53:45,5.357,8,-0.3,1499,CQ,False,Final logs/ALL20m.TXT:1979,Final logs/ALL20m.TXT:1978
RX0661,W5,2023-04-25 19:04:00,5.357,7,-0.3,1500,CQ,False,Final logs/ALL20m.TXT:1982,Final logs/ALL20m.TXT:1981
RX0662,W6,2023-04-25 19:04:15,10.13,-22,0.4,1803,CQ,False,Final logs/ALL40m.TXT:2548,Final logs/ALL40m.TXT:2547
RX0663,W5,2023-04-25 19:14:15,5.357,2,-0.3,1500,CQ,False,Final logs/ALL20m.TXT:1984,Final logs/ALL20m.TXT:1983
RX0664,W6,2023-04-25 19:14:30,10.13,-23,0.5,1804,CQ,False,Final logs/ALL40m.TXT:2551,Final logs/ALL40m.TXT:2550
RX0665,W5,2023-04-25 19:24:30,5.357,-3,-0.3,1500,CQ,False,Final logs/ALL20m.TXT:1988,Final logs/ALL20m.TXT:1987
RX0666,W6,2023-04-25 19:24:45,10.13,-22,0.5,1804,CQ,False,Final logs/ALL40m.TXT:2557,Final logs/ALL40m.TXT:2556
RX0667,W5,2023-04-25 19:34:45,5.357,-3,-0.3,1499,CQ,False,Final logs/ALL20m.TXT:1991,Final logs/ALL20m.TXT:1990
RX0668,W5,2023-04-25 19:45:00,5.357,-8,-0.3,1500,CQ,False,Final logs/ALL20m.TXT:1995,Final logs/ALL20m.TXT:1994
RX0669,W6,2023-04-25 19:45:15,10.13,-22,0.5,1804,CQ,False,Final logs/ALL40m.TXT:2562,Final logs/ALL40m.TXT:2561
RX0670,W5,2023-04-25 19:55:15,5.357,-8,-0.3,1499,CQ,False,Final logs/ALL20m.TXT:1998,Final logs/ALL20m.TXT:1997
RX0671,W6,2023-04-25 19:55:30,10.13,-20,0.4,1804,CQ,False,Final logs/ALL40m.TXT:2566,Final logs/ALL40m.TXT:2565
RX0672,W5,2023-04-25 20:05:30,5.357,-6,-0.3,1499,CQ,False,Final logs/ALL20m.TXT:2001,Final logs/ALL20m.TXT:2000
RX0673,W6,2023-04-25 20:05:45,10.13,-21,0.4,1804,CQ,False,Final logs/ALL40m.TXT:2570,Final logs/ALL40m.TXT:2569
RX0674,W5,2023-04-25 20:15:45,5.357,-10,-0.3,1499,CQ,False,Final logs/ALL20m.TXT:2003,Final logs/ALL20m.TXT:2002
RX0675,W6,2023-04-25 20:16:00,10.13,-20,0.5,1804,CQ,False,Final logs/ALL40m.TXT:2574,Final logs/ALL40m.TXT:2573
RX0676,W5,2023-04-25 20:26:00,5.357,-7,-0.3,1499,CQ,False,Final logs/ALL20m.TXT:2005,Final logs/ALL20m.TXT:2004
RX0677,W6,2023-04-25 20:26:15,10.13,-8,0.4,1806,CQ,False,Final logs/ALL40m.TXT:2576,Final logs/ALL40m.TXT:2575
RX0678,W5,2023-04-25 20:36:15,5.357,-7,-0.3,1499,CQ,False,Final logs/ALL20m.TXT:2008,Final logs/ALL20m.TXT:2007
RX0679,W6,2023-04-25 20:36:30,10.13,-19,0.4,1804,CQ,False,Final logs/ALL40m.TXT:2583,Final logs/ALL40m.TXT:2582
RX0680,W5,2023-04-25 20:46:30,5.357,0,-0.3,1501,CQ,False,Final logs/ALL20m.TXT:2010,Final logs/ALL20m.TXT:2009
RX0681,W6,2023-04-25 20:46:45,10.13,-19,0.5,1805,CQ,False,Final logs/ALL40m.TXT:2585,Final logs/ALL40m.TXT:2584
RX0682,W5,2023-04-25 20:56:45,5.357,18,-0.3,1500,CQ,False,Final logs/ALL20m.TXT:2014,Final logs/ALL20m.TXT:2013
RX0683,W6,2023-04-25 20:57:00,10.13,-21,0.4,1805,CQ,False,Final logs/ALL40m.TXT:2589,Final logs/ALL40m.TXT:2588
RX0684,W5,2023-04-25 21:07:00,5.357,19,-0.3,1500,CQ,False,Final logs/ALL20m.TXT:2016,Final logs/ALL20m.TXT:2015
RX0685,W5,2023-04-25 21:17:15,5.357,15,-0.3,1500,CQ,False,Final logs/ALL20m.TXT:2018,Final logs/ALL20m.TXT:2017
RX0686,W6,2023-04-25 21:17:30,10.13,-22,0.4,1805,CQ,False,Final logs/ALL40m.TXT:2596,Final logs/ALL40m.TXT:2595
RX0687,W5,2023-04-25 21:27:30,5.357,15,-0.3,1500,CQ,False,Final logs/ALL20m.TXT:2020,Final logs/ALL20m.TXT:2019
RX0688,W5,2023-04-25 21:37:45,5.357,17,-0.3,1499,CQ,False,Final logs/ALL20m.TXT:2025,Final logs/ALL20m.TXT:2024
RX0689,W5,2023-04-25 21:48:00,5.357,18,-0.3,1499,CQ,False,Final logs/ALL20m.TXT:2027,Final logs/ALL20m.TXT:2026
RX0690,W6,2023-04-25 21:48:30,10.13,-21,0.4,1806,CQ,False,Final logs/ALL40m.TXT:2601,Final logs/ALL40m.TXT:2598
RX0691,W5,2023-04-25 21:58:15,5.357,19,-0.3,1499,CQ,False,Final logs/ALL20m.TXT:2029,Final logs/ALL20m.TXT:2028
RX0692,W5,2023-04-25 22:08:30,5.357,15,-0.3,1499,CQ,False,Final logs/ALL20m.TXT:2031,Final logs/ALL20m.TXT:2030
RX0693,W5,2023-04-25 22:18:45,5.357,19,-0.3,1499,CQ,False,Final logs/ALL20m.TXT:2033,Final logs/ALL20m.TXT:2032
RX0694,W6,2023-04-25 22:19:00,10.13,-3,0.4,1810,CQ,False,Final logs/ALL40m.TXT:2605,Final logs/ALL40m.TXT:2604
RX0695,W5,2023-04-25 22:29:00,5.357,16,-0.3,1499,CQ,False,Final logs/ALL20m.TXT:2037,Final logs/ALL20m.TXT:2036
RX0696,W6,2023-04-25 22:29:15,10.13,7,0.5,1806,CQ,False,Final logs/ALL40m.TXT:2607,Final logs/ALL40m.TXT:2606
RX0697,W5,2023-04-25 22:39:15,5.357,17,-0.3,1499,CQ,False,Final logs/ALL20m.TXT:2041,Final logs/ALL20m.TXT:2040
RX0698,W6,2023-04-25 22:39:30,10.13,0,0.5,1806,CQ,False,Final logs/ALL40m.TXT:2609,Final logs/ALL40m.TXT:2608
RX0699,W5,2023-04-25 22:47:30,5.357,21,-0.3,649,ID_only,False,Final logs/ALL20m.TXT:2044,Final logs/ALL20m.TXT:2043
RX0700,W6,2023-04-25 22:49:45,10.13,5,0.4,1806,CQ,False,Final logs/ALL40m.TXT:2618,Final logs/ALL40m.TXT:2617
RX0701,W5,2023-04-25 22:58:00,5.357,20,-0.3,1500,CQ,False,Final logs/ALL20m.TXT:2049,Final logs/ALL20m.TXT:2048
RX0702,W6,2023-04-25 23:00:00,10.13,-2,0.5,1803,CQ,False,Final logs/ALL40m.TXT:2620,Final logs/ALL40m.TXT:2619
RX0703,W5,2023-04-25 23:08:15,5.357,20,-0.3,1499,CQ,False,Final logs/ALL20m.TXT:2052,Final logs/ALL20m.TXT:2051
RX0704,W6,2023-04-25 23:10:15,10.13,5,0.3,1802,CQ,False,Final logs/ALL40m.TXT:2622,Final logs/ALL40m.TXT:2621
RX0705,W5,2023-04-25 23:18:30,5.357,18,-0.3,1500,CQ,False,Final logs/ALL20m.TXT:2054,Final logs/ALL20m.TXT:2053
RX0706,W6,2023-04-25 23:20:30,10.13,1,0.4,1802,CQ,False,Final logs/ALL40m.TXT:2624,Final logs/ALL40m.TXT:2623
RX0707,W5,2023-04-25 23:28:45,5.357,17,-0.3,1499,CQ,False,Final logs/ALL20m.TXT:2056,Final logs/ALL20m.TXT:2055
RX0708,W6,2023-04-25 23:30:45,10.13,-2,0.5,1802,CQ,False,Final logs/ALL40m.TXT:2629,Final logs/ALL40m.TXT:2628
RX0709,W5,2023-04-25 23:39:00,5.357,15,-0.3,1499,CQ,False,Final logs/ALL20m.TXT:2060,Final logs/ALL20m.TXT:2059
RX0710,W6,2023-04-25 23:41:00,10.13,-3,0.4,1802,CQ,False,Final logs/ALL40m.TXT:2636,Final logs/ALL40m.TXT:2635
RX0711,W5,2023-04-25 23:49:15,5.357,19,-0.3,1499,CQ,False,Final logs/ALL20m.TXT:2062,Final logs/ALL20m.TXT:2061
RX0712,W6,2023-04-25 23:51:15,10.13,-5,0.4,1798,CQ,False,Final logs/ALL40m.TXT:2640,Final logs/ALL40m.TXT:2639
RX0713,W5,2023-04-25 23:59:30,5.357,17,-0.3,1499,CQ,False,Final logs/ALL20m.TXT:2068,Final logs/ALL20m.TXT:2067
RX0714,W6,2023-04-26 00:01:30,10.13,-1,0.5,1798,CQ,False,Final logs/ALL40m.TXT:2643,Final logs/ALL40m.TXT:2642
RX0715,W5,2023-04-26 00:09:45,5.357,13,-0.4,1500,CQ,False,Final logs/ALL20m.TXT:2070,Final logs/ALL20m.TXT:2069
RX0716,W6,2023-04-26 00:11:45,10.13,-2,0.4,1801,CQ,False,Final logs/ALL40m.TXT:2645,Final logs/ALL40m.TXT:2644
RX0717,W5,2023-04-26 00:20:00,5.357,13,-0.3,1500,CQ,False,Final logs/ALL20m.TXT:2072,Final logs/ALL20m.TXT:2071
RX0718,W6,2023-04-26 00:22:00,10.13,-2,0.5,1796,CQ,False,Final logs/ALL40m.TXT:2647,Final logs/ALL40m.TXT:2646
RX0719,W5,2023-04-26 00:30:15,5.357,14,-0.4,1499,CQ,False,Final logs/ALL20m.TXT:2075,Final logs/ALL20m.TXT:2074
RX0720,W6,2023-04-26 00:32:15,10.13,-4,0.5,1796,CQ,False,Final logs/ALL40m.TXT:2649,Final logs/ALL40m.TXT:2648
RX0721,W5,2023-04-26 00:40:30,5.357,15,-0.4,1499,CQ,False,Final logs/ALL20m.TXT:2077,Final logs/ALL20m.TXT:2076
RX0722,W6,2023-04-26 00:42:30,10.13,-5,0.4,1796,CQ,False,Final logs/ALL40m.TXT:2651,Final logs/ALL40m.TXT:2650
RX0723,W6,2023-04-26 00:43:00,10.13,-6,0.4,1797,ID_only,False,Final logs/ALL40m.TXT:2653,Final logs/ALL40m.TXT:2652
RX0724,W5,2023-04-26 00:50:45,5.357,12,-0.3,1499,CQ,False,Final logs/ALL20m.TXT:2079,Final logs/ALL20m.TXT:2078
RX0725,W6,2023-04-26 00:53:30,10.13,-7,0.5,1795,CQ,False,Final logs/ALL40m.TXT:2663,Final logs/ALL40m.TXT:2662
RX0726,W5,2023-04-26 01:01:00,5.357,12,-0.4,1499,CQ,False,Final logs/ALL20m.TXT:2082,Final logs/ALL20m.TXT:2081
RX0727,W6,2023-04-26 01:03:45,10.13,-10,0.4,1799,CQ,False,Final logs/ALL40m.TXT:2665,Final logs/ALL40m.TXT:2664
RX0728,W6,2023-04-26 01:14:00,10.13,-11,0.4,1799,CQ,False,Final logs/ALL40m.TXT:2671,Final logs/ALL40m.TXT:2670
RX0729,W5,2023-04-26 01:21:30,5.357,12,-0.3,1499,CQ,False,Final logs/ALL20m.TXT:2084,Final logs/ALL20m.TXT:2083
RX0730,W6,2023-04-26 01:24:15,10.13,-12,0.6,1800,CQ,False,Final logs/ALL40m.TXT:2674,Final logs/ALL40m.TXT:2673
RX0731,W5,2023-04-26 01:31:45,5.357,9,-0.4,1499,CQ,False,Final logs/ALL20m.TXT:2086,Final logs/ALL20m.TXT:2085
RX0732,W6,2023-04-26 01:34:30,10.13,-17,0.4,1798,CQ,False,Final logs/ALL40m.TXT:2676,Final logs/ALL40m.TXT:2675
RX0733,W5,2023-04-26 01:42:00,5.357,10,-0.4,1499,CQ,False,Final logs/ALL20m.TXT:2088,Final logs/ALL20m.TXT:2087
RX0734,W6,2023-04-26 01:44:45,10.13,-14,0.4,1796,CQ,False,Final logs/ALL40m.TXT:2680,Final logs/ALL40m.TXT:2679
RX0735,W5,2023-04-26 01:52:15,5.357,10,-0.4,1498,CQ,False,Final logs/ALL20m.TXT:2090,Final logs/ALL20m.TXT:2089
RX0736,W6,2023-04-26 01:55:00,10.13,-10,0.5,1797,CQ,False,Final logs/ALL40m.TXT:2682,Final logs/ALL40m.TXT:2681
RX0737,W5,2023-04-26 02:02:30,5.357,11,-0.4,1499,CQ,False,Final logs/ALL20m.TXT:2093,Final logs/ALL20m.TXT:2092
RX0738,W6,2023-04-26 02:05:15,10.13,-15,0.3,1794,CQ,False,Final logs/ALL40m.TXT:2684,Final logs/ALL40m.TXT:2683
RX0739,W5,2023-04-26 02:12:45,5.357,9,-0.4,1499,CQ,False,Final logs/ALL20m.TXT:2095,Final logs/ALL20m.TXT:2094
RX0740,W6,2023-04-26 02:15:30,10.13,-11,0.4,1794,CQ,False,Final logs/ALL40m.TXT:2687,Final logs/ALL40m.TXT:2686
RX0741,W5,2023-04-26 02:23:00,5.357,10,-0.4,1499,CQ,False,Final logs/ALL20m.TXT:2097,Final logs/ALL20m.TXT:2096
RX0742,W6,2023-04-26 02:25:45,10.13,-15,0.3,1793,CQ,False,Final logs/ALL40m.TXT:2691,Final logs/ALL40m.TXT:2690
RX0743,W5,2023-04-26 02:33:15,5.357,9,-0.4,1500,CQ,False,Final logs/ALL20m.TXT:2100,Final logs/ALL20m.TXT:2099
RX0744,W6,2023-04-26 02:36:15,10.13,-17,0.3,1792,CQ,False,Final logs/ALL40m.TXT:2694,Final logs/ALL40m.TXT:2692
RX0745,W5,2023-04-26 02:43:30,5.357,10,-0.4,1499,CQ,False,Final logs/ALL20m.TXT:2105,Final logs/ALL20m.TXT:2104
RX0746,W6,2023-04-26 02:46:15,10.13,-9,0.4,1792,CQ,False,Final logs/ALL40m.TXT:2696,Final logs/ALL40m.TXT:2695
RX0747,W5,2023-04-26 02:53:45,5.357,9,-0.4,1499,CQ,False,Final logs/ALL20m.TXT:2108,Final logs/ALL20m.TXT:2107
RX0748,W6,2023-04-26 02:56:30,10.13,-13,0.3,1792,CQ,False,Final logs/ALL40m.TXT:2704,Final logs/ALL40m.TXT:2703
RX0749,W5,2023-04-26 03:04:00,5.357,11,-0.4,1500,CQ,False,Final logs/ALL20m.TXT:2113,Final logs/ALL20m.TXT:2112
RX0750,W6,2023-04-26 03:06:45,10.13,-18,0.4,1791,CQ,False,Final logs/ALL40m.TXT:2706,Final logs/ALL40m.TXT:2705
RX0751,W5,2023-04-26 03:14:15,5.357,9,-0.4,1499,CQ,False,Final logs/ALL20m.TXT:2117,Final logs/ALL20m.TXT:2116
RX0752,W6,2023-04-26 03:17:00,10.13,-12,0.4,1791,CQ,False,Final logs/ALL40m.TXT:2708,Final logs/ALL40m.TXT:2707
RX0753,W5,2023-04-26 03:22:45,5.357,15,-0.4,649,ID_only,False,Final logs/ALL20m.TXT:2119,Final logs/ALL20m.TXT:2118
RX0754,W5,2023-04-26 03:33:15,5.357,10,-0.4,1499,CQ,False,Final logs/ALL20m.TXT:2128,Final logs/ALL20m.TXT:2127
RX0755,W5,2023-04-26 03:43:30,5.357,5,-0.4,1499,CQ,False,Final logs/ALL20m.TXT:2132,Final logs/ALL20m.TXT:2131
RX0756,W5,2023-04-26 03:53:00,5.357,14,-0.4,549,ID_only,False,Final logs/ALL20m.TXT:2134,Final logs/ALL20m.TXT:2133
RX0757,W6,2023-04-26 03:58:00,10.13,-16,0.3,1787,CQ,False,Final logs/ALL40m.TXT:2716,Final logs/ALL40m.TXT:2715
RX0758,W5,2023-04-26 04:03:30,5.357,9,-0.4,1498,CQ,False,Final logs/ALL20m.TXT:2140,Final logs/ALL20m.TXT:2139
RX0759,W6,2023-04-26 04:08:15,10.13,-12,0.4,1787,CQ,False,Final logs/ALL40m.TXT:2719,Final logs/ALL40m.TXT:2718
RX0760,W5,2023-04-26 04:13:45,5.357,7,-0.4,1499,CQ,False,Final logs/ALL20m.TXT:2142,Final logs/ALL20m.TXT:2141
RX0761,W6,2023-04-26 04:18:30,10.13,-16,0.3,1787,CQ,False,Final logs/ALL40m.TXT:2723,Final logs/ALL40m.TXT:2722
RX0762,W5,2023-04-26 04:24:00,5.357,10,-0.4,1499,CQ,False,Final logs/ALL20m.TXT:2144,Final logs/ALL20m.TXT:2143
RX0763,W5,2023-04-26 04:32:15,5.357,-4,-0.4,1499,CQ,False,Final logs/ALL20m.TXT:2146,Final logs/ALL20m.TXT:2145
RX0764,W6,2023-04-26 04:41:00,10.13,-4,0.3,1790,CQ,False,Final logs/ALL40m.TXT:2730,Final logs/ALL40m.TXT:2729
RX0765,W5,2023-04-26 04:42:30,5.357,-5,-0.4,1499,CQ,False,Final logs/ALL20m.TXT:2150,Final logs/ALL20m.TXT:2149
RX0766,W6,2023-04-26 04:51:15,10.13,-2,0.4,1789,CQ,False,Final logs/ALL40m.TXT:2733,Final logs/ALL40m.TXT:2732
RX0767,W5,2023-04-26 04:52:45,5.357,-3,-0.4,1499,CQ,False,Final logs/ALL20m.TXT:2152,Final logs/ALL20m.TXT:2151
RX0768,W5,2023-04-26 04:58:45,5.357,-2,-0.4,749,ID_only,False,Final logs/ALL20m.TXT:2155,Final logs/ALL20m.TXT:2154
RX0769,W6,2023-04-26 05:01:30,10.13,-12,0.4,1788,CQ,False,Final logs/ALL40m.TXT:2735,Final logs/ALL40m.TXT:2734
RX0770,W5,2023-04-26 05:09:15,5.357,-8,-0.4,1498,CQ,False,Final logs/ALL20m.TXT:2159,Final logs/ALL20m.TXT:2158
RX0771,W6,2023-04-26 05:11:45,10.13,-9,0.3,1787,CQ,False,Final logs/ALL40m.TXT:2738,Final logs/ALL40m.TXT:2737
RX0772,W5,2023-04-26 05:19:30,5.357,-11,-0.5,1499,CQ,False,Final logs/ALL20m.TXT:2161,Final logs/ALL20m.TXT:2160
RX0773,W6,2023-04-26 05:22:00,10.13,-11,0.4,1787,CQ,False,Final logs/ALL40m.TXT:2741,Final logs/ALL40m.TXT:2740
RX0774,W5,2023-04-26 05:29:45,5.357,-5,-0.5,1499,CQ,False,Final logs/ALL20m.TXT:2163,Final logs/ALL20m.TXT:2162
RX0775,W6,2023-04-26 05:32:15,10.13,-11,0.3,1786,CQ,False,Final logs/ALL40m.TXT:2744,Final logs/ALL40m.TXT:2743
RX0776,W5,2023-04-26 05:40:00,5.357,-8,-0.5,1499,CQ,False,Final logs/ALL20m.TXT:2165,Final logs/ALL20m.TXT:2164
RX0777,W6,2023-04-26 05:42:30,10.13,-5,0.3,1782,CQ,False,Final logs/ALL40m.TXT:2746,Final logs/ALL40m.TXT:2745
RX0778,W5,2023-04-26 05:50:15,5.357,-8,-0.5,1499,CQ,False,Final logs/ALL20m.TXT:2167,Final logs/ALL20m.TXT:2166
RX0779,W6,2023-04-26 05:52:45,10.13,-4,0.4,1782,CQ,False,Final logs/ALL40m.TXT:2750,Final logs/ALL40m.TXT:2749
RX0780,W5,2023-04-26 06:00:30,5.357,4,-0.4,1499,CQ,False,Final logs/ALL20m.TXT:2169,Final logs/ALL20m.TXT:2168
RX0781,W6,2023-04-26 06:03:00,10.13,-5,0.3,1784,CQ,False,Final logs/ALL40m.TXT:2754,Final logs/ALL40m.TXT:2753
RX0782,W5,2023-04-26 06:10:45,5.357,6,-0.4,1499,CQ,False,Final logs/ALL20m.TXT:2172,Final logs/ALL20m.TXT:2171
RX0783,W6,2023-04-26 06:13:15,10.13,-4,0.4,1785,CQ,False,Final logs/ALL40m.TXT:2756,Final logs/ALL40m.TXT:2755
RX0784,W5,2023-04-26 06:21:00,5.357,2,-0.5,1499,CQ,False,Final logs/ALL20m.TXT:2174,Final logs/ALL20m.TXT:2173
RX0785,W6,2023-04-26 06:23:30,10.13,-2,0.4,1787,CQ,False,Final logs/ALL40m.TXT:2758,Final logs/ALL40m.TXT:2757
RX0786,W5,2023-04-26 06:31:15,5.357,7,-0.5,1499,CQ,False,Final logs/ALL20m.TXT:2177,Final logs/ALL20m.TXT:2176
RX0787,W6,2023-04-26 06:33:45,10.13,-6,0.3,1788,CQ,False,Final logs/ALL40m.TXT:2760,Final logs/ALL40m.TXT:2759
RX0788,W5,2023-04-26 06:41:30,5.357,13,-0.5,1499,CQ,False,Final logs/ALL20m.TXT:2179,Final logs/ALL20m.TXT:2178
RX0789,W6,2023-04-26 06:44:00,10.13,-5,0.4,1788,CQ,False,Final logs/ALL40m.TXT:2763,Final logs/ALL40m.TXT:2762
RX0790,W5,2023-04-26 06:51:45,5.357,11,-0.5,1499,CQ,False,Final logs/ALL20m.TXT:2181,Final logs/ALL20m.TXT:2180
RX0791,W6,2023-04-26 06:54:15,10.13,-10,0.3,1790,CQ,False,Final logs/ALL40m.TXT:2768,Final logs/ALL40m.TXT:2767
RX0792,W5,2023-04-26 07:02:00,5.357,8,-0.5,1499,CQ,False,Final logs/ALL20m.TXT:2183,Final logs/ALL20m.TXT:2182
RX0793,W6,2023-04-26 07:04:30,10.13,-9,0.2,1790,CQ,False,Final logs/ALL40m.TXT:2770,Final logs/ALL40m.TXT:2769
RX0794,W5,2023-04-26 07:12:15,5.357,10,-0.5,1499,CQ,False,Final logs/ALL20m.TXT:2185,Final logs/ALL20m.TXT:2184
RX0795,W6,2023-04-26 07:12:15,10.13,-5,0.3,1791,ID_only,False,Final logs/ALL40m.TXT:2773,Final logs/ALL40m.TXT:2772
RX0796,W5,2023-04-26 07:22:30,5.357,6,-0.5,1499,CQ,False,Final logs/ALL20m.TXT:2189,Final logs/ALL20m.TXT:2188
RX0797,W6,2023-04-26 07:22:45,10.13,1,0.3,1791,CQ,False,Final logs/ALL40m.TXT:2784,Final logs/ALL40m.TXT:2783
RX0798,W5,2023-04-26 07:32:45,5.357,12,-0.5,1499,CQ,False,Final logs/ALL20m.TXT:2192,Final logs/ALL20m.TXT:2191
RX0799,W6,2023-04-26 07:33:00,10.13,0,0.4,1792,CQ,False,Final logs/ALL40m.TXT:2789,Final logs/ALL40m.TXT:2788
RX0800,W5,2023-04-26 07:43:00,5.357,14,-0.5,1499,CQ,False,Final logs/ALL20m.TXT:2194,Final logs/ALL20m.TXT:2193
RX0801,W6,2023-04-26 07:43:15,10.13,4,0.2,1793,CQ,False,Final logs/ALL40m.TXT:2792,Final logs/ALL40m.TXT:2791
RX0802,W6,2023-04-26 07:50:15,10.13,-9,0.3,1792,ID_only,False,Final logs/ALL40m.TXT:2794,Final logs/ALL40m.TXT:2793
RX0803,W5,2023-04-26 07:53:15,5.357,9,-0.5,1499,CQ,False,Final logs/ALL20m.TXT:2198,Final logs/ALL20m.TXT:2197
RX0804,W6,2023-04-26 08:00:45,10.13,-2,0.4,1792,CQ,False,Final logs/ALL40m.TXT:2798,Final logs/ALL40m.TXT:2797
RX0805,W5,2023-04-26 08:03:30,5.357,12,-0.5,1499,CQ,False,Final logs/ALL20m.TXT:2201,Final logs/ALL20m.TXT:2200
RX0806,W5,2023-04-26 08:13:45,5.357,15,-0.5,1499,CQ,False,Final logs/ALL20m.TXT:2204,Final logs/ALL20m.TXT:2203
RX0807,W6,2023-04-26 08:21:15,10.13,-4,0.3,1793,CQ,False,Final logs/ALL40m.TXT:2802,Final logs/ALL40m.TXT:2801
RX0808,W5,2023-04-26 08:24:00,5.357,9,-0.5,1499,CQ,False,Final logs/ALL20m.TXT:2206,Final logs/ALL20m.TXT:2205
RX0809,W6,2023-04-26 08:31:30,10.13,-3,0.2,1793,CQ,False,Final logs/ALL40m.TXT:2807,Final logs/ALL40m.TXT:2806
RX0810,W5,2023-04-26 08:34:15,5.357,9,-0.5,1499,CQ,False,Final logs/ALL20m.TXT:2209,Final logs/ALL20m.TXT:2208
RX0811,W6,2023-04-26 08:41:45,10.13,-5,0.2,1794,CQ,False,Final logs/ALL40m.TXT:2810,Final logs/ALL40m.TXT:2809
RX0812,W5,2023-04-26 08:44:30,5.357,6,-0.4,1498,CQ,False,Final logs/ALL20m.TXT:2211,Final logs/ALL20m.TXT:2210
RX0813,W6,2023-04-26 08:52:00,10.13,0,0.3,1794,CQ,False,Final logs/ALL40m.TXT:2814,Final logs/ALL40m.TXT:2813
RX0814,W5,2023-04-26 08:54:45,5.357,10,-0.4,1498,CQ,False,Final logs/ALL20m.TXT:2215,Final logs/ALL20m.TXT:2214
RX0815,W6,2023-04-26 09:02:15,10.13,-9,0.2,1794,CQ,False,Final logs/ALL40m.TXT:2817,Final logs/ALL40m.TXT:2816
RX0816,W5,2023-04-26 09:05:00,5.357,8,-0.5,1498,CQ,False,Final logs/ALL20m.TXT:2218,Final logs/ALL20m.TXT:2217
RX0817,W6,2023-04-26 09:12:30,10.13,-15,0.3,1794,CQ,False,Final logs/ALL40m.TXT:2819,Final logs/ALL40m.TXT:2818
RX0818,W5,2023-04-26 09:15:15,5.357,9,-0.5,1498,CQ,False,Final logs/ALL20m.TXT:2220,Final logs/ALL20m.TXT:2219
RX0819,W5,2023-04-26 09:21:30,5.357,10,-0.5,897,ID_only,False,Final logs/ALL20m.TXT:2225,Final logs/ALL20m.TXT:2224
RX0820,W6,2023-04-26 09:22:45,10.13,-4,0.3,1794,CQ,False,Final logs/ALL40m.TXT:2821,Final logs/ALL40m.TXT:2820
RX0821,W5,2023-04-26 09:32:00,5.357,3,-0.5,1497,CQ,False,Final logs/ALL20m.TXT:2229,Final logs/ALL20m.TXT:2228
RX0822,W6,2023-04-26 09:33:00,10.13,-6,0.2,1794,CQ,False,Final logs/ALL40m.TXT:2826,Final logs/ALL40m.TXT:2825
RX0823,W5,2023-04-26 09:42:15,5.357,11,-0.5,1497,CQ,False,Final logs/ALL20m.TXT:2233,Final logs/ALL20m.TXT:2232
RX0824,W6,2023-04-26 09:43:15,10.13,-7,0.3,1794,CQ,False,Final logs/ALL40m.TXT:2834,Final logs/ALL40m.TXT:2833
RX0825,W5,2023-04-26 09:52:30,5.357,3,-0.5,1497,CQ,False,Final logs/ALL20m.TXT:2237,Final logs/ALL20m.TXT:2236
RX0826,W6,2023-04-26 09:53:30,10.13,-11,0.2,1794,CQ,False,Final logs/ALL40m.TXT:2840,Final logs/ALL40m.TXT:2839
RX0827,W5,2023-04-26 10:02:45,5.357,9,-0.5,1497,CQ,False,Final logs/ALL20m.TXT:2240,Final logs/ALL20m.TXT:2239
RX0828,W6,2023-04-26 10:03:45,10.13,-5,0.2,1795,CQ,False,Final logs/ALL40m.TXT:2842,Final logs/ALL40m.TXT:2841
RX0829,W5,2023-04-26 10:13:00,5.357,4,-0.5,1498,CQ,False,Final logs/ALL20m.TXT:2242,Final logs/ALL20m.TXT:2241
RX0830,W6,2023-04-26 10:14:00,10.13,-12,0.3,1794,CQ,False,Final logs/ALL40m.TXT:2847,Final logs/ALL40m.TXT:2846
RX0831,W5,2023-04-26 10:23:15,5.357,-2,-0.5,1498,CQ,False,Final logs/ALL20m.TXT:2244,Final logs/ALL20m.TXT:2243
RX0832,W6,2023-04-26 10:24:15,10.13,-11,0.2,1795,CQ,False,Final logs/ALL40m.TXT:2849,Final logs/ALL40m.TXT:2848
RX0833,W5,2023-04-26 10:33:30,5.357,1,-0.5,1498,CQ,False,Final logs/ALL20m.TXT:2247,Final logs/ALL20m.TXT:2246
RX0834,W6,2023-04-26 10:34:30,10.13,-9,0.3,1798,CQ,False,Final logs/ALL40m.TXT:2851,Final logs/ALL40m.TXT:2850
RX0835,W5,2023-04-26 10:43:45,5.357,0,-0.5,1498,CQ,False,Final logs/ALL20m.TXT:2249,Final logs/ALL20m.TXT:2248
RX0836,W6,2023-04-26 10:44:45,10.13,-9,0.3,1800,CQ,False,Final logs/ALL40m.TXT:2853,Final logs/ALL40m.TXT:2852
RX0837,W5,2023-04-26 10:54:00,5.357,-8,-0.5,1499,CQ,False,Final logs/ALL20m.TXT:2251,Final logs/ALL20m.TXT:2250
RX0838,W6,2023-04-26 10:55:00,10.13,-10,0.2,1799,CQ,False,Final logs/ALL40m.TXT:2855,Final logs/ALL40m.TXT:2854
RX0839,W5,2023-04-26 11:04:15,5.357,-7,-0.5,1499,CQ,False,Final logs/ALL20m.TXT:2253,Final logs/ALL20m.TXT:2252
RX0840,W5,2023-04-26 11:14:30,5.357,-8,-0.5,1500,CQ,False,Final logs/ALL20m.TXT:2256,Final logs/ALL20m.TXT:2255
RX0841,W6,2023-04-26 11:15:30,10.13,-9,0.2,1800,CQ,False,Final logs/ALL40m.TXT:2859,Final logs/ALL40m.TXT:2858
RX0842,W5,2023-04-26 11:24:45,5.357,-8,-0.5,1499,CQ,False,Final logs/ALL20m.TXT:2258,Final logs/ALL20m.TXT:2257
RX0843,W6,2023-04-26 11:25:45,10.13,-12,0.2,1801,CQ,False,Final logs/ALL40m.TXT:2861,Final logs/ALL40m.TXT:2860
RX0844,W5,2023-04-26 11:35:00,5.357,-10,-0.5,1500,CQ,False,Final logs/ALL20m.TXT:2260,Final logs/ALL20m.TXT:2259
RX0845,W6,2023-04-26 11:36:00,10.13,-14,0.3,1799,CQ,False,Final logs/ALL40m.TXT:2864,Final logs/ALL40m.TXT:2863
RX0846,W5,2023-04-26 11:45:15,5.357,-10,-0.5,1499,CQ,False,Final logs/ALL20m.TXT:2262,Final logs/ALL20m.TXT:2261
RX0847,W6,2023-04-26 11:46:15,10.13,-19,0.2,1799,CQ,False,Final logs/ALL40m.TXT:2867,Final logs/ALL40m.TXT:2866
RX0848,W5,2023-04-26 11:55:30,5.357,-9,-0.5,1500,CQ,False,Final logs/ALL20m.TXT:2264,Final logs/ALL20m.TXT:2263
RX0849,W5,2023-04-26 12:05:45,5.357,-2,-0.5,1499,CQ,False,Final logs/ALL20m.TXT:2266,Final logs/ALL20m.TXT:2265
RX0850,W5,2023-04-26 12:16:00,5.357,-1,-0.5,1499,CQ,False,Final logs/ALL20m.TXT:2268,Final logs/ALL20m.TXT:2267
RX0851,W5,2023-04-26 12:26:15,5.357,3,-0.5,1499,CQ,False,Final logs/ALL20m.TXT:2270,Final logs/ALL20m.TXT:2269
RX0852,W5,2023-04-26 12:36:30,5.357,2,-0.5,1499,CQ,False,Final logs/ALL20m.TXT:2272,Final logs/ALL20m.TXT:2271
RX0853,W5,2023-04-26 12:46:45,5.357,2,-0.5,1499,CQ,False,Final logs/ALL20m.TXT:2274,Final logs/ALL20m.TXT:2273
RX0854,W5,2023-04-26 12:57:00,5.357,5,-0.5,1499,CQ,False,Final logs/ALL20m.TXT:2279,Final logs/ALL20m.TXT:2278
RX0855,W5,2023-04-26 13:07:15,5.357,1,-0.5,1500,CQ,False,Final logs/ALL20m.TXT:2283,Final logs/ALL20m.TXT:2282
RX0856,W5,2023-04-26 13:17:30,5.357,0,-0.5,1500,CQ,False,Final logs/ALL20m.TXT:2287,Final logs/ALL20m.TXT:2286
RX0857,W5,2023-04-26 13:27:45,5.357,3,-0.5,1500,CQ,False,Final logs/ALL20m.TXT:2291,Final logs/ALL20m.TXT:2290
RX0858,W5,2023-04-26 13:38:00,5.357,9,-0.5,1499,CQ,False,Final logs/ALL20m.TXT:2296,Final logs/ALL20m.TXT:2295
RX0859,W5,2023-04-26 13:48:15,5.357,6,-0.5,1500,CQ,False,Final logs/ALL20m.TXT:2302,Final logs/ALL20m.TXT:2301
RX0860,W5,2023-04-26 13:58:30,5.357,5,-0.5,1500,CQ,False,Final logs/ALL20m.TXT:2305,Final logs/ALL20m.TXT:2304
RX0861,W5,2023-04-26 14:08:45,5.357,-1,-0.5,1500,CQ,False,Final logs/ALL20m.TXT:2307,Final logs/ALL20m.TXT:2306
RX0862,W5,2023-04-26 14:19:00,5.357,-3,-0.5,1500,CQ,False,Final logs/ALL20m.TXT:2311,Final logs/ALL20m.TXT:2310
RX0863,W5,2023-04-26 14:29:15,5.357,-9,-0.5,1500,CQ,False,Final logs/ALL20m.TXT:2313,Final logs/ALL20m.TXT:2312
RX0864,W5,2023-04-26 14:39:30,5.357,0,-0.5,1499,CQ,False,Final logs/ALL20m.TXT:2315,Final logs/ALL20m.TXT:2314
RX0865,W5,2023-04-26 14:49:45,5.357,2,-0.6,1499,CQ,False,Final logs/ALL20m.TXT:2318,Final logs/ALL20m.TXT:2317
RX0866,W5,2023-04-26 15:00:00,5.357,2,-0.5,1499,CQ,False,Final logs/ALL20m.TXT:2320,Final logs/ALL20m.TXT:2319
RX0867,W5,2023-04-26 15:10:15,5.357,-3,-0.5,1499,CQ,False,Final logs/ALL20m.TXT:2322,Final logs/ALL20m.TXT:2321
RX0868,W5,2023-04-26 15:20:30,5.357,-5,-0.5,1499,CQ,False,Final logs/ALL20m.TXT:2324,Final logs/ALL20m.TXT:2323
RX0869,W5,2023-04-26 15:30:45,5.357,4,-0.5,1499,CQ,False,Final logs/ALL20m.TXT:2327,Final logs/ALL20m.TXT:2326
RX0870,W5,2023-04-26 15:41:00,5.357,-7,-0.6,1499,CQ,False,Final logs/ALL20m.TXT:2329,Final logs/ALL20m.TXT:2328
RX0871,W5,2023-04-26 15:51:15,5.357,-2,-0.6,1499,CQ,False,Final logs/ALL20m.TXT:2331,Final logs/ALL20m.TXT:2330
RX0872,W5,2023-04-26 16:01:30,5.357,-10,-0.6,1499,CQ,False,Final logs/ALL20m.TXT:2335,Final logs/ALL20m.TXT:2334
RX0873,W5,2023-04-26 16:11:45,5.357,3,-0.6,1499,CQ,False,Final logs/ALL20m.TXT:2337,Final logs/ALL20m.TXT:2336
RX0874,W5,2023-04-26 16:22:00,5.357,3,-0.6,1499,CQ,False,Final logs/ALL20m.TXT:2339,Final logs/ALL20m.TXT:2338
RX0875,W5,2023-04-26 16:32:15,5.357,-4,-0.6,1500,CQ,False,Final logs/ALL20m.TXT:2341,Final logs/ALL20m.TXT:2340
RX0876,W5,2023-04-26 16:42:30,5.357,6,-0.6,1499,CQ,False,Final logs/ALL20m.TXT:2343,Final logs/ALL20m.TXT:2342
RX0877,W5,2023-04-26 16:52:45,5.357,0,-0.6,1500,CQ,False,Final logs/ALL20m.TXT:2345,Final logs/ALL20m.TXT:2344
RX0878,W5,2023-04-26 17:03:00,5.357,-3,-0.6,1499,CQ,False,Final logs/ALL20m.TXT:2347,Final logs/ALL20m.TXT:2346
RX0879,W5,2023-04-26 17:13:15,5.357,-2,-0.6,1500,CQ,False,Final logs/ALL20m.TXT:2349,Final logs/ALL20m.TXT:2348
RX0880,W5,2023-04-26 17:22:45,5.357,10,-0.6,749,ID_only,False,Final logs/ALL20m.TXT:2351,Final logs/ALL20m.TXT:2350
RX0881,W5,2023-04-26 17:33:15,5.357,-3,-0.6,1499,CQ,False,Final logs/ALL20m.TXT:2355,Final logs/ALL20m.TXT:2354
RX0882,W5,2023-04-26 17:43:30,5.357,-3,-0.6,1499,CQ,False,Final logs/ALL20m.TXT:2359,Final logs/ALL20m.TXT:2358
RX0883,W5,2023-04-26 17:53:45,5.357,0,-0.6,1499,CQ,False,Final logs/ALL20m.TXT:2361,Final logs/ALL20m.TXT:2360
RX0884,W5,2023-04-26 18:04:00,5.357,-1,-0.6,1499,CQ,False,Final logs/ALL20m.TXT:2363,Final logs/ALL20m.TXT:2362
RX0885,W5,2023-04-26 18:14:15,5.357,-4,-0.6,1499,CQ,False,Final logs/ALL20m.TXT:2365,Final logs/ALL20m.TXT:2364
RX0886,W6,2023-04-26 18:21:15,10.13,-24,0.2,1804,CQ,False,Final logs/ALL40m.TXT:2980,Final logs/ALL40m.TXT:2978
RX0887,W5,2023-04-26 18:24:30,5.357,-4,-0.6,1498,CQ,False,Final logs/ALL20m.TXT:2367,Final logs/ALL20m.TXT:2366
RX0888,W5,2023-04-26 18:34:45,5.357,-16,-0.6,1498,CQ,False,Final logs/ALL20m.TXT:2369,Final logs/ALL20m.TXT:2368
RX0889,W6,2023-04-26 18:41:45,10.13,-23,0.2,1805,CQ,False,Final logs/ALL40m.TXT:2991,Final logs/ALL40m.TXT:2990
RX0890,W5,2023-04-26 18:45:00,5.357,-10,-0.6,1498,CQ,False,Final logs/ALL20m.TXT:2372,Final logs/ALL20m.TXT:2371
RX0891,W6,2023-04-26 18:52:15,10.13,-24,0.1,1805,CQ,False,Final logs/ALL40m.TXT:2996,Final logs/ALL40m.TXT:2994
RX0892,W5,2023-04-26 18:55:15,5.357,-12,-0.6,1500,CQ,False,Final logs/ALL20m.TXT:2374,Final logs/ALL20m.TXT:2373
RX0893,W6,2023-04-26 19:02:15,10.13,-23,0.1,1804,CQ,False,Final logs/ALL40m.TXT:2999,Final logs/ALL40m.TXT:2998
RX0894,W5,2023-04-26 19:05:30,5.357,-8,-0.6,1499,CQ,False,Final logs/ALL20m.TXT:2378,Final logs/ALL20m.TXT:2377
RX0895,W5,2023-04-26 19:15:45,5.357,-10,-0.6,1499,CQ,False,Final logs/ALL20m.TXT:2380,Final logs/ALL20m.TXT:2379
RX0896,W6,2023-04-26 19:18:45,10.13,-23,0.1,1803,CQ,False,Final logs/ALL40m.TXT:3006,Final logs/ALL40m.TXT:3005
RX0897,W5,2023-04-26 19:36:15,5.357,-17,-0.6,1499,CQ,False,Final logs/ALL20m.TXT:2382,Final logs/ALL20m.TXT:2381
RX0898,W6,2023-04-26 19:39:15,10.13,-22,0.1,1805,CQ,False,Final logs/ALL40m.TXT:3010,Final logs/ALL40m.TXT:3009
RX0899,W5,2023-04-26 19:46:30,5.357,-15,-0.6,1499,CQ,False,Final logs/ALL20m.TXT:2385,Final logs/ALL20m.TXT:2384
RX0900,W6,2023-04-26 19:49:30,10.13,-22,0.1,1805,CQ,False,Final logs/ALL40m.TXT:3012,Final logs/ALL40m.TXT:3011
RX0901,W5,2023-04-26 19:56:45,5.357,-20,-0.6,1499,CQ,False,Final logs/ALL20m.TXT:2388,Final logs/ALL20m.TXT:2387
RX0902,W6,2023-04-26 19:59:45,10.13,-21,0.2,1805,CQ,False,Final logs/ALL40m.TXT:3019,Final logs/ALL40m.TXT:3018
RX0903,W5,2023-04-26 20:07:00,5.357,-18,-0.6,1500,CQ,False,Final logs/ALL20m.TXT:2390,Final logs/ALL20m.TXT:2389
RX0904,W6,2023-04-26 20:10:00,10.13,-22,0.1,1805,CQ,False,Final logs/ALL40m.TXT:3021,Final logs/ALL40m.TXT:3020
RX0905,W5,2023-04-26 20:17:15,5.357,-18,-0.6,1499,CQ,False,Final logs/ALL20m.TXT:2397,Final logs/ALL20m.TXT:2396
RX0906,W6,2023-04-26 20:20:15,10.13,-21,0.2,1805,CQ,False,Final logs/ALL40m.TXT:3024,Final logs/ALL40m.TXT:3023
RX0907,W5,2023-04-26 20:27:30,5.357,-17,-0.6,1499,CQ,False,Final logs/ALL20m.TXT:2399,Final logs/ALL20m.TXT:2398
RX0908,W6,2023-04-26 20:30:30,10.13,-22,0.1,1806,CQ,False,Final logs/ALL40m.TXT:3028,Final logs/ALL40m.TXT:3027
RX0909,W5,2023-04-26 20:37:45,5.357,-17,-0.6,1500,CQ,False,Final logs/ALL20m.TXT:2401,Final logs/ALL20m.TXT:2400
RX0910,W6,2023-04-26 20:40:45,10.13,-22,0.1,1806,CQ,False,Final logs/ALL40m.TXT:3032,Final logs/ALL40m.TXT:3031
RX0911,W5,2023-04-26 20:48:00,5.357,-14,-0.6,1501,CQ,False,Final logs/ALL20m.TXT:2403,Final logs/ALL20m.TXT:2400
RX0912,W6,2023-04-26 20:51:00,10.13,-22,0.2,1807,CQ,False,Final logs/ALL40m.TXT:3034,Final logs/ALL40m.TXT:3033
RX0913,W5,2023-04-26 20:58:15,5.357,0,-0.6,1500,CQ,False,Final logs/ALL20m.TXT:2405,Final logs/ALL20m.TXT:2404
RX0914,W6,2023-04-26 21:01:15,10.13,-23,0.1,1806,CQ,False,Final logs/ALL40m.TXT:3038,Final logs/ALL40m.TXT:3037
RX0915,W5,2023-04-26 21:08:30,5.357,4,-0.6,1500,CQ,False,Final logs/ALL20m.TXT:2411,Final logs/ALL20m.TXT:2410
RX0916,W5,2023-04-26 21:23:00,5.357,10,-0.6,1500,CQ,False,Final logs/ALL20m.TXT:2417,Final logs/ALL20m.TXT:2416
RX0917,W5,2023-04-26 21:33:15,5.357,6,-0.6,1500,CQ,False,Final logs/ALL20m.TXT:2419,Final logs/ALL20m.TXT:2418
RX0918,W5,2023-04-26 21:43:30,5.357,11,-0.6,1499,CQ,False,Final logs/ALL20m.TXT:2421,Final logs/ALL20m.TXT:2420
RX0919,W6,2023-04-26 21:52:30,10.13,-20,0.0,1807,CQ,False,Final logs/ALL40m.TXT:3047,Final logs/ALL40m.TXT:3046
RX0920,W5,2023-04-26 21:53:45,5.357,15,-0.7,1499,CQ,False,Final logs/ALL20m.TXT:2423,Final logs/ALL20m.TXT:2422
RX0921,W6,2023-04-26 22:02:45,10.13,-23,0.0,1806,CQ,False,Final logs/ALL40m.TXT:3049,Final logs/ALL40m.TXT:3048
RX0922,W5,2023-04-26 22:04:00,5.357,12,-0.6,1499,CQ,False,Final logs/ALL20m.TXT:2425,Final logs/ALL20m.TXT:2424
RX0923,W6,2023-04-26 22:13:00,10.13,-9,0.2,1806,CQ,False,Final logs/ALL40m.TXT:3052,Final logs/ALL40m.TXT:3051
RX0924,W5,2023-04-26 22:14:15,5.357,7,-0.6,1499,CQ,False,Final logs/ALL20m.TXT:2429,Final logs/ALL20m.TXT:2428
RX0925,W6,2023-04-26 22:23:15,10.13,-2,0.1,1805,CQ,False,Final logs/ALL40m.TXT:3057,Final logs/ALL40m.TXT:3056
RX0926,W5,2023-04-26 22:24:30,5.357,7,-0.6,1499,CQ,False,Final logs/ALL20m.TXT:2431,Final logs/ALL20m.TXT:2430
RX0927,W6,2023-04-26 22:33:30,10.13,0,0.1,1806,CQ,False,Final logs/ALL40m.TXT:3060,Final logs/ALL40m.TXT:3059
RX0928,W5,2023-04-26 22:34:45,5.357,15,-0.6,1499,CQ,False,Final logs/ALL20m.TXT:2434,Final logs/ALL20m.TXT:2433
RX0929,W6,2023-04-26 22:43:45,10.13,5,0.1,1805,CQ,False,Final logs/ALL40m.TXT:3063,Final logs/ALL40m.TXT:3062
RX0930,W5,2023-04-26 22:45:00,5.357,11,-0.6,1499,CQ,False,Final logs/ALL20m.TXT:2438,Final logs/ALL20m.TXT:2437
RX0931,W6,2023-04-26 22:54:00,10.13,-2,0.1,1805,CQ,False,Final logs/ALL40m.TXT:3066,Final logs/ALL40m.TXT:3065
RX0932,W5,2023-04-26 22:55:15,5.357,11,-0.7,1499,CQ,False,Final logs/ALL20m.TXT:2443,Final logs/ALL20m.TXT:2442
RX0933,W6,2023-04-26 23:04:15,10.13,-6,0.1,1803,CQ,False,Final logs/ALL40m.TXT:3068,Final logs/ALL40m.TXT:3067
RX0934,W5,2023-04-26 23:05:30,5.357,12,-0.6,1499,CQ,False,Final logs/ALL20m.TXT:2445,Final logs/ALL20m.TXT:2444
RX0935,W6,2023-04-26 23:14:30,10.13,0,0.1,1803,CQ,False,Final logs/ALL40m.TXT:3070,Final logs/ALL40m.TXT:3069
RX0936,W5,2023-04-26 23:15:45,5.357,10,-0.6,1499,CQ,False,Final logs/ALL20m.TXT:2447,Final logs/ALL20m.TXT:2446
RX0937,W6,2023-04-26 23:24:45,10.13,-3,0.1,1802,CQ,False,Final logs/ALL40m.TXT:3073,Final logs/ALL40m.TXT:3072
RX0938,W5,2023-04-26 23:26:00,5.357,11,-0.6,1499,CQ,False,Final logs/ALL20m.TXT:2450,Final logs/ALL20m.TXT:2449
RX0939,W6,2023-04-26 23:28:30,10.13,-4,0.1,1801,ID_only,False,Final logs/ALL40m.TXT:3075,Final logs/ALL40m.TXT:3074
RX0940,W5,2023-04-26 23:36:15,5.357,8,-0.6,1499,CQ,False,Final logs/ALL20m.TXT:2452,Final logs/ALL20m.TXT:2451
RX0941,W6,2023-04-26 23:39:00,10.13,-3,0.1,1799,CQ,False,Final logs/ALL40m.TXT:3080,Final logs/ALL40m.TXT:3079
RX0942,W5,2023-04-26 23:46:30,5.357,9,-0.6,1499,CQ,False,Final logs/ALL20m.TXT:2454,Final logs/ALL20m.TXT:2453
RX0943,W6,2023-04-26 23:49:15,10.13,3,0.2,1799,CQ,False,Final logs/ALL40m.TXT:3084,Final logs/ALL40m.TXT:3083
RX0944,W5,2023-04-26 23:56:45,5.357,6,-0.7,1499,CQ,False,Final logs/ALL20m.TXT:2457,Final logs/ALL20m.TXT:2456
RX0945,W6,2023-04-26 23:59:30,10.13,-1,0.1,1797,CQ,False,Final logs/ALL40m.TXT:3087,Final logs/ALL40m.TXT:3086
RX0946,W7,2023-04-27 00:07:00,5.357,6,-0.7,1500,CQ,False,Final logs/ALL20m.TXT:2461,Final logs/ALL20m.TXT:2460
RX0947,W6,2023-04-27 00:09:45,10.13,-3,0.1,1797,CQ,False,Final logs/ALL40m.TXT:3089,Final logs/ALL40m.TXT:3088
RX0948,W7,2023-04-27 00:17:15,5.357,5,-0.7,1499,CQ,False,Final logs/ALL20m.TXT:2463,Final logs/ALL20m.TXT:2462
RX0949,W6,2023-04-27 00:20:00,10.13,-6,0.1,1797,CQ,False,Final logs/ALL40m.TXT:3092,Final logs/ALL40m.TXT:3091
RX0950,W7,2023-04-27 00:27:30,5.357,6,-0.7,1499,CQ,False,Final logs/ALL20m.TXT:2465,Final logs/ALL20m.TXT:2464
RX0951,W7,2023-04-27 00:37:45,5.357,5,-0.7,1499,CQ,False,Final logs/ALL20m.TXT:2468,Final logs/ALL20m.TXT:2467
RX0952,W6,2023-04-27 00:40:30,10.13,-2,0.0,1796,CQ,False,Final logs/ALL40m.TXT:3096,Final logs/ALL40m.TXT:3095
RX0953,W7,2023-04-27 00:48:00,5.357,7,-0.7,1499,CQ,False,Final logs/ALL20m.TXT:2471,Final logs/ALL20m.TXT:2470
RX0954,W6,2023-04-27 00:50:45,10.13,-5,0.0,1795,CQ,False,Final logs/ALL40m.TXT:3098,Final logs/ALL40m.TXT:3097
RX0955,W7,2023-04-27 00:58:15,5.357,2,-0.7,1499,CQ,False,Final logs/ALL20m.TXT:2474,Final logs/ALL20m.TXT:2473
RX0956,W6,2023-04-27 01:01:00,10.13,-4,0.0,1795,CQ,False,Final logs/ALL40m.TXT:3102,Final logs/ALL40m.TXT:3101
RX0957,W7,2023-04-27 01:08:30,5.357,3,-0.7,1499,CQ,False,Final logs/ALL20m.TXT:2478,Final logs/ALL20m.TXT:2477
RX0958,W6,2023-04-27 01:11:15,10.13,-8,0.1,1795,CQ,False,Final logs/ALL40m.TXT:3105,Final logs/ALL40m.TXT:3104
RX0959,W7,2023-04-27 01:18:45,5.357,3,-0.7,1499,CQ,False,Final logs/ALL20m.TXT:2480,Final logs/ALL20m.TXT:2479
RX0960,W6,2023-04-27 01:21:30,10.13,-11,-0.0,1794,CQ,False,Final logs/ALL40m.TXT:3108,Final logs/ALL40m.TXT:3107
RX0961,W7,2023-04-27 01:29:00,5.357,0,-0.7,1499,CQ,False,Final logs/ALL20m.TXT:2482,Final logs/ALL20m.TXT:2481
RX0962,W6,2023-04-27 01:31:45,10.13,-13,0.0,1794,CQ,False,Final logs/ALL40m.TXT:3112,Final logs/ALL40m.TXT:3111
RX0963,W7,2023-04-27 01:39:15,5.357,2,-0.7,1499,CQ,False,Final logs/ALL20m.TXT:2484,Final logs/ALL20m.TXT:2483
RX0964,W6,2023-04-27 01:42:00,10.13,-14,0.1,1794,CQ,False,Final logs/ALL40m.TXT:3116,Final logs/ALL40m.TXT:3115
RX0965,W7,2023-04-27 01:49:30,5.357,3,-0.7,1499,CQ,False,Final logs/ALL20m.TXT:2486,Final logs/ALL20m.TXT:2485
RX0966,W7,2023-04-27 01:59:45,5.357,2,-0.7,1499,CQ,False,Final logs/ALL20m.TXT:2489,Final logs/ALL20m.TXT:2488
RX0967,W6,2023-04-27 02:02:30,10.13,-17,0.1,1793,CQ,False,Final logs/ALL40m.TXT:3120,Final logs/ALL40m.TXT:3119
RX0968,W7,2023-04-27 02:10:00,5.357,0,-0.7,1499,CQ,False,Final logs/ALL20m.TXT:2492,Final logs/ALL20m.TXT:2491
RX0969,W7,2023-04-27 02:26:00,5.357,-3,-0.7,1500,CQ,False,Final logs/ALL20m.TXT:2494,Final logs/ALL20m.TXT:2493
RX0970,W7,2023-04-27 02:31:15,5.357,-1,-0.7,1499,CQ,False,Final logs/ALL20m.TXT:2496,Final logs/ALL20m.TXT:2495
RX0971,W7,2023-04-27 02:36:30,5.357,-2,-0.7,1499,CQ,False,Final logs/ALL20m.TXT:2499,Final logs/ALL20m.TXT:2498
RX0972,W7,2023-04-27 02:41:45,5.357,-2,-0.7,1499,CQ,False,Final logs/ALL20m.TXT:2501,Final logs/ALL20m.TXT:2500
RX0973,W7,2023-04-27 02:47:00,5.357,-1,-0.7,1499,CQ,False,Final logs/ALL20m.TXT:2505,Final logs/ALL20m.TXT:2504
RX0974,W7,2023-04-27 02:52:15,5.357,0,-0.7,1499,CQ,False,Final logs/ALL20m.TXT:2510,Final logs/ALL20m.TXT:2509
RX0975,W7,2023-04-27 02:57:30,5.357,-1,-0.7,1500,CQ,False,Final logs/ALL20m.TXT:2512,Final logs/ALL20m.TXT:2511
RX0976,W7,2023-04-27 03:02:45,5.357,-3,-0.7,1500,CQ,False,Final logs/ALL20m.TXT:2514,Final logs/ALL20m.TXT:2513
RX0977,W7,2023-04-27 03:08:00,5.357,-2,-0.7,1499,CQ,False,Final logs/ALL20m.TXT:2516,Final logs/ALL20m.TXT:2515
RX0978,W7,2023-04-27 03:13:15,5.357,-2,-0.7,1499,CQ,False,Final logs/ALL20m.TXT:2518,Final logs/ALL20m.TXT:2517
RX0979,W7,2023-04-27 03:18:30,5.357,0,-0.7,1499,CQ,False,Final logs/ALL20m.TXT:2521,Final logs/ALL20m.TXT:2520
RX0980,W7,2023-04-27 03:23:45,5.357,-1,-0.7,1499,CQ,False,Final logs/ALL20m.TXT:2523,Final logs/ALL20m.TXT:2522
RX0981,W7,2023-04-27 03:29:00,5.357,-2,-0.6,1500,CQ,False,Final logs/ALL20m.TXT:2525,Final logs/ALL20m.TXT:2524
RX0982,W7,2023-04-27 03:34:15,5.357,-2,-0.7,1499,CQ,False,Final logs/ALL20m.TXT:2529,Final logs/ALL20m.TXT:2528
RX0983,W7,2023-04-27 03:39:30,5.357,-1,-0.7,1499,CQ,False,Final logs/ALL20m.TXT:2531,Final logs/ALL20m.TXT:2530
RX0984,W7,2023-04-27 03:44:45,5.357,-1,-0.7,1499,CQ,False,Final logs/ALL20m.TXT:2533,Final logs/ALL20m.TXT:2532
RX0985,W7,2023-04-27 03:50:00,5.357,-3,-0.7,1499,CQ,False,Final logs/ALL20m.TXT:2537,Final logs/ALL20m.TXT:2535
RX0986,W7,2023-04-27 03:55:15,5.357,-2,-0.6,1499,CQ,False,Final logs/ALL20m.TXT:2539,Final logs/ALL20m.TXT:2538
RX0987,W7,2023-04-27 04:00:30,5.357,-2,-0.7,1499,CQ,False,Final logs/ALL20m.TXT:2541,Final logs/ALL20m.TXT:2540
RX0988,W7,2023-04-27 04:05:45,5.357,3,-0.7,1499,CQ,False,Final logs/ALL20m.TXT:2544,Final logs/ALL20m.TXT:2543
RX0989,W7,2023-04-27 04:11:00,5.357,-3,-0.7,1499,CQ,False,Final logs/ALL20m.TXT:2547,Final logs/ALL20m.TXT:2546
RX0990,W7,2023-04-27 04:16:15,5.357,-3,-0.7,1499,CQ,False,Final logs/ALL20m.TXT:2549,Final logs/ALL20m.TXT:2548
RX0991,W7,2023-04-27 04:21:30,5.357,0,-0.7,1499,CQ,False,Final logs/ALL20m.TXT:2552,Final logs/ALL20m.TXT:2550
RX0992,W7,2023-04-27 04:26:45,5.357,0,-0.7,1500,CQ,False,Final logs/ALL20m.TXT:2554,Final logs/ALL20m.TXT:2553
RX0993,W7,2023-04-27 04:32:00,5.357,1,-0.7,1499,CQ,False,Final logs/ALL20m.TXT:2557,Final logs/ALL20m.TXT:2556
RX0994,W7,2023-04-27 04:37:15,5.357,-1,-0.7,1499,CQ,False,Final logs/ALL20m.TXT:2560,Final logs/ALL20m.TXT:2559
RX0995,W7,2023-04-27 04:42:30,5.357,1,-0.7,1499,CQ,False,Final logs/ALL20m.TXT:2562,Final logs/ALL20m.TXT:2561
RX0996,W7,2023-04-27 04:47:45,5.357,-2,-0.7,1499,CQ,False,Final logs/ALL20m.TXT:2565,Final logs/ALL20m.TXT:2564
RX0997,W7,2023-04-27 04:53:00,5.357,-2,-0.7,1499,CQ,False,Final logs/ALL20m.TXT:2567,Final logs/ALL20m.TXT:2566
RX0998,W7,2023-04-27 04:58:15,5.357,0,-0.7,1499,CQ,False,Final logs/ALL20m.TXT:2569,Final logs/ALL20m.TXT:2568
RX0999,W7,2023-04-27 05:03:30,5.357,-2,-0.7,1499,CQ,False,Final logs/ALL20m.TXT:2571,Final logs/ALL20m.TXT:2570
RX1000,W7,2023-04-27 05:08:45,5.357,2,-0.7,1500,CQ,False,Final logs/ALL20m.TXT:2573,Final logs/ALL20m.TXT:2572
RX1001,W7,2023-04-27 05:14:00,5.357,2,-0.7,1499,CQ,False,Final logs/ALL20m.TXT:2575,Final logs/ALL20m.TXT:2574
RX1002,W7,2023-04-27 05:19:30,5.357,-1,-0.7,1499,CQ,False,Final logs/ALL20m.TXT:2576,Final logs/ALL20m.TXT:2574
RX1003,W7,2023-04-27 05:24:30,5.357,-6,-0.7,1499,CQ,False,Final logs/ALL20m.TXT:2578,Final logs/ALL20m.TXT:2577
RX1004,W7,2023-04-27 05:29:45,5.357,3,-0.7,1499,CQ,False,Final logs/ALL20m.TXT:2580,Final logs/ALL20m.TXT:2579
RX1005,W7,2023-04-27 05:35:00,5.357,-1,-0.7,1500,CQ,False,Final logs/ALL20m.TXT:2582,Final logs/ALL20m.TXT:2581
RX1006,W7,2023-04-27 05:40:15,5.357,2,-0.7,1499,CQ,False,Final logs/ALL20m.TXT:2584,Final logs/ALL20m.TXT:2583
RX1007,W7,2023-04-27 05:45:30,5.357,-5,-0.7,1500,CQ,False,Final logs/ALL20m.TXT:2586,Final logs/ALL20m.TXT:2585
RX1008,W7,2023-04-27 05:50:45,5.357,1,-0.7,1499,CQ,False,Final logs/ALL20m.TXT:2588,Final logs/ALL20m.TXT:2587
RX1009,W7,2023-04-27 05:56:00,5.357,0,-0.7,1499,CQ,False,Final logs/ALL20m.TXT:2590,Final logs/ALL20m.TXT:2589
RX1010,W7,2023-04-27 06:01:15,5.357,1,-0.7,1500,CQ,False,Final logs/ALL20m.TXT:2593,Final logs/ALL20m.TXT:2592
RX1011,W7,2023-04-27 06:06:30,5.357,2,-0.7,1499,CQ,False,Final logs/ALL20m.TXT:2595,Final logs/ALL20m.TXT:2594
RX1012,W7,2023-04-27 06:11:45,5.357,7,-0.7,1499,CQ,False,Final logs/ALL20m.TXT:2597,Final logs/ALL20m.TXT:2596
RX1013,W7,2023-04-27 06:17:00,5.357,4,-0.7,1499,CQ,False,Final logs/ALL20m.TXT:2601,Final logs/ALL20m.TXT:2600
RX1014,W7,2023-04-27 06:22:15,5.357,2,-0.7,1499,CQ,False,Final logs/ALL20m.TXT:2603,Final logs/ALL20m.TXT:2602
RX1015,W7,2023-04-27 06:27:30,5.357,0,-0.7,1499,CQ,False,Final logs/ALL20m.TXT:2605,Final logs/ALL20m.TXT:2604
RX1016,W7,2023-04-27 06:32:45,5.357,-2,-0.7,1500,CQ,False,Final logs/ALL20m.TXT:2607,Final logs/ALL20m.TXT:2606
RX1017,W7,2023-04-27 06:38:00,5.357,-4,-0.7,1500,CQ,False,Final logs/ALL20m.TXT:2609,Final logs/ALL20m.TXT:2608
RX1018,W7,2023-04-27 06:43:15,5.357,-6,-0.7,1499,CQ,False,Final logs/ALL20m.TXT:2611,Final logs/ALL20m.TXT:2610
RX1019,W7,2023-04-27 06:48:30,5.357,-11,-0.7,1499,CQ,False,Final logs/ALL20m.TXT:2613,Final logs/ALL20m.TXT:2612
RX1020,W7,2023-04-27 06:53:45,5.357,-2,-0.7,1499,CQ,False,Final logs/ALL20m.TXT:2615,Final logs/ALL20m.TXT:2614
RX1021,W7,2023-04-27 06:59:00,5.357,-8,-0.7,1499,CQ,False,Final logs/ALL20m.TXT:2617,Final logs/ALL20m.TXT:2616
RX1022,W7,2023-04-27 07:04:15,5.357,-6,-0.8,1500,CQ,False,Final logs/ALL20m.TXT:2620,Final logs/ALL20m.TXT:2619
RX1023,W7,2023-04-27 07:09:30,5.357,1,-0.7,1499,CQ,False,Final logs/ALL20m.TXT:2622,Final logs/ALL20m.TXT:2621
RX1024,W7,2023-04-27 07:14:45,5.357,2,-0.8,1499,CQ,False,Final logs/ALL20m.TXT:2624,Final logs/ALL20m.TXT:2623
RX1025,W7,2023-04-27 07:20:00,5.357,10,-0.8,1499,CQ,False,Final logs/ALL20m.TXT:2626,Final logs/ALL20m.TXT:2625
RX1026,W7,2023-04-27 07:25:15,5.357,6,-0.7,1499,CQ,False,Final logs/ALL20m.TXT:2628,Final logs/ALL20m.TXT:2627
RX1027,W7,2023-04-27 07:30:30,5.357,6,-0.8,1499,CQ,False,Final logs/ALL20m.TXT:2630,Final logs/ALL20m.TXT:2629
RX1028,W7,2023-04-27 07:35:45,5.357,7,-0.7,1499,CQ,False,Final logs/ALL20m.TXT:2633,Final logs/ALL20m.TXT:2632
RX1029,W7,2023-04-27 07:41:00,5.357,2,-0.7,1499,CQ,False,Final logs/ALL20m.TXT:2636,Final logs/ALL20m.TXT:2635
RX1030,W7,2023-04-27 07:46:15,5.357,12,-0.7,1499,CQ,False,Final logs/ALL20m.TXT:2639,Final logs/ALL20m.TXT:2638
RX1031,W7,2023-04-27 07:51:30,5.357,14,-0.7,1499,CQ,False,Final logs/ALL20m.TXT:2641,Final logs/ALL20m.TXT:2640
RX1032,W7,2023-04-27 07:56:45,5.357,7,-0.7,1499,CQ,False,Final logs/ALL20m.TXT:2644,Final logs/ALL20m.TXT:2643
RX1033,W7,2023-04-27 08:02:00,5.357,10,-0.7,1499,CQ,False,Final logs/ALL20m.TXT:2648,Final logs/ALL20m.TXT:2647
RX1034,W7,2023-04-27 08:07:15,5.357,6,-0.7,1499,CQ,False,Final logs/ALL20m.TXT:2652,Final logs/ALL20m.TXT:2651
RX1035,W7,2023-04-27 08:12:30,5.357,10,-0.7,1499,CQ,False,Final logs/ALL20m.TXT:2655,Final logs/ALL20m.TXT:2654
RX1036,W7,2023-04-27 08:17:45,5.357,8,-0.7,1499,CQ,False,Final logs/ALL20m.TXT:2658,Final logs/ALL20m.TXT:2657
RX1037,W7,2023-04-27 08:23:00,5.357,8,-0.8,1499,CQ,False,Final logs/ALL20m.TXT:2660,Final logs/ALL20m.TXT:2659
RX1038,W7,2023-04-27 08:28:15,5.357,3,-0.7,1499,CQ,False,Final logs/ALL20m.TXT:2664,Final logs/ALL20m.TXT:2663
RX1039,W7,2023-04-27 08:33:30,5.357,8,-0.7,1499,CQ,False,Final logs/ALL20m.TXT:2666,Final logs/ALL20m.TXT:2665
RX1040,W7,2023-04-27 08:38:45,5.357,10,-0.7,1499,CQ,False,Final logs/ALL20m.TXT:2670,Final logs/ALL20m.TXT:2669
RX1041,W7,2023-04-27 08:44:00,5.357,14,-0.7,1499,CQ,False,Final logs/ALL20m.TXT:2672,Final logs/ALL20m.TXT:2671
RX1042,W7,2023-04-27 08:49:15,5.357,13,-0.8,1498,CQ,False,Final logs/ALL20m.TXT:2674,Final logs/ALL20m.TXT:2673
RX1043,W7,2023-04-27 08:54:30,5.357,7,-0.7,1501,CQ,False,Final logs/ALL20m.TXT:2678,Final logs/ALL20m.TXT:2677
RX1044,W7,2023-04-27 08:59:45,5.357,13,-0.8,1499,CQ,False,Final logs/ALL20m.TXT:2680,Final logs/ALL20m.TXT:2679
RX1045,W7,2023-04-27 09:05:00,5.357,4,-0.8,1498,CQ,False,Final logs/ALL20m.TXT:2682,Final logs/ALL20m.TXT:2681
RX1046,W7,2023-04-27 09:10:15,5.357,6,-0.8,1498,CQ,False,Final logs/ALL20m.TXT:2685,Final logs/ALL20m.TXT:2684
RX1047,W7,2023-04-27 09:15:30,5.357,14,-0.7,1498,CQ,False,Final logs/ALL20m.TXT:2688,Final logs/ALL20m.TXT:2687
RX1048,W7,2023-04-27 09:20:45,5.357,7,-0.7,1498,CQ,False,Final logs/ALL20m.TXT:2691,Final logs/ALL20m.TXT:2690
RX1049,W7,2023-04-27 09:26:00,5.357,-4,-0.8,1498,CQ,False,Final logs/ALL20m.TXT:2695,Final logs/ALL20m.TXT:2694
RX1050,W7,2023-04-27 09:31:15,5.357,3,-1.5,1498,CQ,False,Final logs/ALL20m.TXT:2697,Final logs/ALL20m.TXT:2696
RX1051,W7,2023-04-27 09:36:30,5.357,-9,-0.7,1498,CQ,False,Final logs/ALL20m.TXT:2699,Final logs/ALL20m.TXT:2698
RX1052,W7,2023-04-27 09:41:45,5.357,-8,-0.8,1498,CQ,False,Final logs/ALL20m.TXT:2701,Final logs/ALL20m.TXT:2700
RX1053,W7,2023-04-27 09:47:00,5.357,-11,-0.7,1498,CQ,False,Final logs/ALL20m.TXT:2703,Final logs/ALL20m.TXT:2702
RX1054,W7,2023-04-27 09:52:15,5.357,-13,-0.8,1499,CQ,False,Final logs/ALL20m.TXT:2705,Final logs/ALL20m.TXT:2704
RX1055,W7,2023-04-27 09:57:30,5.357,-13,-0.8,1499,CQ,False,Final logs/ALL20m.TXT:2707,Final logs/ALL20m.TXT:2706
RX1056,W7,2023-04-27 10:02:45,5.357,-16,-0.8,1499,CQ,False,Final logs/ALL20m.TXT:2709,Final logs/ALL20m.TXT:2708
RX1057,W7,2023-04-27 10:08:00,5.357,-9,-0.8,1499,CQ,False,Final logs/ALL20m.TXT:2711,Final logs/ALL20m.TXT:2710
RX1058,W7,2023-04-27 10:13:15,5.357,-10,-0.8,1499,CQ,False,Final logs/ALL20m.TXT:2713,Final logs/ALL20m.TXT:2712
RX1059,W7,2023-04-27 10:18:30,5.357,-14,-0.8,1499,CQ,False,Final logs/ALL20m.TXT:2715,Final logs/ALL20m.TXT:2714
RX1060,W7,2023-04-27 10:23:45,5.357,-13,-0.8,1500,CQ,False,Final logs/ALL20m.TXT:2717,Final logs/ALL20m.TXT:2716
RX1061,W7,2023-04-27 10:29:00,5.357,-12,-0.8,1499,CQ,False,Final logs/ALL20m.TXT:2719,Final logs/ALL20m.TXT:2718
RX1062,W7,2023-04-27 10:34:15,5.357,-3,-0.8,1499,CQ,False,Final logs/ALL20m.TXT:2722,Final logs/ALL20m.TXT:2721
RX1063,W7,2023-04-27 10:39:30,5.357,0,-0.8,1499,CQ,False,Final logs/ALL20m.TXT:2724,Final logs/ALL20m.TXT:2723
RX1064,W7,2023-04-27 10:44:45,5.357,-13,-0.8,1499,CQ,False,Final logs/ALL20m.TXT:2725,Final logs/ALL20m.TXT:2723
RX1065,W7,2023-04-27 10:50:00,5.357,-13,-0.8,1499,CQ,False,Final logs/ALL20m.TXT:2728,Final logs/ALL20m.TXT:2727
RX1066,W7,2023-04-27 10:55:15,5.357,-12,-0.8,1500,CQ,False,Final logs/ALL20m.TXT:2730,Final logs/ALL20m.TXT:2729
RX1067,W7,2023-04-27 11:00:30,5.357,-5,-0.8,1500,CQ,False,Final logs/ALL20m.TXT:2733,Final logs/ALL20m.TXT:2732
RX1068,W7,2023-04-27 11:05:45,5.357,-5,-0.8,1500,CQ,False,Final logs/ALL20m.TXT:2735,Final logs/ALL20m.TXT:2734
RX1069,W7,2023-04-27 11:11:00,5.357,-4,-0.8,1499,CQ,False,Final logs/ALL20m.TXT:2737,Final logs/ALL20m.TXT:2736
RX1070,W7,2023-04-27 11:16:15,5.357,-7,-0.8,1499,CQ,False,Final logs/ALL20m.TXT:2739,Final logs/ALL20m.TXT:2738
RX1071,W7,2023-04-27 11:21:30,5.357,-6,-0.8,1499,CQ,False,Final logs/ALL20m.TXT:2741,Final logs/ALL20m.TXT:2740
RX1072,W7,2023-04-27 11:26:45,5.357,-7,-0.8,1500,CQ,False,Final logs/ALL20m.TXT:2743,Final logs/ALL20m.TXT:2742
RX1073,W7,2023-04-27 11:32:00,5.357,-6,-0.8,1499,CQ,False,Final logs/ALL20m.TXT:2745,Final logs/ALL20m.TXT:2744
RX1074,W7,2023-04-27 11:37:15,5.357,-5,-0.8,1499,CQ,False,Final logs/ALL20m.TXT:2748,Final logs/ALL20m.TXT:2747
RX1075,W7,2023-04-27 11:42:30,5.357,-6,-0.8,1500,CQ,False,Final logs/ALL20m.TXT:2750,Final logs/ALL20m.TXT:2749
RX1076,W7,2023-04-27 11:47:45,5.357,-5,-0.8,1500,CQ,False,Final logs/ALL20m.TXT:2752,Final logs/ALL20m.TXT:2751
RX1077,W7,2023-04-27 11:53:00,5.357,-10,-0.8,1500,CQ,False,Final logs/ALL20m.TXT:2754,Final logs/ALL20m.TXT:2753
RX1078,W7,2023-04-27 11:58:15,5.357,-12,-0.8,1500,CQ,False,Final logs/ALL20m.TXT:2756,Final logs/ALL20m.TXT:2755
RX1079,W7,2023-04-27 12:03:30,5.357,-10,-0.8,1500,CQ,False,Final logs/ALL20m.TXT:2758,Final logs/ALL20m.TXT:2757
RX1080,W7,2023-04-27 12:08:45,5.357,-7,-0.8,1500,CQ,False,Final logs/ALL20m.TXT:2760,Final logs/ALL20m.TXT:2759
RX1081,W7,2023-04-27 12:14:00,5.357,-7,-0.8,1499,CQ,False,Final logs/ALL20m.TXT:2764,Final logs/ALL20m.TXT:2763
RX1082,W7,2023-04-27 12:19:15,5.357,2,-0.8,1500,CQ,False,Final logs/ALL20m.TXT:2767,Final logs/ALL20m.TXT:2766
RX1083,W7,2023-04-27 12:24:30,5.357,3,-0.8,1499,CQ,False,Final logs/ALL20m.TXT:2773,Final logs/ALL20m.TXT:2772
RX1084,W7,2023-04-27 12:29:45,5.357,-4,-0.8,1500,CQ,False,Final logs/ALL20m.TXT:2778,Final logs/ALL20m.TXT:2777
RX1085,W7,2023-04-27 12:35:00,5.357,-2,-0.8,1500,CQ,False,Final logs/ALL20m.TXT:2782,Final logs/ALL20m.TXT:2781
RX1086,W7,2023-04-27 12:40:15,5.357,8,-0.8,1500,CQ,False,Final logs/ALL20m.TXT:2789,Final logs/ALL20m.TXT:2788
RX1087,W7,2023-04-27 12:45:30,5.357,-9,-0.8,1500,CQ,False,Final logs/ALL20m.TXT:2792,Final logs/ALL20m.TXT:2790
RX1088,W7,2023-04-27 12:50:45,5.357,-6,-0.8,1499,CQ,False,Final logs/ALL20m.TXT:2794,Final logs/ALL20m.TXT:2793
RX1089,W7,2023-04-27 12:56:00,5.357,-15,-0.8,1499,CQ,False,Final logs/ALL20m.TXT:2796,Final logs/ALL20m.TXT:2795
RX1090,W7,2023-04-27 13:01:15,5.357,-8,-0.8,1499,CQ,False,Final logs/ALL20m.TXT:2798,Final logs/ALL20m.TXT:2797
RX1091,W7,2023-04-27 13:06:30,5.357,-15,-0.8,1499,CQ,False,Final logs/ALL20m.TXT:2800,Final logs/ALL20m.TXT:2799
RX1092,W7,2023-04-27 13:11:45,5.357,-16,-0.8,1498,CQ,False,Final logs/ALL20m.TXT:2802,Final logs/ALL20m.TXT:2801
RX1093,W7,2023-04-27 13:17:00,5.357,-11,-0.8,1499,CQ,False,Final logs/ALL20m.TXT:2804,Final logs/ALL20m.TXT:2803
RX1094,W7,2023-04-27 13:22:15,5.357,-6,-0.8,1499,CQ,False,Final logs/ALL20m.TXT:2806,Final logs/ALL20m.TXT:2803
RX1095,W7,2023-04-27 13:27:30,5.357,-11,-0.8,1499,CQ,False,Final logs/ALL20m.TXT:2808,Final logs/ALL20m.TXT:2807
RX1096,W7,2023-04-27 13:32:45,5.357,-3,-0.8,1499,CQ,False,Final logs/ALL20m.TXT:2810,Final logs/ALL20m.TXT:2809
RX1097,W7,2023-04-27 13:38:00,5.357,-9,-0.8,1499,CQ,False,Final logs/ALL20m.TXT:2812,Final logs/ALL20m.TXT:2811
RX1098,W7,2023-04-27 13:43:15,5.357,-7,-0.8,1499,CQ,False,Final logs/ALL20m.TXT:2814,Final logs/ALL20m.TXT:2813
RX1099,W7,2023-04-27 13:48:30,5.357,-7,-0.8,1499,CQ,False,Final logs/ALL20m.TXT:2816,Final logs/ALL20m.TXT:2815
RX1100,W7,2023-04-27 13:53:45,5.357,0,-0.8,1499,CQ,False,Final logs/ALL20m.TXT:2818,Final logs/ALL20m.TXT:2817
RX1101,W7,2023-04-27 13:59:00,5.357,-12,-0.8,1499,CQ,False,Final logs/ALL20m.TXT:2820,Final logs/ALL20m.TXT:2819
RX1102,W7,2023-04-27 14:04:15,5.357,-2,-0.8,1499,CQ,False,Final logs/ALL20m.TXT:2822,Final logs/ALL20m.TXT:2821
RX1103,W7,2023-04-27 14:09:30,5.357,-3,-0.9,1499,CQ,False,Final logs/ALL20m.TXT:2825,Final logs/ALL20m.TXT:2824
RX1104,W7,2023-04-27 14:14:45,5.357,-15,-0.8,1500,CQ,False,Final logs/ALL20m.TXT:2826,Final logs/ALL20m.TXT:2824
RX1105,W7,2023-04-27 14:20:00,5.357,-5,-0.8,1500,CQ,False,Final logs/ALL20m.TXT:2828,Final logs/ALL20m.TXT:2827
RX1106,W7,2023-04-27 14:25:15,5.357,-5,-0.8,1500,CQ,False,Final logs/ALL20m.TXT:2830,Final logs/ALL20m.TXT:2829
RX1107,W7,2023-04-27 14:30:30,5.357,-1,-0.8,1499,CQ,False,Final logs/ALL20m.TXT:2832,Final logs/ALL20m.TXT:2831
RX1108,W7,2023-04-27 14:35:45,5.357,-6,-0.8,1499,CQ,False,Final logs/ALL20m.TXT:2834,Final logs/ALL20m.TXT:2833
RX1109,W7,2023-04-27 14:41:00,5.357,-6,-0.8,1499,CQ,False,Final logs/ALL20m.TXT:2836,Final logs/ALL20m.TXT:2835
RX1110,W7,2023-04-27 14:46:15,5.357,-8,-0.8,1499,CQ,False,Final logs/ALL20m.TXT:2838,Final logs/ALL20m.TXT:2837
RX1111,W7,2023-04-27 14:51:30,5.357,-12,-0.8,1499,CQ,False,Final logs/ALL20m.TXT:2840,Final logs/ALL20m.TXT:2839
RX1112,W7,2023-04-27 14:56:45,5.357,-10,-0.9,1499,CQ,False,Final logs/ALL20m.TXT:2842,Final logs/ALL20m.TXT:2841
RX1113,W7,2023-04-27 15:02:00,5.357,6,-0.8,1499,CQ,False,Final logs/ALL20m.TXT:2844,Final logs/ALL20m.TXT:2843
RX1114,W7,2023-04-27 15:07:30,5.357,-5,-0.8,1499,CQ,False,Final logs/ALL20m.TXT:2845,Final logs/ALL20m.TXT:2843
RX1115,W7,2023-04-27 15:12:30,5.357,-3,-0.8,1499,CQ,False,Final logs/ALL20m.TXT:2847,Final logs/ALL20m.TXT:2846
RX1116,W7,2023-04-27 15:17:45,5.357,-2,-0.9,1499,CQ,False,Final logs/ALL20m.TXT:2849,Final logs/ALL20m.TXT:2848
RX1117,W7,2023-04-27 15:23:00,5.357,-1,-0.8,1499,CQ,False,Final logs/ALL20m.TXT:2853,Final logs/ALL20m.TXT:2852
RX1118,W7,2023-04-27 15:28:15,5.357,-8,-0.9,1499,CQ,False,Final logs/ALL20m.TXT:2855,Final logs/ALL20m.TXT:2854
RX1119,W7,2023-04-27 15:33:30,5.357,-2,-0.8,1499,CQ,False,Final logs/ALL20m.TXT:2857,Final logs/ALL20m.TXT:2856
RX1120,W7,2023-04-27 15:38:45,5.357,-6,-0.8,1499,CQ,False,Final logs/ALL20m.TXT:2859,Final logs/ALL20m.TXT:2858
RX1121,W7,2023-04-27 15:44:00,5.357,3,-0.9,1498,CQ,False,Final logs/ALL20m.TXT:2861,Final logs/ALL20m.TXT:2860
RX1122,W7,2023-04-27 15:49:15,5.357,-2,-0.9,1499,CQ,False,Final logs/ALL20m.TXT:2863,Final logs/ALL20m.TXT:2862
RX1123,W7,2023-04-27 15:54:30,5.357,-2,-0.9,1499,CQ,False,Final logs/ALL20m.TXT:2865,Final logs/ALL20m.TXT:2864
RX1124,W7,2023-04-27 15:59:45,5.357,-5,-0.8,1499,CQ,False,Final logs/ALL20m.TXT:2867,Final logs/ALL20m.TXT:2866
RX1125,W7,2023-04-27 16:05:00,5.357,-11,-0.9,1499,CQ,False,Final logs/ALL20m.TXT:2869,Final logs/ALL20m.TXT:2868
RX1126,W7,2023-04-27 16:10:15,5.357,-4,-0.9,1499,CQ,False,Final logs/ALL20m.TXT:2871,Final logs/ALL20m.TXT:2870
RX1127,W7,2023-04-27 16:15:30,5.357,1,-0.8,1499,CQ,False,Final logs/ALL20m.TXT:2873,Final logs/ALL20m.TXT:2872
RX1128,W7,2023-04-27 16:20:45,5.357,-1,-0.8,1500,CQ,False,Final logs/ALL20m.TXT:2875,Final logs/ALL20m.TXT:2874
RX1129,W7,2023-04-27 16:26:00,5.357,-3,-0.9,1499,CQ,False,Final logs/ALL20m.TXT:2877,Final logs/ALL20m.TXT:2876
RX1130,W7,2023-04-27 16:31:15,5.357,0,-0.9,1499,CQ,False,Final logs/ALL20m.TXT:2879,Final logs/ALL20m.TXT:2878
RX1131,W7,2023-04-27 16:36:30,5.357,-1,-0.9,1499,CQ,False,Final logs/ALL20m.TXT:2881,Final logs/ALL20m.TXT:2880
RX1132,W7,2023-04-27 16:41:45,5.357,-5,-0.9,1499,CQ,False,Final logs/ALL20m.TXT:2883,Final logs/ALL20m.TXT:2882
RX1133,W7,2023-04-27 16:47:00,5.357,-3,-0.9,1499,CQ,False,Final logs/ALL20m.TXT:2885,Final logs/ALL20m.TXT:2884
RX1134,W7,2023-04-27 16:52:15,5.357,0,-0.9,1499,CQ,False,Final logs/ALL20m.TXT:2887,Final logs/ALL20m.TXT:2886
RX1135,W7,2023-04-27 16:57:30,5.357,0,-0.9,1499,CQ,False,Final logs/ALL20m.TXT:2889,Final logs/ALL20m.TXT:2888
RX1136,W7,2023-04-27 17:02:45,5.357,-6,-0.9,1499,CQ,False,Final logs/ALL20m.TXT:2891,Final logs/ALL20m.TXT:2890
RX1137,W7,2023-04-27 17:08:00,5.357,-4,-0.9,1499,CQ,False,Final logs/ALL20m.TXT:2893,Final logs/ALL20m.TXT:2892
RX1138,W7,2023-04-27 17:13:15,5.357,-3,-0.9,1499,CQ,False,Final logs/ALL20m.TXT:2895,Final logs/ALL20m.TXT:2894
RX1139,W7,2023-04-27 17:18:30,5.357,2,-0.9,1499,CQ,False,Final logs/ALL20m.TXT:2899,Final logs/ALL20m.TXT:2898
RX1140,W7,2023-04-27 17:23:45,5.357,6,-0.9,1499,CQ,False,Final logs/ALL20m.TXT:2901,Final logs/ALL20m.TXT:2900
RX1141,W7,2023-04-27 17:29:00,5.357,7,-0.9,1499,CQ,False,Final logs/ALL20m.TXT:2904,Final logs/ALL20m.TXT:2903
RX1142,W7,2023-04-27 17:34:15,5.357,-6,-0.9,1499,CQ,False,Final logs/ALL20m.TXT:2906,Final logs/ALL20m.TXT:2905
RX1143,W7,2023-04-27 17:39:30,5.357,-13,-0.9,1499,CQ,False,Final logs/ALL20m.TXT:2908,Final logs/ALL20m.TXT:2907
RX1144,W7,2023-04-27 17:44:45,5.357,-4,-0.9,1499,CQ,False,Final logs/ALL20m.TXT:2911,Final logs/ALL20m.TXT:2910
RX1145,W7,2023-04-27 17:50:00,5.357,-5,-0.9,1499,CQ,False,Final logs/ALL20m.TXT:2913,Final logs/ALL20m.TXT:2912
RX1146,W7,2023-04-27 17:55:15,5.357,-2,-0.9,1499,CQ,False,Final logs/ALL20m.TXT:2915,Final logs/ALL20m.TXT:2914
RX1147,W7,2023-04-27 18:00:30,5.357,-2,-0.9,1499,CQ,False,Final logs/ALL20m.TXT:2918,Final logs/ALL20m.TXT:2917
RX1148,W7,2023-04-27 18:05:45,5.357,0,-0.9,1499,CQ,False,Final logs/ALL20m.TXT:2921,Final logs/ALL20m.TXT:2920
RX1149,W7,2023-04-27 18:11:00,5.357,-2,-0.9,1499,CQ,False,Final logs/ALL20m.TXT:2923,Final logs/ALL20m.TXT:2922
RX1150,W7,2023-04-27 18:16:15,5.357,1,-0.9,1499,CQ,False,Final logs/ALL20m.TXT:2927,Final logs/ALL20m.TXT:2926
RX1151,W7,2023-04-27 18:21:30,5.357,-2,-0.9,1499,CQ,False,Final logs/ALL20m.TXT:2929,Final logs/ALL20m.TXT:2928
RX1152,W7,2023-04-27 18:26:45,5.357,-7,-0.9,1499,CQ,False,Final logs/ALL20m.TXT:2931,Final logs/ALL20m.TXT:2930
RX1153,W7,2023-04-27 18:32:00,5.357,-8,-0.9,1499,CQ,False,Final logs/ALL20m.TXT:2934,Final logs/ALL20m.TXT:2933
RX1154,W7,2023-04-27 18:37:15,5.357,-5,-0.9,1499,CQ,False,Final logs/ALL20m.TXT:2936,Final logs/ALL20m.TXT:2935
RX1155,W7,2023-04-27 18:42:30,5.357,-3,-0.9,1499,CQ,False,Final logs/ALL20m.TXT:2938,Final logs/ALL20m.TXT:2937
RX1156,W7,2023-04-27 18:47:45,5.357,-5,-0.9,1499,CQ,False,Final logs/ALL20m.TXT:2940,Final logs/ALL20m.TXT:2939
RX1157,W7,2023-04-27 18:53:00,5.357,-2,-0.9,1500,CQ,False,Final logs/ALL20m.TXT:2942,Final logs/ALL20m.TXT:2941
RX1158,W7,2023-04-27 18:58:15,5.357,-2,-0.9,1499,CQ,False,Final logs/ALL20m.TXT:2944,Final logs/ALL20m.TXT:2943
RX1159,W7,2023-04-27 19:03:30,5.357,5,-0.9,1499,CQ,False,Final logs/ALL20m.TXT:2946,Final logs/ALL20m.TXT:2945
RX1160,W7,2023-04-27 19:08:45,5.357,-2,-0.9,1499,CQ,False,Final logs/ALL20m.TXT:2948,Final logs/ALL20m.TXT:2947
RX1161,W7,2023-04-27 19:14:00,5.357,-2,-0.9,1500,CQ,False,Final logs/ALL20m.TXT:2950,Final logs/ALL20m.TXT:2949
RX1162,W7,2023-04-27 19:19:15,5.357,-4,-0.9,1500,CQ,False,Final logs/ALL20m.TXT:2952,Final logs/ALL20m.TXT:2951
RX1163,W7,2023-04-27 19:24:30,5.357,0,-0.9,1499,CQ,False,Final logs/ALL20m.TXT:2954,Final logs/ALL20m.TXT:2953
RX1164,W7,2023-04-27 19:29:45,5.357,-5,-0.9,1499,CQ,False,Final logs/ALL20m.TXT:2957,Final logs/ALL20m.TXT:2956
RX1165,W7,2023-04-27 19:35:00,5.357,-1,-0.9,1499,CQ,False,Final logs/ALL20m.TXT:2959,Final logs/ALL20m.TXT:2958
RX1166,W7,2023-04-27 19:40:15,5.357,-3,-0.9,1499,CQ,False,Final logs/ALL20m.TXT:2961,Final logs/ALL20m.TXT:2960
RX1167,W7,2023-04-27 19:45:30,5.357,-7,-0.9,1499,CQ,False,Final logs/ALL20m.TXT:2963,Final logs/ALL20m.TXT:2962
RX1168,W7,2023-04-27 19:50:45,5.357,-4,-0.9,1499,CQ,False,Final logs/ALL20m.TXT:2965,Final logs/ALL20m.TXT:2964
RX1169,W7,2023-04-27 19:56:00,5.357,-4,-0.9,1499,CQ,False,Final logs/ALL20m.TXT:2967,Final logs/ALL20m.TXT:2966
RX1170,W7,2023-04-27 20:01:15,5.357,-8,-0.9,1499,CQ,False,Final logs/ALL20m.TXT:2969,Final logs/ALL20m.TXT:2968
RX1171,W7,2023-04-27 20:06:30,5.357,-8,-0.9,1499,CQ,False,Final logs/ALL20m.TXT:2972,Final logs/ALL20m.TXT:2971
RX1172,W7,2023-04-27 20:11:45,5.357,-13,-0.9,1499,CQ,False,Final logs/ALL20m.TXT:2974,Final logs/ALL20m.TXT:2973
RX1173,W7,2023-04-27 20:17:00,5.357,-15,-0.9,1499,CQ,False,Final logs/ALL20m.TXT:2977,Final logs/ALL20m.TXT:2976
RX1174,W7,2023-04-27 20:22:15,5.357,-16,-0.9,1499,CQ,False,Final logs/ALL20m.TXT:2978,Final logs/ALL20m.TXT:2976
RX1175,W7,2023-04-27 20:48:30,5.357,-15,-0.9,1501,CQ,False,Final logs/ALL20m.TXT:2980,Final logs/ALL20m.TXT:2979
RX1176,W7,2023-04-27 20:53:45,5.357,-1,-0.9,1500,CQ,False,Final logs/ALL20m.TXT:2983,Final logs/ALL20m.TXT:2982
RX1177,W7,2023-04-27 20:59:00,5.357,-3,-0.9,1500,CQ,False,Final logs/ALL20m.TXT:2985,Final logs/ALL20m.TXT:2984
